property_id,district,dong,size_type,area_sqm,floor,market_price,jeonse_price,jeonse_ratio,school_score,subway_distance_m,contract_date,avg_price_by_size,price_diff_percent,undervalued_score
PROP_0000,강남구,반포동,20py,61.73,17,259659.0,135561.0,0.52,3,815,2025-02-24,229624.656394453,-0.1307975549191613,37.0
PROP_0001,송파구,대치동,40py,111.54,5,486884.0,257639.0,0.53,4,549,2026-02-01,481442.3174366617,-0.011302875476986331,54.7
PROP_0002,송파구,대치동,20py,62.6,27,218826.0,113652.0,0.52,5,986,2025-03-05,229624.656394453,0.04702742538198025,60.9
PROP_0003,송파구,반포동,30py,84.57,34,354061.0,198565.0,0.56,2,1398,2025-05-24,320710.1926470588,-0.10399048149256583,31.1
PROP_0004,강남구,도곡동,30py,84.37,1,296852.0,168438.0,0.57,1,1438,2025-12-07,320710.1926470588,0.07439175054007317,30.1
PROP_0005,강남구,개포동,30py,84.85,26,312975.0,160302.0,0.51,3,1076,2025-07-10,320710.1926470588,0.024118948584747283,42.5
PROP_0006,강남구,대치동,20py,62.99,33,222255.0,121001.0,0.54,4,307,2025-06-21,229624.656394453,0.03209436003158683,53.8
PROP_0007,서초구,개포동,30py,84.46,15,341060.0,189208.0,0.55,1,352,2025-12-29,320710.1926470588,-0.0634523249322984,16.1
PROP_0008,서초구,개포동,40py,110.14,15,547077.0,324980.0,0.59,1,997,2025-08-23,481442.3174366617,-0.1363292759822119,7.1
PROP_0009,송파구,개포동,20py,61.51,9,236795.0,120337.0,0.51,3,887,2025-11-03,229624.656394453,-0.03122636618442958,31.5
PROP_0010,서초구,대치동,20py,61.56,18,199331.0,110550.0,0.55,5,1211,2026-02-12,229624.656394453,0.13192684474795274,77.8
PROP_0011,송파구,잠실동,20py,62.22,23,250085.0,145530.0,0.58,4,1171,2025-05-10,229624.656394453,-0.08910342611640057,51.7
PROP_0012,서초구,대치동,40py,111.07,20,530203.0,315410.0,0.59,3,1060,2025-07-21,481442.3174366617,-0.10128042508384869,34.8
PROP_0013,서초구,대치동,30py,84.06,2,294429.0,169926.0,0.58,5,990,2025-09-15,320710.1926470588,0.08194685809684019,67.7
PROP_0014,강남구,반포동,40py,117.26,3,492131.0,282541.0,0.57,2,1127,2026-01-08,481442.3174366617,-0.02220137735346563,37.4
PROP_0015,강남구,반포동,40py,112.36,1,418510.0,249139.0,0.6,4,1318,2025-09-13,481442.3174366617,0.13071621491798138,53.7
PROP_0016,강남구,잠실동,40py,116.48,4,515592.0,308937.0,0.6,2,1326,2025-11-26,481442.3174366617,-0.07093203344724891,23.6
PROP_0017,송파구,반포동,20py,60.71,5,219477.0,124507.0,0.57,3,150,2025-05-19,229624.656394453,0.04419236398124939,44.4
PROP_0018,강남구,잠실동,30py,84.81,16,295537.0,171966.0,0.58,2,113,2025-04-17,320710.1926470588,0.0784920255863582,36.5
PROP_0019,송파구,대치동,30py,84.6,34,327679.0,180245.0,0.55,5,352,2025-07-03,320710.1926470588,-0.0217292980164505,63.4
PROP_0020,송파구,개포동,30py,84.37,1,329808.0,166120.0,0.5,3,345,2025-10-18,320710.1926470588,-0.028367690087584208,35.5
PROP_0021,송파구,반포동,40py,112.83,2,519847.0,305261.0,0.59,4,480,2025-10-22,481442.3174366617,-0.07977006003090041,49.6
PROP_0022,강남구,도곡동,20py,60.94,17,202561.0,107772.0,0.53,1,1176,2025-07-10,229624.656394453,0.11786041106997935,24.5
PROP_0023,서초구,반포동,30py,84.84,23,310530.0,156942.0,0.51,1,473,2025-06-15,320710.1926470588,0.031742653898942645,31.5
PROP_0024,서초구,도곡동,30py,84.02,4,292689.0,159364.0,0.54,2,893,2025-11-10,320710.1926470588,0.08737231709344548,38.9
PROP_0025,강남구,대치동,20py,60.68,33,206945.0,110609.0,0.53,3,247,2025-09-05,229624.656394453,0.09876838467857522,42.9
PROP_0026,서초구,개포동,30py,84.76,15,310600.0,176098.0,0.57,3,832,2026-02-03,320710.1926470588,0.03152438830712519,38.5
PROP_0027,서초구,대치동,30py,85.0,14,293840.0,167248.0,0.57,4,1138,2025-09-05,320710.1926470588,0.08378340714798992,49.2
PROP_0028,강남구,도곡동,40py,118.88,24,450160.0,239832.0,0.53,2,300,2025-03-18,481442.3174366617,0.06497625219822346,36.7
PROP_0029,송파구,잠실동,20py,60.2,29,214337.0,126919.0,0.59,1,1270,2025-09-04,229624.656394453,0.06657671974124418,27.7
PROP_0030,서초구,잠실동,40py,119.44,29,487220.0,281935.0,0.58,1,954,2025-09-16,481442.3174366617,-0.012000778398750587,15.4
PROP_0031,서초구,대치동,40py,112.61,2,542758.0,305514.0,0.56,5,930,2025-07-27,481442.3174366617,-0.12735831550870053,59.9
PROP_0032,서초구,개포동,40py,112.11,35,458925.0,253975.0,0.55,1,1149,2025-09-16,481442.3174366617,0.04677054056351009,22.9
PROP_0033,송파구,반포동,40py,116.42,21,530359.0,304502.0,0.57,3,1262,2025-05-07,481442.3174366617,-0.10160445144038209,37.9
PROP_0034,송파구,개포동,30py,84.52,20,289894.0,164903.0,0.57,1,1191,2025-12-01,320710.1926470588,0.09608735036672811,21.9
PROP_0035,강남구,반포동,30py,84.58,25,318578.0,163954.0,0.51,4,579,2025-07-29,320710.1926470588,0.006648346999701638,49.1
PROP_0036,강남구,잠실동,20py,59.88,14,208803.0,108522.0,0.52,2,741,2025-07-01,229624.656394453,0.0906769191139701,40.0
PROP_0037,강남구,개포동,40py,117.79,26,545380.0,317048.0,0.58,4,1155,2025-05-07,481442.3174366617,-0.13280445080889658,55.9
PROP_0038,송파구,도곡동,20py,62.61,7,251946.0,132597.0,0.53,3,594,2026-01-29,229624.656394453,-0.0972079564800874,44.6
PROP_0039,송파구,잠실동,20py,64.3,9,229607.0,135553.0,0.59,1,531,2025-05-28,229624.656394453,7.689241534524593e-05,11.4
PROP_0040,강남구,도곡동,30py,84.59,20,343140.0,179234.0,0.52,4,562,2025-07-08,320710.1926470588,-0.0699379310891599,35.6
PROP_0041,강남구,반포동,30py,84.0,15,331619.0,192132.0,0.58,2,225,2025-12-19,320710.1926470588,-0.03401453275589006,35.0
PROP_0042,강남구,개포동,30py,84.23,27,355866.0,192742.0,0.54,2,663,2025-09-08,320710.1926470588,-0.10961861568157304,27.8
PROP_0043,서초구,대치동,40py,117.93,7,431726.0,257185.0,0.6,5,272,2025-11-19,481442.3174366617,0.1032653666619207,74.1
PROP_0044,서초구,도곡동,20py,63.8,17,237352.0,133100.0,0.56,4,837,2025-11-30,229624.656394453,-0.03365206388060022,56.7
PROP_0045,서초구,반포동,40py,115.49,34,434864.0,228065.0,0.52,2,765,2025-12-24,481442.3174366617,0.09674745187472954,31.5
PROP_0046,송파구,반포동,20py,60.92,33,251621.0,149470.0,0.59,2,1470,2025-05-22,229624.656394453,-0.09579260324623559,32.5
PROP_0047,서초구,개포동,40py,115.55,23,514956.0,301241.0,0.58,2,1465,2025-10-07,481442.3174366617,-0.06961100291676657,20.7
PROP_0048,송파구,잠실동,30py,84.68,28,330090.0,179841.0,0.54,4,1258,2025-07-28,320710.1926470588,-0.029246988614620238,46.4
PROP_0049,강남구,잠실동,20py,59.77,34,197661.0,105507.0,0.53,3,120,2025-09-23,229624.656394453,0.13919958290343742,48.8
PROP_0050,강남구,반포동,30py,84.66,12,309067.0,182030.0,0.59,1,1213,2025-12-04,320710.1926470588,0.036304404767927435,17.3
PROP_0051,서초구,개포동,40py,115.33,27,518565.0,267241.0,0.52,2,1116,2025-04-22,481442.3174366617,-0.07710722804964512,31.8
PROP_0052,서초구,대치동,40py,116.8,35,412128.0,223824.0,0.54,5,141,2025-08-15,481442.3174366617,0.1439722162474441,74.3
PROP_0053,강남구,개포동,30py,84.99,31,343019.0,173060.0,0.5,3,632,2025-08-15,320710.1926470588,-0.06956064342330401,37.1
PROP_0054,강남구,도곡동,20py,64.07,7,221770.0,118573.0,0.53,2,1308,2026-02-03,229624.656394453,0.03420650254979646,21.5
PROP_0055,송파구,도곡동,20py,64.94,25,206668.0,121487.0,0.59,1,882,2025-11-29,229624.656394453,0.09997470112711969,33.8
PROP_0056,서초구,대치동,30py,84.2,33,331724.0,195804.0,0.59,4,1093,2026-01-05,320710.1926470588,-0.034341931143616236,49.1
PROP_0057,송파구,반포동,40py,114.39,6,511151.0,299611.0,0.59,4,849,2025-11-25,481442.3174366617,-0.06170766774619219,49.3
PROP_0058,송파구,개포동,30py,84.7,3,306845.0,167187.0,0.54,2,905,2025-07-11,320710.1926470588,0.043232778268190046,24.7
PROP_0059,강남구,대치동,40py,110.1,34,421347.0,244975.0,0.58,3,935,2025-11-07,481442.3174366617,0.12482350483153737,51.2
PROP_0060,송파구,개포동,30py,84.05,24,290827.0,155268.0,0.53,1,442,2026-01-18,320710.1926470588,0.09317818183578976,23.0
PROP_0061,강남구,대치동,20py,63.99,30,243068.0,134712.0,0.55,5,240,2025-06-04,229624.656394453,-0.05854486106428315,52.5
PROP_0062,송파구,개포동,40py,116.17,17,440775.0,249438.0,0.57,2,1193,2025-03-04,481442.3174366617,0.0844697608909542,37.1
PROP_0063,강남구,도곡동,30py,84.2,16,352774.0,196725.0,0.56,1,736,2025-07-14,320710.1926470588,-0.09997751268300778,25.9
PROP_0064,강남구,반포동,20py,64.09,3,224547.0,117135.0,0.52,3,842,2025-06-28,229624.656394453,0.022112853533161135,42.0
PROP_0065,송파구,반포동,20py,62.03,19,207316.0,115923.0,0.56,4,1246,2025-04-29,229624.656394453,0.09715270452547055,54.8
PROP_0066,서초구,개포동,40py,115.24,13,499222.0,252620.0,0.51,2,797,2025-07-13,481442.3174366617,-0.036930036931532094,20.2
PROP_0067,강남구,대치동,30py,84.48,31,321460.0,192707.0,0.6,4,496,2026-02-15,320710.1926470588,-0.002337959223411257,51.2
PROP_0068,강남구,도곡동,30py,84.88,5,332581.0,171698.0,0.52,4,417,2025-11-24,320710.1926470588,-0.037014125603438496,42.3
PROP_0069,서초구,대치동,30py,84.02,26,364756.0,209210.0,0.57,3,482,2025-06-26,320710.1926470588,-0.13733834584238971,38.8
PROP_0070,송파구,도곡동,40py,115.78,29,501647.0,281668.0,0.56,4,165,2025-08-19,481442.3174366617,-0.04196698510200327,48.3
PROP_0071,송파구,잠실동,30py,84.56,11,306436.0,175166.0,0.57,2,249,2025-04-27,320710.1926470588,0.0445080729403806,35.4
PROP_0072,강남구,반포동,40py,111.29,7,532335.0,309309.0,0.58,3,612,2025-04-01,481442.3174366617,-0.10570878528980521,30.9
PROP_0073,송파구,대치동,20py,62.97,4,208040.0,123144.0,0.59,3,798,2025-12-30,229624.656394453,0.09399973301375143,42.5
PROP_0074,서초구,반포동,20py,63.75,27,225217.0,123296.0,0.55,1,264,2025-05-04,229624.656394453,0.019195048404912787,24.9
PROP_0075,서초구,개포동,20py,60.69,27,255836.0,137870.0,0.54,3,681,2025-05-10,229624.656394453,-0.11414864595603677,34.6
PROP_0076,강남구,대치동,20py,63.96,29,255390.0,131451.0,0.51,5,789,2025-07-11,229624.656394453,-0.11220634582588936,54.0
PROP_0077,서초구,도곡동,40py,110.83,25,534524.0,281572.0,0.53,1,842,2025-09-26,481442.3174366617,-0.11025553974141816,13.8
PROP_0078,강남구,도곡동,20py,60.65,35,255375.0,150050.0,0.59,4,237,2025-03-18,229624.656394453,-0.11214102183048082,44.0
PROP_0079,강남구,도곡동,20py,64.83,30,207686.0,120895.0,0.58,1,152,2026-01-30,229624.656394453,0.0955413793053931,25.2
PROP_0080,서초구,반포동,40py,116.58,4,418685.0,216138.0,0.52,2,681,2025-03-23,481442.3174366617,0.13035272381289584,37.9
PROP_0081,서초구,반포동,20py,62.42,17,253709.0,127176.0,0.5,1,355,2025-06-26,229624.656394453,-0.10488570340710507,12.8
PROP_0082,서초구,잠실동,30py,84.74,7,320293.0,171073.0,0.53,3,609,2026-01-23,320710.1926470588,0.001300840000174013,45.9
PROP_0083,강남구,반포동,20py,62.87,25,206204.0,112996.0,0.55,4,1057,2025-06-09,229624.656394453,0.10199539005175735,55.8
PROP_0084,송파구,반포동,20py,61.45,2,233283.0,136555.0,0.59,2,353,2025-04-28,229624.656394453,-0.015931841392775547,27.3
PROP_0085,강남구,잠실동,20py,59.35,34,227427.0,117467.0,0.52,3,1398,2025-10-11,229624.656394453,0.009570646414720472,38.0
PROP_0086,서초구,잠실동,30py,84.82,9,285881.0,153310.0,0.54,4,1034,2025-11-16,320710.1926470588,0.10860020493763443,52.3
PROP_0087,강남구,반포동,40py,110.59,13,449490.0,259909.0,0.58,4,1242,2025-12-08,481442.3174366617,0.06636790385769385,47.4
PROP_0088,서초구,대치동,40py,111.77,29,423314.0,226360.0,0.53,3,683,2025-10-28,481442.3174366617,0.1207378648103758,47.4
PROP_0089,강남구,대치동,40py,113.17,1,539391.0,283169.0,0.52,4,362,2025-05-30,481442.3174366617,-0.12036474664685455,56.7
PROP_0090,강남구,도곡동,20py,63.7,4,257033.0,130515.0,0.51,3,1361,2025-04-21,229624.656394453,-0.11936150078963867,35.7
PROP_0091,강남구,반포동,40py,117.42,1,526010.0,314709.0,0.6,1,1340,2025-08-31,481442.3174366617,-0.09257117820599893,11.5
PROP_0092,송파구,반포동,20py,60.86,11,262614.0,132846.0,0.51,1,801,2025-05-11,229624.656394453,-0.14366638201464468,14.9
PROP_0093,강남구,개포동,40py,119.65,14,438848.0,241563.0,0.55,4,229,2025-06-07,481442.3174366617,0.08847231723095338,65.2
PROP_0094,송파구,반포동,20py,62.83,30,243007.0,128010.0,0.53,4,157,2025-07-24,229624.656394453,-0.05827921014962174,50.4
PROP_0095,강남구,개포동,40py,114.23,7,430558.0,245373.0,0.57,3,941,2025-12-28,481442.3174366617,0.1056914101518631,50.3
PROP_0096,송파구,반포동,20py,60.69,20,237183.0,128553.0,0.54,1,236,2025-06-18,229624.656394453,-0.03291608019899728,13.3
PROP_0097,서초구,도곡동,40py,118.46,22,454356.0,242683.0,0.53,3,604,2025-06-20,481442.3174366617,0.05626077404428652,40.0
PROP_0098,서초구,개포동,40py,113.75,34,443781.0,245072.0,0.55,3,888,2025-05-12,481442.3174366617,0.078226022251599,41.4
PROP_0099,송파구,도곡동,40py,115.13,15,425684.0,232709.0,0.55,3,496,2025-04-06,481442.3174366617,0.11581515670150293,52.6
PROP_0100,강남구,반포동,20py,64.16,14,195953.0,112466.0,0.57,4,1141,2025-07-03,229624.656394453,0.1466378085139571,65.4
PROP_0101,강남구,대치동,40py,115.27,16,473361.0,252336.0,0.53,5,1187,2025-10-01,481442.3174366617,0.016785640031995862,61.6
PROP_0102,송파구,개포동,20py,62.52,16,209529.0,110557.0,0.53,2,1372,2025-03-13,229624.656394453,0.08751523773619652,41.4
PROP_0103,강남구,반포동,30py,84.25,29,278526.0,155376.0,0.56,1,968,2025-05-14,320710.1926470588,0.13153368247788264,26.6
PROP_0104,송파구,개포동,20py,60.31,14,254972.0,134265.0,0.53,1,190,2026-01-10,229624.656394453,-0.11038598382050456,11.4
PROP_0105,강남구,대치동,40py,116.68,20,451174.0,226873.0,0.5,5,801,2025-04-11,481442.3174366617,0.06287008088075634,69.4
PROP_0106,송파구,대치동,40py,112.86,6,444579.0,225461.0,0.51,5,867,2025-12-09,481442.3174366617,0.0765685028124089,70.7
PROP_0107,서초구,대치동,20py,63.28,1,220956.0,126654.0,0.57,4,283,2025-06-24,229624.656394453,0.03775141803396684,52.9
PROP_0108,강남구,반포동,20py,64.07,11,219776.0,128406.0,0.58,2,780,2025-05-14,229624.656394453,0.042890239006105724,33.6
PROP_0109,강남구,대치동,30py,84.15,29,309339.0,155074.0,0.5,4,1015,2025-08-25,320710.1926470588,0.03545628703972247,57.7
PROP_0110,강남구,개포동,40py,114.4,17,449685.0,253806.0,0.56,4,123,2025-05-05,481442.3174366617,0.0659628709120271,58.8
PROP_0111,송파구,개포동,40py,111.39,30,537588.0,318928.0,0.59,3,1472,2025-09-01,481442.3174366617,-0.11661974971845887,38.7
PROP_0112,서초구,잠실동,20py,64.98,34,209753.0,121896.0,0.58,1,796,2025-07-16,229624.656394453,0.08653973273809558,31.6
PROP_0113,강남구,반포동,30py,84.86,20,364512.0,212576.0,0.58,4,1314,2025-09-02,320710.1926470588,-0.13657753435091172,42.1
PROP_0114,송파구,반포동,30py,84.08,32,362360.0,197750.0,0.55,4,1060,2025-05-03,320710.1926470588,-0.12986742644246657,39.9
PROP_0115,강남구,개포동,40py,115.92,27,445650.0,242964.0,0.55,4,789,2026-01-10,481442.3174366617,0.07434393724928534,50.3
PROP_0116,강남구,잠실동,40py,116.35,33,421676.0,217295.0,0.52,2,1302,2025-12-03,481442.3174366617,0.12414014155397654,39.1
PROP_0117,강남구,대치동,20py,62.97,2,224383.0,112952.0,0.5,3,880,2025-04-18,229624.656394453,0.022827062549627897,37.8
PROP_0118,송파구,잠실동,30py,84.79,1,357588.0,212801.0,0.6,4,598,2025-03-12,320710.1926470588,-0.11498794924028241,38.6
PROP_0119,서초구,도곡동,30py,84.75,24,326340.0,195012.0,0.6,3,1485,2025-06-29,320710.1926470588,-0.017554189052970914,41.0
PROP_0120,서초구,반포동,30py,84.92,24,286915.0,146515.0,0.51,4,808,2025-07-12,320710.1926470588,0.10537611033850233,53.9
PROP_0121,송파구,잠실동,30py,84.77,24,354302.0,187414.0,0.53,4,538,2025-08-12,320710.1926470588,-0.1047419387443945,50.1
PROP_0122,송파구,개포동,40py,114.96,4,470496.0,248584.0,0.53,3,1450,2025-05-06,481442.3174366617,0.02273650869525357,44.8
PROP_0123,송파구,반포동,20py,62.42,23,208171.0,109442.0,0.53,3,746,2025-09-20,229624.656394453,0.09342923678718347,53.6
PROP_0124,송파구,반포동,30py,84.14,27,317188.0,175384.0,0.55,4,479,2025-10-03,320710.1926470588,0.010982478037219655,54.6
PROP_0125,송파구,개포동,40py,118.53,21,417371.0,247915.0,0.59,3,1147,2026-02-03,481442.3174366617,0.13308202273908104,43.6
PROP_0126,강남구,잠실동,40py,119.76,13,420440.0,215969.0,0.51,2,203,2025-05-28,481442.3174366617,0.12670742730189505,44.0
PROP_0127,서초구,도곡동,20py,62.17,10,225597.0,120791.0,0.54,2,1261,2025-06-02,229624.656394453,0.01754017385456298,31.6
PROP_0128,송파구,도곡동,40py,119.99,22,424172.0,254295.0,0.6,1,1326,2025-12-24,481442.3174366617,0.11895571984944207,28.3
PROP_0129,송파구,반포동,20py,62.18,9,246106.0,126467.0,0.51,4,478,2025-06-28,229624.656394453,-0.07177514760102716,51.7
PROP_0130,송파구,도곡동,30py,84.7,26,339073.0,187828.0,0.55,4,201,2025-04-10,320710.1926470588,-0.05725670020456581,43.8
PROP_0131,강남구,도곡동,30py,84.49,22,288627.0,154250.0,0.53,1,308,2026-01-22,320710.1926470588,0.10003795757862402,24.4
PROP_0132,강남구,도곡동,30py,84.63,15,288537.0,160045.0,0.55,3,965,2026-01-13,320710.1926470588,0.10031858476810361,43.2
PROP_0133,송파구,대치동,30py,84.47,24,296489.0,153007.0,0.52,4,660,2025-07-21,320710.1926470588,0.07552361353764082,61.6
PROP_0134,서초구,반포동,30py,84.79,29,354009.0,208972.0,0.59,2,863,2025-07-26,320710.1926470588,-0.1038283413386443,35.8
PROP_0135,서초구,잠실동,30py,84.64,33,288688.0,168618.0,0.58,2,1027,2026-02-10,320710.1926470588,0.09984775470575454,32.1
PROP_0136,서초구,대치동,20py,59.41,12,197604.0,112828.0,0.57,5,432,2025-09-13,229624.656394453,0.13944781408598989,69.3
PROP_0137,강남구,잠실동,40py,113.52,31,480650.0,250790.0,0.52,4,374,2025-09-18,481442.3174366617,0.0016457162321754663,53.6
PROP_0138,송파구,잠실동,40py,116.27,27,438243.0,224189.0,0.51,2,1390,2025-06-18,481442.3174366617,0.08972895790853484,34.9
PROP_0139,서초구,개포동,20py,62.79,17,212840.0,107267.0,0.5,3,158,2025-06-20,229624.656394453,0.073096054483017,46.2
PROP_0140,송파구,개포동,30py,84.05,28,319238.0,173027.0,0.54,1,800,2025-09-13,320710.1926470588,0.004590414276851357,19.5
PROP_0141,서초구,대치동,20py,59.35,5,253000.0,135091.0,0.53,5,715,2025-08-13,229624.656394453,-0.1017980558907945,60.5
PROP_0142,송파구,반포동,40py,111.6,27,539709.0,315248.0,0.58,1,432,2025-04-07,481442.3174366617,-0.12102526191209573,14.0
PROP_0143,서초구,반포동,40py,117.65,27,441777.0,262261.0,0.59,4,453,2025-03-10,481442.3174366617,0.08238851467783581,61.7
PROP_0144,강남구,잠실동,30py,84.59,18,290071.0,160697.0,0.55,3,507,2025-08-21,320710.1926470588,0.09553545022741826,47.2
PROP_0145,송파구,개포동,30py,84.93,1,324024.0,185710.0,0.57,1,518,2025-07-24,320710.1926470588,-0.010332716043696288,23.7
PROP_0146,서초구,개포동,40py,118.53,19,519375.0,271303.0,0.52,1,350,2025-08-12,481442.3174366617,-0.07878967259318395,23.8
PROP_0147,서초구,대치동,20py,59.62,12,234773.0,139233.0,0.59,4,1228,2025-10-19,229624.656394453,-0.022420691603357697,54.3
PROP_0148,서초구,개포동,20py,61.01,23,218394.0,125814.0,0.58,2,1043,2025-05-04,229624.656394453,0.04890875644974635,36.5
PROP_0149,서초구,개포동,30py,84.73,32,280462.0,162828.0,0.58,4,324,2025-12-21,320710.1926470588,0.12549707982418848,57.5
PROP_0150,서초구,도곡동,40py,119.89,22,457080.0,235939.0,0.52,1,352,2026-02-06,481442.3174366617,0.05060277535712631,19.9
PROP_0151,송파구,반포동,40py,118.24,2,491843.0,278205.0,0.57,4,1064,2025-05-14,481442.3174366617,-0.02160317484909627,49.0
PROP_0152,서초구,대치동,40py,115.76,29,453170.0,247501.0,0.55,5,553,2025-07-20,481442.3174366617,0.05872420519075201,70.2
PROP_0153,송파구,반포동,40py,111.01,21,418943.0,232201.0,0.55,2,339,2025-03-25,481442.3174366617,0.12981683406939828,40.4
PROP_0154,강남구,도곡동,40py,112.22,19,516989.0,298554.0,0.58,1,790,2025-03-19,481442.3174366617,-0.07383373101184612,15.9
PROP_0155,강남구,개포동,30py,84.49,27,306121.0,158903.0,0.52,3,331,2025-06-21,320710.1926470588,0.04549026810355915,30.0
PROP_0156,서초구,잠실동,20py,62.94,11,199095.0,100704.0,0.51,2,511,2026-01-23,229624.656394453,0.1329546089423805,42.8
PROP_0157,송파구,도곡동,40py,118.7,34,459134.0,264556.0,0.58,3,598,2025-10-02,481442.3174366617,0.04633642832943649,48.0
PROP_0158,강남구,개포동,30py,84.32,10,351891.0,203052.0,0.58,2,1221,2025-11-16,320710.1926470588,-0.09722424814622475,29.0
PROP_0159,송파구,도곡동,30py,84.52,2,311456.0,180805.0,0.58,1,1284,2025-08-22,320710.1926470588,0.028855311927186038,27.4
PROP_0160,서초구,개포동,40py,119.04,32,526714.0,275993.0,0.52,3,1469,2025-06-06,481442.3174366617,-0.09403345099445737,30.9
PROP_0161,송파구,개포동,30py,84.57,25,287710.0,147203.0,0.51,2,1025,2025-11-25,320710.1926470588,0.10289723683143268,45.3
PROP_0162,서초구,개포동,40py,114.62,28,421351.0,218563.0,0.52,2,410,2026-01-29,481442.3174366617,0.12481519646342112,37.0
PROP_0163,송파구,도곡동,40py,113.06,1,473995.0,280472.0,0.59,1,1254,2025-10-16,481442.3174366617,0.015468763685571643,22.2
PROP_0164,송파구,반포동,20py,64.64,9,216400.0,125431.0,0.58,2,754,2025-08-19,229624.656394453,0.057592492906055615,32.3
PROP_0165,강남구,대치동,20py,62.4,23,226249.0,116655.0,0.52,5,1121,2025-09-11,229624.656394453,0.014700757520804882,64.4
PROP_0166,송파구,대치동,40py,114.08,32,542692.0,280044.0,0.52,5,1254,2025-10-22,481442.3174366617,-0.12722122743478254,56.7
PROP_0167,강남구,반포동,20py,64.38,24,239785.0,140752.0,0.59,3,134,2025-11-06,229624.656394453,-0.04424761593586624,42.7
PROP_0168,강남구,잠실동,40py,114.88,11,535067.0,308997.0,0.58,1,139,2025-07-11,481442.3174366617,-0.1113834007131979,19.9
PROP_0169,송파구,대치동,30py,84.12,5,333093.0,185177.0,0.56,5,923,2025-06-17,320710.1926470588,-0.038610582503589015,60.2
PROP_0170,강남구,대치동,40py,110.31,7,502705.0,296372.0,0.59,4,587,2025-12-27,481442.3174366617,-0.04416454846874905,40.9
PROP_0171,강남구,도곡동,40py,115.85,28,526746.0,301507.0,0.57,2,466,2025-09-10,481442.3174366617,-0.0940999179393873,20.8
PROP_0172,강남구,잠실동,30py,84.94,22,339535.0,182789.0,0.54,2,1032,2025-12-17,320710.1926470588,-0.05869725311056101,28.2
PROP_0173,서초구,개포동,20py,60.86,4,244436.0,133545.0,0.55,4,583,2025-04-01,229624.656394453,-0.06450240944554247,44.5
PROP_0174,강남구,개포동,40py,111.31,16,504167.0,260168.0,0.52,1,258,2025-03-18,481442.3174366617,-0.047201257015235185,23.2
PROP_0175,강남구,도곡동,40py,112.39,29,517002.0,274289.0,0.53,1,991,2025-06-23,481442.3174366617,-0.07386073320822391,15.6
PROP_0176,강남구,잠실동,20py,60.57,5,237453.0,120762.0,0.51,3,881,2025-03-19,229624.656394453,-0.03409191211635109,27.2
PROP_0177,송파구,대치동,30py,84.76,24,345694.0,186535.0,0.54,3,1028,2025-02-18,320710.1926470588,-0.07790150711061386,40.1
PROP_0178,서초구,대치동,20py,61.55,28,212013.0,123817.0,0.58,5,801,2025-09-27,229624.656394453,0.07669758409654144,55.8
PROP_0179,송파구,반포동,40py,119.34,28,482598.0,272638.0,0.56,4,327,2026-01-23,481442.3174366617,-0.002400459040433963,46.4
PROP_0180,서초구,반포동,40py,110.37,28,473806.0,258241.0,0.55,4,1334,2025-11-25,481442.3174366617,0.015861334079064038,50.5
PROP_0181,강남구,개포동,40py,117.51,6,519981.0,299810.0,0.58,1,242,2025-06-22,481442.3174366617,-0.08004839036279449,20.8
PROP_0182,강남구,대치동,20py,62.68,4,247519.0,129277.0,0.52,4,802,2025-12-28,229624.656394453,-0.07792866796851211,47.4
PROP_0183,송파구,대치동,40py,116.47,15,421819.0,212447.0,0.5,5,493,2025-09-02,481442.3174366617,0.12384311739382091,72.9
PROP_0184,강남구,대치동,20py,59.77,15,239712.0,143350.0,0.6,3,821,2025-08-21,229624.656394453,-0.04392970582487799,45.5
PROP_0185,서초구,대치동,20py,62.22,26,255623.0,135859.0,0.53,4,580,2025-08-04,229624.656394453,-0.11322104522123543,50.0
PROP_0186,서초구,대치동,30py,84.72,17,287727.0,157893.0,0.55,4,1129,2025-10-05,320710.1926470588,0.10284422947341987,53.8
PROP_0187,송파구,도곡동,40py,113.98,6,507624.0,285759.0,0.56,3,1198,2025-05-04,481442.3174366617,-0.05438176415969658,41.8
PROP_0188,서초구,반포동,30py,84.69,12,303435.0,163936.0,0.54,2,947,2026-01-28,320710.1926470588,0.053865430669583166,29.3
PROP_0189,서초구,대치동,40py,110.46,3,478109.0,247864.0,0.52,3,114,2025-04-05,481442.3174366617,0.006923607078017643,26.7
PROP_0190,서초구,반포동,20py,64.39,34,218245.0,119644.0,0.55,1,1300,2025-11-02,229624.656394453,0.04955764147080456,23.4
PROP_0191,강남구,잠실동,20py,63.29,14,230608.0,136186.0,0.59,4,1245,2025-04-01,229624.656394453,-0.004282395544918332,54.0
PROP_0192,강남구,반포동,40py,114.38,22,433867.0,232933.0,0.54,1,1457,2025-05-01,481442.3174366617,0.09881831262770263,17.2
PROP_0193,송파구,대치동,30py,84.76,7,356669.0,205249.0,0.58,5,573,2025-06-17,320710.1926470588,-0.11212243382770755,45.9
PROP_0194,강남구,잠실동,20py,61.8,16,260529.0,138518.0,0.53,3,1318,2026-01-03,229624.656394453,-0.13458634665285693,30.6
PROP_0195,강남구,반포동,40py,115.18,18,451273.0,237230.0,0.53,4,843,2025-12-10,481442.3174366617,0.06266444876987937,53.7
PROP_0196,서초구,도곡동,40py,113.27,20,515336.0,303571.0,0.59,4,1346,2025-12-13,481442.3174366617,-0.07040029788780948,57.2
PROP_0197,강남구,반포동,20py,59.05,28,227281.0,117587.0,0.52,3,321,2025-11-16,229624.656394453,0.010206466636696977,34.8
PROP_0198,강남구,잠실동,20py,60.45,2,206029.0,110370.0,0.54,3,333,2025-10-28,229624.656394453,0.10275750333152371,47.4
PROP_0199,강남구,대치동,30py,84.67,2,313763.0,188167.0,0.6,5,1335,2025-02-21,320710.1926470588,0.02166190163685937,62.5
PROP_0200,서초구,도곡동,20py,62.96,17,235851.0,129862.0,0.55,1,1001,2025-06-23,229624.656394453,-0.027115309406718472,18.1
PROP_0201,송파구,도곡동,20py,60.49,18,258800.0,133617.0,0.52,3,1476,2025-12-08,229624.656394453,-0.1270566674487653,44.2
PROP_0202,강남구,반포동,20py,63.75,31,240930.0,135558.0,0.56,2,164,2025-11-13,229624.656394453,-0.04923401425205185,27.0
PROP_0203,서초구,반포동,30py,84.88,5,292976.0,151746.0,0.52,2,1053,2025-07-17,320710.1926470588,0.08647742816699391,39.6
PROP_0204,송파구,대치동,30py,84.92,28,348982.0,208062.0,0.6,3,643,2025-08-27,320710.1926470588,-0.08815375376626798,34.9
PROP_0205,송파구,대치동,40py,110.23,17,551389.0,322053.0,0.58,3,168,2025-12-13,481442.3174366617,-0.14528569681151982,33.7
PROP_0206,서초구,잠실동,20py,60.57,3,226545.0,124204.0,0.55,1,192,2025-09-17,229624.656394453,0.013411697344742925,18.3
PROP_0207,서초구,개포동,40py,119.82,18,416252.0,209488.0,0.5,1,516,2025-08-26,481442.3174366617,0.1354062887195995,27.9
PROP_0208,송파구,반포동,20py,61.65,5,227724.0,116366.0,0.51,1,542,2025-10-06,229624.656394453,0.008277231305631278,18.9
PROP_0209,강남구,도곡동,40py,113.88,26,463308.0,264041.0,0.57,2,788,2025-02-21,481442.3174366617,0.037666646200138876,32.1
PROP_0210,서초구,개포동,30py,84.55,9,350009.0,189623.0,0.54,3,280,2025-10-12,320710.1926470588,-0.09135602180621835,31.8
PROP_0211,송파구,반포동,20py,60.59,4,197288.0,99592.0,0.5,4,1490,2025-05-11,229624.656394453,0.14082397292259657,56.0
PROP_0212,서초구,반포동,40py,110.41,14,522006.0,279258.0,0.53,4,1025,2025-07-07,481442.3174366617,-0.08425450172164156,51.3
PROP_0213,송파구,도곡동,20py,59.14,3,223865.0,115909.0,0.52,2,1399,2025-06-10,229624.656394453,0.025082917857736323,35.9
PROP_0214,서초구,대치동,20py,59.03,32,258052.0,149002.0,0.58,4,1294,2025-03-06,229624.656394453,-0.1237991775443925,56.3
PROP_0215,강남구,도곡동,40py,114.82,3,483904.0,247198.0,0.51,3,1055,2026-01-06,481442.3174366617,-0.005113141230386691,37.0
PROP_0216,송파구,도곡동,40py,112.24,27,526803.0,290050.0,0.55,2,216,2025-12-10,481442.3174366617,-0.09421831218504373,29.7
PROP_0217,서초구,대치동,40py,118.72,10,422599.0,222186.0,0.53,3,990,2025-06-04,481442.3174366617,0.1222229856111539,44.7
PROP_0218,송파구,잠실동,30py,84.84,33,304629.0,166715.0,0.55,4,1186,2025-12-11,320710.1926470588,0.05014244328915402,42.5
PROP_0219,서초구,대치동,30py,84.94,32,336947.0,171746.0,0.51,3,660,2025-09-19,320710.1926470588,-0.05062766237308142,36.4
PROP_0220,강남구,도곡동,40py,112.52,8,414660.0,211709.0,0.51,4,961,2025-03-13,481442.3174366617,0.13871301922986348,53.5
PROP_0221,송파구,도곡동,40py,112.23,20,495743.0,247993.0,0.5,1,504,2025-08-19,481442.3174366617,-0.02970383376243137,28.0
PROP_0222,강남구,반포동,20py,64.37,8,247998.0,147191.0,0.59,2,840,2025-09-20,229624.656394453,-0.08001468088855831,28.8
PROP_0223,강남구,대치동,20py,62.03,35,219253.0,128452.0,0.59,4,788,2025-12-06,229624.656394453,0.04516786897935033,55.7
PROP_0224,서초구,잠실동,20py,63.33,8,222531.0,126031.0,0.57,1,1325,2026-01-11,229624.656394453,0.0308923985160696,23.0
PROP_0225,송파구,잠실동,20py,63.22,31,234007.0,132862.0,0.57,4,235,2025-11-23,229624.656394453,-0.01908481290449466,50.3
PROP_0226,송파구,도곡동,40py,114.31,33,467734.0,273902.0,0.59,2,1477,2025-12-23,481442.3174366617,0.028473436879518067,29.6
PROP_0227,서초구,잠실동,30py,84.87,32,302819.0,158796.0,0.52,4,875,2025-04-16,320710.1926470588,0.055786167877576766,49.8
PROP_0228,강남구,반포동,40py,115.66,12,489304.0,277076.0,0.57,1,254,2025-07-27,481442.3174366617,-0.016329438187312213,19.0
PROP_0229,서초구,도곡동,20py,60.16,33,247028.0,132668.0,0.54,4,261,2025-07-30,229624.656394453,-0.07579039585213906,45.1
PROP_0230,강남구,잠실동,20py,63.56,29,212420.0,124691.0,0.59,3,353,2025-05-24,229624.656394453,0.07492512635445625,36.0
PROP_0231,송파구,잠실동,30py,84.88,26,289778.0,165530.0,0.57,4,1421,2025-11-14,320710.1926470588,0.09644904763316846,47.7
PROP_0232,서초구,개포동,40py,110.98,1,535913.0,286526.0,0.53,2,536,2025-03-02,481442.3174366617,-0.1131406205697829,19.0
PROP_0233,강남구,도곡동,20py,64.37,13,248435.0,134781.0,0.54,2,452,2025-04-22,229624.656394453,-0.0819177866214606,20.9
PROP_0234,강남구,잠실동,20py,60.42,6,204652.0,113192.0,0.55,2,1404,2025-07-26,229624.656394453,0.10875424611002815,38.3
PROP_0235,송파구,반포동,30py,84.05,11,367900.0,183967.0,0.5,4,526,2026-02-11,320710.1926470588,-0.1471415889948765,41.5
PROP_0236,송파구,개포동,30py,84.66,32,330008.0,179958.0,0.55,3,487,2025-08-25,320710.1926470588,-0.028991306064205507,45.3
PROP_0237,송파구,대치동,20py,59.34,32,234445.0,138425.0,0.59,4,769,2025-06-20,229624.656394453,-0.020992273570424175,51.3
PROP_0238,서초구,도곡동,30py,84.26,27,331326.0,194087.0,0.59,3,600,2025-05-13,320710.1926470588,-0.03310093535013985,29.0
PROP_0239,송파구,반포동,40py,111.42,29,428281.0,232602.0,0.54,1,287,2025-11-21,481442.3174366617,0.11042094870203337,28.4
PROP_0240,송파구,개포동,40py,110.21,2,538195.0,314231.0,0.58,1,1286,2025-12-11,481442.3174366617,-0.11788054458009846,11.6
PROP_0241,서초구,잠실동,30py,84.05,30,283064.0,160930.0,0.57,3,416,2025-10-23,320710.1926470588,0.11738383596834541,40.9
PROP_0242,서초구,잠실동,20py,61.0,25,223709.0,127103.0,0.57,3,1115,2025-08-03,229624.656394453,0.02576228740998519,43.0
PROP_0243,강남구,개포동,40py,112.18,4,429399.0,234773.0,0.55,4,938,2025-11-05,481442.3174366617,0.10809875981354398,61.7
PROP_0244,서초구,잠실동,30py,84.35,12,294795.0,161846.0,0.55,2,1496,2025-03-14,320710.1926470588,0.08080564085962322,28.5
PROP_0245,서초구,도곡동,30py,84.51,34,329109.0,167435.0,0.51,1,193,2025-08-24,320710.1926470588,-0.026188152249292773,25.7
PROP_0246,강남구,대치동,40py,119.76,31,469507.0,235412.0,0.5,5,990,2025-11-07,481442.3174366617,0.02479075271199419,68.4
PROP_0247,강남구,대치동,40py,113.81,32,482920.0,244403.0,0.51,5,1052,2025-07-17,481442.3174366617,-0.003069282673791374,66.5
PROP_0248,강남구,도곡동,30py,84.7,12,289726.0,170228.0,0.59,4,1042,2026-01-23,320710.1926470588,0.09661118778708999,55.5
PROP_0249,송파구,잠실동,30py,84.31,19,340823.0,204136.0,0.6,4,558,2025-08-25,320710.1926470588,-0.06271334000000216,56.4
PROP_0250,서초구,개포동,20py,59.94,10,221987.0,120122.0,0.54,3,464,2025-07-29,229624.656394453,0.03326148208288617,43.0
PROP_0251,강남구,반포동,20py,60.52,31,206310.0,117806.0,0.57,4,214,2025-04-28,229624.656394453,0.1015337671508703,62.3
PROP_0252,강남구,도곡동,40py,119.63,2,469119.0,254970.0,0.54,2,462,2025-12-05,481442.3174366617,0.02559666441926958,28.6
PROP_0253,서초구,반포동,20py,61.32,8,211691.0,106157.0,0.5,2,1157,2025-09-17,229624.656394453,0.07809987253131155,31.2
PROP_0254,강남구,잠실동,20py,59.61,5,235216.0,140495.0,0.6,3,1102,2025-09-03,229624.656394453,-0.024349926934423397,44.0
PROP_0255,서초구,잠실동,20py,62.44,7,198811.0,107337.0,0.54,4,460,2025-11-24,229624.656394453,0.13419140992211562,47.6
PROP_0256,서초구,잠실동,20py,59.5,30,244462.0,130690.0,0.53,4,820,2025-11-12,229624.656394453,-0.06461563770425062,53.9
PROP_0257,강남구,개포동,40py,114.36,16,423609.0,245363.0,0.58,2,327,2025-08-10,481442.3174366617,0.12012512266180302,45.6
PROP_0258,서초구,개포동,20py,61.06,3,255568.0,129591.0,0.51,3,768,2025-07-23,229624.656394453,-0.11298152390473742,30.0
PROP_0259,서초구,개포동,30py,84.43,5,306114.0,169258.0,0.55,4,263,2025-06-05,320710.1926470588,0.04551209466274089,47.9
PROP_0260,서초구,대치동,20py,63.28,20,216577.0,123653.0,0.57,5,1072,2025-08-08,229624.656394453,0.05682166976023478,66.6
PROP_0261,송파구,도곡동,30py,84.46,2,304504.0,170831.0,0.56,3,335,2026-02-14,320710.1926470588,0.05053220327454233,48.2
PROP_0262,강남구,도곡동,40py,115.76,16,497821.0,287431.0,0.58,2,243,2025-09-14,481442.3174366617,-0.03402003099881864,23.7
PROP_0263,서초구,반포동,30py,84.44,4,280454.0,152049.0,0.54,1,686,2025-04-10,320710.1926470588,0.12552202446325333,26.6
PROP_0264,서초구,반포동,20py,64.22,10,229069.0,129232.0,0.56,2,1133,2025-03-11,229624.656394453,0.002419846383998398,30.8
PROP_0265,서초구,잠실동,20py,61.0,29,209600.0,121300.0,0.58,3,1155,2025-12-13,229624.656394453,0.08720603749126274,44.0
PROP_0266,강남구,대치동,30py,84.51,11,362039.0,209039.0,0.58,3,1477,2025-04-23,320710.1926470588,-0.1288665227999894,33.3
PROP_0267,송파구,대치동,20py,62.34,35,213869.0,115192.0,0.54,5,1069,2026-01-04,229624.656394453,0.0686148283979908,62.9
PROP_0268,강남구,개포동,30py,84.15,31,340251.0,177680.0,0.52,3,1394,2025-02-22,320710.1926470588,-0.06092979830686525,35.3
PROP_0269,강남구,잠실동,40py,118.21,33,449965.0,260966.0,0.58,1,1337,2025-03-24,481442.3174366617,0.06538128514389022,29.4
PROP_0270,서초구,잠실동,40py,111.6,26,539015.0,313984.0,0.58,1,205,2025-02-24,481442.3174366617,-0.11958376004392789,17.0
PROP_0271,서초구,반포동,30py,84.65,11,354190.0,207448.0,0.59,4,933,2025-11-04,320710.1926470588,-0.10439271379748657,47.4
PROP_0272,서초구,반포동,30py,84.64,14,344572.0,179318.0,0.52,2,832,2025-07-20,320710.1926470588,-0.07440302148176837,27.6
PROP_0273,송파구,도곡동,20py,59.77,2,214278.0,109713.0,0.51,4,887,2026-01-21,229624.656394453,0.06683366078985113,61.7
PROP_0274,송파구,대치동,30py,84.47,10,272843.0,143331.0,0.53,5,694,2025-05-03,320710.1926470588,0.14925373045357682,69.4
PROP_0275,서초구,반포동,40py,111.92,5,531181.0,281427.0,0.53,2,511,2025-07-14,481442.3174366617,-0.10331182108826964,31.1
PROP_0276,송파구,반포동,40py,117.74,28,493219.0,291384.0,0.59,2,423,2025-02-17,481442.3174366617,-0.024461253481083217,30.7
PROP_0277,송파구,도곡동,40py,115.93,17,528323.0,289478.0,0.55,2,1180,2025-06-22,481442.3174366617,-0.09737549206921535,26.4
PROP_0278,서초구,대치동,40py,118.63,24,442318.0,231125.0,0.52,3,179,2025-06-14,481442.3174366617,0.0812648078901142,49.3
PROP_0279,송파구,대치동,40py,111.59,7,515894.0,289977.0,0.56,5,644,2025-04-13,481442.3174366617,-0.07155931524002511,62.5
PROP_0280,서초구,대치동,30py,84.86,14,288521.0,162990.0,0.56,4,800,2025-06-04,320710.1926470588,0.10036847404623331,51.7
PROP_0281,송파구,개포동,30py,84.53,17,363572.0,202786.0,0.56,3,106,2026-01-12,320710.1926470588,-0.13364653926079162,29.3
PROP_0282,서초구,반포동,40py,112.66,26,468301.0,257840.0,0.55,4,335,2025-02-22,481442.3174366617,0.027295725699040888,48.1
PROP_0283,강남구,반포동,20py,61.9,27,204923.0,104140.0,0.51,1,1390,2025-11-08,229624.656394453,0.10757405925964711,21.6
PROP_0284,강남구,도곡동,30py,84.69,4,310030.0,162249.0,0.52,4,415,2025-07-21,320710.1926470588,0.03330169384049589,54.3
PROP_0285,송파구,개포동,30py,84.73,8,293151.0,173321.0,0.59,4,1272,2025-05-04,320710.1926470588,0.08593176418745029,44.5
PROP_0286,송파구,잠실동,20py,60.37,25,226281.0,120681.0,0.53,3,1042,2025-09-07,229624.656394453,0.014561399663933319,43.0
PROP_0287,송파구,잠실동,20py,59.7,18,203203.0,109388.0,0.54,2,1203,2025-10-04,229624.656394453,0.11506454406649362,33.7
PROP_0288,송파구,개포동,40py,111.13,5,429029.0,242885.0,0.57,1,275,2025-11-01,481442.3174366617,0.10886728386429628,26.7
PROP_0289,서초구,개포동,30py,84.48,24,338535.0,184592.0,0.55,1,403,2025-08-17,320710.1926470588,-0.05557917322745452,23.5
PROP_0290,송파구,개포동,30py,84.85,27,358296.0,197505.0,0.55,2,1134,2025-11-25,320710.1926470588,-0.11719554979752181,19.7
PROP_0291,송파구,개포동,20py,59.24,28,212287.0,107662.0,0.51,1,673,2025-03-30,229624.656394453,0.07550433244707869,23.7
PROP_0292,서초구,개포동,30py,84.8,28,320954.0,177928.0,0.55,3,1327,2025-06-29,320710.1926470588,-0.0007602108025593746,42.1
PROP_0293,송파구,잠실동,40py,111.3,8,517017.0,261076.0,0.5,2,293,2025-04-21,481442.3174366617,-0.0738918895886598,25.6
PROP_0294,강남구,대치동,20py,59.06,12,213870.0,126226.0,0.59,3,1148,2025-04-29,229624.656394453,0.06861047346496356,42.6
PROP_0295,송파구,잠실동,20py,60.75,19,237758.0,136310.0,0.57,1,615,2025-12-09,229624.656394453,-0.035420166689658174,22.1
PROP_0296,송파구,잠실동,40py,115.87,16,473651.0,248204.0,0.52,2,1127,2025-11-16,481442.3174366617,0.01618328334356838,37.9
PROP_0297,강남구,도곡동,30py,84.75,30,303371.0,172987.0,0.57,4,1452,2025-07-15,320710.1926470588,0.05406498778210198,50.6
PROP_0298,서초구,반포동,40py,112.22,33,539441.0,317032.0,0.59,2,274,2025-02-19,481442.3174366617,-0.12046860124830758,22.0
PROP_0299,강남구,도곡동,40py,110.69,9,551974.0,319849.0,0.58,2,1131,2026-02-14,481442.3174366617,-0.1465007956485201,23.8
PROP_0300,송파구,도곡동,20py,59.7,31,245832.0,140005.0,0.57,4,175,2026-01-23,229624.656394453,-0.0705818959515644,45.4
PROP_0301,강남구,도곡동,30py,84.18,34,307699.0,179827.0,0.58,3,296,2025-06-28,320710.1926470588,0.04056993804801711,47.7
PROP_0302,강남구,개포동,30py,84.56,5,289343.0,163512.0,0.57,1,1348,2025-04-22,320710.1926470588,0.09780541238231978,27.2
PROP_0303,송파구,도곡동,20py,59.7,32,252792.0,144780.0,0.57,3,1405,2025-11-20,229624.656394453,-0.10089222982112935,38.2
PROP_0304,강남구,도곡동,30py,84.18,10,280399.0,156387.0,0.56,3,1010,2025-11-30,320710.1926470588,0.1256935188568242,45.4
PROP_0305,서초구,개포동,40py,118.43,1,549057.0,302418.0,0.55,2,464,2025-04-01,481442.3174366617,-0.14044191819975124,33.3
PROP_0306,송파구,개포동,20py,61.82,24,211300.0,119278.0,0.56,3,1283,2025-09-16,229624.656394453,0.07980265134496095,55.3
PROP_0307,서초구,도곡동,20py,62.44,21,246109.0,128618.0,0.52,1,652,2025-10-17,229624.656394453,-0.07178821240010887,4.3
PROP_0308,송파구,잠실동,30py,84.62,24,342537.0,194904.0,0.57,1,1215,2025-07-12,320710.1926470588,-0.06805772891964668,17.9
PROP_0309,서초구,반포동,20py,62.91,30,247789.0,131528.0,0.53,4,832,2026-01-22,229624.656394453,-0.07910449988586592,42.2
PROP_0310,서초구,반포동,30py,84.48,24,303384.0,167337.0,0.55,2,123,2025-11-05,320710.1926470588,0.0540244527436216,28.2
PROP_0311,서초구,도곡동,40py,119.69,4,532732.0,277560.0,0.52,3,1302,2025-06-09,481442.3174366617,-0.10653339082534213,32.5
PROP_0312,송파구,대치동,30py,84.93,19,348310.0,197782.0,0.57,5,714,2025-08-15,320710.1926470588,-0.08605840408482043,56.8
PROP_0313,서초구,도곡동,30py,84.19,11,297480.0,165518.0,0.56,2,103,2025-12-05,320710.1926470588,0.0724335963734823,26.0
PROP_0314,송파구,잠실동,40py,117.51,29,522017.0,268914.0,0.52,2,1370,2025-02-24,481442.3174366617,-0.08427734973396121,26.0
PROP_0315,송파구,도곡동,30py,84.02,29,316052.0,173936.0,0.55,4,1472,2025-12-01,320710.1926470588,0.014524616784428623,50.3
PROP_0316,서초구,대치동,20py,60.72,9,219567.0,128682.0,0.59,4,843,2025-05-22,229624.656394453,0.04380042000879812,56.2
PROP_0317,서초구,반포동,30py,84.01,27,337800.0,177619.0,0.53,4,465,2025-08-15,320710.1926470588,-0.05328738451337125,56.6
PROP_0318,서초구,잠실동,40py,113.26,34,438309.0,235594.0,0.54,1,1214,2025-06-15,481442.3174366617,0.08959186983461687,15.0
PROP_0319,송파구,대치동,40py,119.41,28,439559.0,220315.0,0.5,5,697,2026-01-26,481442.3174366617,0.08699550479829152,71.3
PROP_0320,송파구,도곡동,20py,61.95,28,249885.0,126138.0,0.5,3,1273,2025-06-14,229624.656394453,-0.08823243951095329,32.6
PROP_0321,송파구,대치동,20py,61.3,29,258628.0,131558.0,0.51,5,653,2025-07-29,229624.656394453,-0.12630761896808063,57.5
PROP_0322,서초구,개포동,40py,116.06,13,444281.0,230474.0,0.52,3,264,2026-01-31,481442.3174366617,0.07718747623706886,47.0
PROP_0323,송파구,대치동,20py,59.13,5,221820.0,118615.0,0.53,4,294,2025-06-20,229624.656394453,0.03398875589843464,58.2
PROP_0324,서초구,잠실동,30py,84.48,3,344248.0,202253.0,0.59,1,236,2025-05-06,320710.1926470588,-0.07339276359964188,18.1
PROP_0325,서초구,대치동,40py,112.74,14,507263.0,294605.0,0.58,3,693,2025-12-31,481442.3174366617,-0.05363193393720582,32.6
PROP_0326,강남구,개포동,20py,59.87,20,197501.0,110439.0,0.56,4,650,2025-11-23,229624.656394453,0.13989637218779524,58.7
PROP_0327,강남구,대치동,40py,117.67,34,510707.0,302521.0,0.59,3,424,2025-09-26,481442.3174366617,-0.06078543888528943,45.8
PROP_0328,송파구,도곡동,40py,116.69,16,519028.0,272480.0,0.52,2,991,2026-01-22,481442.3174366617,-0.07806892165910004,23.3
PROP_0329,송파구,개포동,30py,84.44,29,354364.0,183447.0,0.52,1,829,2026-01-27,320710.1926470588,-0.10493525969714709,8.5
PROP_0330,서초구,반포동,20py,60.5,32,258702.0,152242.0,0.59,1,1133,2025-02-20,229624.656394453,-0.12662988401209613,15.0
PROP_0331,송파구,개포동,30py,84.52,2,315113.0,186470.0,0.59,3,1051,2025-04-17,320710.1926470588,0.017452493794665614,38.4
PROP_0332,강남구,반포동,30py,84.78,26,317079.0,187222.0,0.59,1,1310,2025-11-21,320710.1926470588,0.011322348744478261,20.7
PROP_0333,송파구,잠실동,30py,84.82,1,308322.0,166142.0,0.54,4,722,2025-05-24,320710.1926470588,0.038627374280841766,62.3
PROP_0334,서초구,잠실동,40py,119.55,10,512425.0,272269.0,0.53,2,720,2025-10-31,481442.3174366617,-0.064353882991215,24.0
PROP_0335,서초구,개포동,20py,60.88,7,245104.0,128135.0,0.52,2,1029,2025-05-16,229624.656394453,-0.06741150470773634,25.2
PROP_0336,송파구,반포동,20py,63.58,29,259163.0,142230.0,0.55,1,955,2026-01-24,229624.656394453,-0.12863750813765207,14.6
PROP_0337,서초구,도곡동,40py,115.06,11,486787.0,247308.0,0.51,4,713,2026-01-12,481442.3174366617,-0.011101397550167483,49.1
PROP_0338,서초구,잠실동,20py,59.03,27,207456.0,122050.0,0.59,4,652,2026-02-14,229624.656394453,0.09654301390165745,58.5
PROP_0339,서초구,대치동,20py,62.14,29,242889.0,139054.0,0.57,5,228,2025-04-19,229624.656394453,-0.05776532805240785,62.6
PROP_0340,송파구,반포동,30py,84.27,33,355959.0,191828.0,0.54,4,276,2025-10-29,320710.1926470588,-0.10990859711070194,43.3
PROP_0341,서초구,잠실동,40py,111.5,29,548919.0,294131.0,0.54,1,120,2025-11-16,481442.3174366617,-0.14015527949974094,13.2
PROP_0342,송파구,도곡동,40py,118.26,16,489623.0,280666.0,0.57,4,1474,2025-12-04,481442.3174366617,-0.016992030544582443,45.9
PROP_0343,송파구,잠실동,20py,59.13,7,233513.0,133159.0,0.57,4,1099,2025-08-22,229624.656394453,-0.016933475989039905,45.1
PROP_0344,강남구,개포동,40py,114.35,12,540272.0,289858.0,0.54,4,500,2026-01-22,481442.3174366617,-0.12219466472445667,45.6
PROP_0345,송파구,반포동,20py,59.86,30,207472.0,109032.0,0.53,1,345,2025-10-13,229624.656394453,0.09647333497322168,24.6
PROP_0346,서초구,반포동,20py,62.76,22,208788.0,115981.0,0.56,2,373,2025-07-25,229624.656394453,0.09074224310937865,41.7
PROP_0347,강남구,개포동,30py,84.75,31,293107.0,151917.0,0.52,3,253,2025-06-21,320710.1926470588,0.08606895970230696,45.1
PROP_0348,서초구,개포동,40py,112.56,4,551485.0,286846.0,0.52,3,1091,2025-10-13,481442.3174366617,-0.1454850976463096,29.3
PROP_0349,서초구,도곡동,20py,59.12,32,253937.0,133756.0,0.53,4,1359,2026-01-13,229624.656394453,-0.10587862813731495,44.3
PROP_0350,강남구,개포동,30py,84.44,18,365801.0,189838.0,0.52,2,1096,2025-05-12,320710.1926470588,-0.140596739320236,26.2
PROP_0351,강남구,개포동,20py,62.05,14,250611.0,144595.0,0.58,2,247,2025-07-03,229624.656394453,-0.09139412088872688,15.4
PROP_0352,강남구,대치동,20py,63.32,23,223426.0,115276.0,0.52,3,1053,2025-10-02,229624.656394453,0.026994733456693076,43.6
PROP_0353,서초구,개포동,40py,111.22,1,414031.0,220582.0,0.53,1,790,2025-03-01,481442.3174366617,0.1400195101161424,35.6
PROP_0354,송파구,잠실동,40py,116.63,1,410282.0,208989.0,0.51,2,274,2025-04-23,481442.3174366617,0.1478065281330894,37.7
PROP_0355,강남구,반포동,30py,84.69,24,367696.0,199053.0,0.54,4,851,2025-12-18,320710.1926470588,-0.14650550069872278,43.9
PROP_0356,강남구,대치동,20py,62.85,22,213801.0,113287.0,0.53,5,1077,2025-06-05,229624.656394453,0.06891096384384286,62.6
PROP_0357,송파구,반포동,20py,61.88,18,237002.0,119438.0,0.5,1,343,2025-05-30,229624.656394453,-0.032127837321067505,21.1
PROP_0358,서초구,반포동,40py,116.45,25,526388.0,301092.0,0.57,1,414,2025-04-10,481442.3174366617,-0.09335631899298372,17.3
PROP_0359,강남구,도곡동,20py,64.68,4,210379.0,106819.0,0.51,2,226,2025-05-27,229624.656394453,0.08381354466304562,31.7
PROP_0360,강남구,대치동,40py,110.84,3,485972.0,272369.0,0.56,4,482,2025-08-20,481442.3174366617,-0.009408567546483355,45.4
PROP_0361,강남구,개포동,20py,64.1,12,207904.0,114523.0,0.55,4,242,2025-08-05,229624.656394453,0.09459200390545558,52.9
PROP_0362,송파구,대치동,20py,60.99,13,210412.0,114333.0,0.54,3,942,2025-12-26,229624.656394453,0.08366983187314683,34.8
PROP_0363,서초구,반포동,40py,116.82,16,442612.0,232472.0,0.53,3,530,2026-02-05,481442.3174366617,0.08065414283357047,47.7
PROP_0364,서초구,개포동,30py,84.36,19,279540.0,166094.0,0.59,3,1098,2025-12-14,320710.1926470588,0.12837194947641267,56.3
PROP_0365,서초구,대치동,20py,60.5,25,261581.0,151831.0,0.58,3,1103,2025-11-21,229624.656394453,-0.13916773619750955,29.8
PROP_0366,송파구,대치동,20py,62.82,5,200004.0,105713.0,0.53,4,1211,2025-06-02,229624.656394453,0.12899597482062267,58.5
PROP_0367,송파구,도곡동,20py,64.8,9,199222.0,118694.0,0.6,1,185,2026-01-18,229624.656394453,0.1324015324479215,27.9
PROP_0368,송파구,도곡동,20py,62.2,33,223549.0,119094.0,0.53,3,634,2026-01-08,229624.656394453,0.026459076694343005,48.2
PROP_0369,강남구,잠실동,40py,117.66,10,541523.0,282169.0,0.52,3,549,2025-05-15,481442.3174366617,-0.12479310685281107,42.1
PROP_0370,서초구,잠실동,30py,84.36,19,331732.0,198320.0,0.6,4,1414,2025-05-05,320710.1926470588,-0.03436687578268109,47.5
PROP_0371,서초구,반포동,30py,84.93,2,316483.0,167037.0,0.53,4,199,2025-12-19,320710.1926470588,0.013180724354809728,54.3
PROP_0372,강남구,도곡동,30py,84.18,6,333673.0,180610.0,0.54,2,1254,2025-06-01,320710.1926470588,-0.04041906883579078,20.1
PROP_0373,서초구,대치동,30py,84.22,3,319394.0,166086.0,0.52,3,1473,2025-08-30,320710.1926470588,0.004103993815086745,42.8
PROP_0374,송파구,잠실동,20py,63.35,5,248392.0,127785.0,0.51,2,1484,2025-04-30,229624.656394453,-0.08173052450128944,23.2
PROP_0375,서초구,도곡동,30py,84.29,15,313892.0,181521.0,0.58,3,692,2025-11-24,320710.1926470588,0.021259669331938635,35.9
PROP_0376,강남구,대치동,30py,84.18,23,303347.0,160408.0,0.53,3,446,2025-05-24,320710.1926470588,0.05413982169929654,51.8
PROP_0377,서초구,반포동,20py,62.25,31,229191.0,126938.0,0.55,1,1038,2025-09-16,229624.656394453,0.0018885445546755642,10.0
PROP_0378,송파구,개포동,40py,116.84,22,447993.0,234949.0,0.52,2,1100,2025-10-18,481442.3174366617,0.06947731062519709,34.3
PROP_0379,강남구,잠실동,30py,84.94,7,296769.0,164911.0,0.56,3,540,2026-01-17,320710.1926470588,0.074650551170371,39.6
PROP_0380,송파구,잠실동,40py,113.71,19,471566.0,282003.0,0.6,4,658,2025-12-01,481442.3174366617,0.020514020224159067,54.6
PROP_0381,서초구,개포동,40py,111.28,13,469164.0,268725.0,0.57,3,167,2025-05-11,481442.3174366617,0.025503195277961865,44.2
PROP_0382,송파구,도곡동,30py,84.15,6,339872.0,201044.0,0.59,2,1235,2025-10-23,320710.1926470588,-0.059748046031167894,21.8
PROP_0383,송파구,대치동,30py,84.76,10,293198.0,149522.0,0.51,3,285,2025-06-12,320710.1926470588,0.08578521443294428,46.5
PROP_0384,강남구,도곡동,20py,60.37,26,262682.0,152544.0,0.58,3,325,2026-02-11,229624.656394453,-0.14396251746049676,38.5
PROP_0385,서초구,반포동,20py,62.63,23,207250.0,105669.0,0.51,4,555,2025-08-11,229624.656394453,0.09744013010526814,57.8
PROP_0386,강남구,대치동,40py,112.04,29,529553.0,312450.0,0.59,5,526,2025-12-18,481442.3174366617,-0.0999303152649595,47.7
PROP_0387,송파구,대치동,30py,84.69,5,361058.0,194117.0,0.54,5,379,2025-12-29,320710.1926470588,-0.12580768643466192,48.5
PROP_0388,송파구,대치동,20py,62.19,14,207271.0,104948.0,0.51,4,806,2025-11-15,229624.656394453,0.09734867651169618,53.7
PROP_0389,강남구,대치동,30py,84.2,22,282029.0,165524.0,0.59,3,294,2025-09-01,320710.1926470588,0.12061104864736062,45.9
PROP_0390,서초구,잠실동,30py,84.45,5,308945.0,183489.0,0.59,3,569,2025-04-20,320710.1926470588,0.03668481051366643,39.7
PROP_0391,서초구,개포동,30py,84.5,20,313264.0,165043.0,0.53,2,947,2026-02-05,320710.1926470588,0.023217823498529508,34.4
PROP_0392,송파구,대치동,30py,84.36,12,344786.0,201056.0,0.58,3,1405,2026-01-22,320710.1926470588,-0.07507029057675317,49.0
PROP_0393,서초구,대치동,40py,114.1,24,443099.0,229277.0,0.52,3,1391,2025-07-08,481442.3174366617,0.07964259901541812,36.3
PROP_0394,송파구,대치동,20py,60.65,32,261822.0,130947.0,0.5,5,746,2026-01-20,229624.656394453,-0.14021727505707351,50.7
PROP_0395,서초구,개포동,20py,62.55,14,253626.0,144885.0,0.57,2,419,2025-05-20,229624.656394453,-0.10452424396584445,18.3
PROP_0396,서초구,도곡동,40py,110.08,3,414936.0,235700.0,0.57,3,591,2026-01-18,481442.3174366617,0.13813974182984284,41.2
PROP_0397,서초구,반포동,30py,84.94,27,330818.0,170999.0,0.52,3,392,2026-02-12,320710.1926470588,-0.03151695076952176,43.7
PROP_0398,송파구,도곡동,40py,118.51,16,545404.0,281173.0,0.52,1,772,2025-08-15,481442.3174366617,-0.13285430101759405,14.5
PROP_0399,서초구,개포동,40py,110.59,1,523481.0,299227.0,0.57,4,1480,2025-12-23,481442.3174366617,-0.08731821246450547,52.3
PROP_0400,송파구,도곡동,40py,119.9,2,458957.0,273007.0,0.59,4,423,2025-07-22,481442.3174366617,0.046704073618580165,54.1
PROP_0401,강남구,잠실동,30py,84.26,35,320031.0,165318.0,0.52,3,804,2025-04-07,320710.1926470588,0.0021177769295479126,48.0
PROP_0402,서초구,도곡동,20py,60.57,19,214234.0,119547.0,0.56,4,976,2025-04-06,229624.656394453,0.06702527784304953,50.7
PROP_0403,송파구,대치동,20py,63.08,5,247729.0,124624.0,0.5,3,1318,2025-08-29,229624.656394453,-0.07884320390423175,37.9
PROP_0404,서초구,대치동,40py,112.71,1,434803.0,238190.0,0.55,3,785,2025-06-10,481442.3174366617,0.09687415448850221,49.0
PROP_0405,서초구,개포동,30py,84.94,7,324901.0,170782.0,0.53,1,1032,2025-04-15,320710.1926470588,-0.013067272101180678,16.6
PROP_0406,강남구,개포동,20py,63.27,17,217362.0,125034.0,0.58,3,1304,2025-06-21,229624.656394453,0.05340304733385425,42.1
PROP_0407,송파구,도곡동,30py,84.27,34,296726.0,177011.0,0.6,3,480,2025-06-19,320710.1926470588,0.07478462860534459,43.7
PROP_0408,서초구,도곡동,30py,84.52,28,315070.0,162519.0,0.52,4,1074,2025-07-17,320710.1926470588,0.017586571229639195,43.9
PROP_0409,강남구,개포동,30py,85.0,12,277407.0,148949.0,0.54,4,1362,2025-08-24,320710.1926470588,0.13502281386707882,61.5
PROP_0410,송파구,대치동,40py,118.82,31,439932.0,251166.0,0.57,4,940,2025-08-17,481442.3174366617,0.08622074947145203,58.3
PROP_0411,서초구,도곡동,30py,84.99,20,362983.0,194071.0,0.53,3,673,2025-04-11,320710.1926470588,-0.1318099902096419,35.7
PROP_0412,강남구,대치동,40py,118.35,26,488117.0,288799.0,0.59,5,1330,2025-11-30,481442.3174366617,-0.013863929948817659,61.8
PROP_0413,서초구,잠실동,20py,64.3,33,255712.0,150681.0,0.59,3,1213,2025-10-17,229624.656394453,-0.11360863426065945,38.5
PROP_0414,강남구,개포동,20py,59.45,21,200324.0,103960.0,0.52,3,1426,2025-03-07,229624.656394453,0.12760239625190706,39.3
PROP_0415,송파구,잠실동,40py,110.53,30,494972.0,268272.0,0.54,2,487,2026-01-03,481442.3174366617,-0.02810239580802589,27.8
PROP_0416,송파구,대치동,40py,114.76,29,414195.0,237106.0,0.57,5,1120,2025-07-19,481442.3174366617,0.1396788670233765,65.1
PROP_0417,서초구,잠실동,40py,115.43,13,483794.0,278440.0,0.58,2,1110,2025-09-16,481442.3174366617,-0.00488466110719006,31.4
PROP_0418,서초구,반포동,20py,60.15,18,259818.0,151721.0,0.58,4,507,2025-06-14,229624.656394453,-0.13148998927049188,48.3
PROP_0419,강남구,잠실동,20py,63.14,7,229926.0,118690.0,0.52,3,450,2026-01-31,229624.656394453,-0.001312331220343147,38.1
PROP_0420,강남구,도곡동,20py,60.09,12,231561.0,122234.0,0.53,2,1160,2025-09-30,229624.656394453,-0.008432646719874566,21.3
PROP_0421,서초구,반포동,30py,84.81,23,273686.0,144686.0,0.53,2,335,2025-06-25,320710.1926470588,0.14662518911211805,44.9
PROP_0422,강남구,개포동,20py,60.12,31,233935.0,119586.0,0.51,2,794,2025-10-28,229624.656394453,-0.018771257726533642,28.4
PROP_0423,송파구,개포동,40py,117.03,19,439080.0,253600.0,0.58,1,992,2025-11-01,481442.3174366617,0.08799043188021138,21.7
PROP_0424,강남구,개포동,40py,119.99,9,457324.0,240111.0,0.53,1,395,2026-01-26,481442.3174366617,0.050095964902035606,28.2
PROP_0425,강남구,잠실동,30py,84.46,24,314215.0,169576.0,0.54,2,557,2025-05-30,320710.1926470588,0.02025252952969524,25.4
PROP_0426,서초구,도곡동,30py,84.63,6,366914.0,212343.0,0.58,4,983,2025-03-25,320710.1926470588,-0.14406716223013352,36.2
PROP_0427,송파구,도곡동,30py,84.79,11,291936.0,147089.0,0.5,3,721,2025-08-04,320710.1926470588,0.08972023124542466,56.2
PROP_0428,강남구,반포동,40py,116.51,7,520598.0,274014.0,0.53,3,1439,2026-01-30,481442.3174366617,-0.08132995614472467,42.4
PROP_0429,강남구,잠실동,30py,84.15,16,325980.0,170504.0,0.52,2,511,2025-11-22,320710.1926470588,-0.016431680295052577,26.8
PROP_0430,강남구,대치동,30py,84.93,11,294198.0,171201.0,0.58,5,117,2025-12-04,320710.1926470588,0.08266713454983779,70.0
PROP_0431,송파구,잠실동,40py,112.15,16,498031.0,292514.0,0.59,3,1182,2025-09-08,481442.3174366617,-0.034456220324921294,34.5
PROP_0432,강남구,반포동,20py,63.3,35,207551.0,109601.0,0.53,2,1417,2025-11-24,229624.656394453,0.09612929526407,32.6
PROP_0433,송파구,잠실동,40py,112.69,34,487282.0,269527.0,0.55,4,267,2025-06-08,481442.3174366617,-0.012129558104552324,53.0
PROP_0434,송파구,도곡동,20py,63.58,8,219648.0,129429.0,0.59,3,916,2025-05-31,229624.656394453,0.043447670433591976,44.8
PROP_0435,송파구,잠실동,40py,111.76,2,526284.0,295939.0,0.56,4,764,2026-01-16,481442.3174366617,-0.09314030142196145,54.8
PROP_0436,서초구,개포동,20py,61.58,9,230316.0,121728.0,0.53,1,1445,2025-10-17,229624.656394453,-0.0030107551009653207,22.0
PROP_0437,송파구,도곡동,20py,60.35,12,196015.0,116533.0,0.59,1,614,2025-12-30,229624.656394453,0.14636780266626845,24.8
PROP_0438,서초구,대치동,40py,112.93,27,465031.0,234745.0,0.5,4,465,2025-08-30,481442.3174366617,0.03408781663406801,51.8
PROP_0439,송파구,대치동,30py,84.72,1,349371.0,198534.0,0.57,4,157,2025-09-30,320710.1926470588,-0.0893666868407964,54.7
PROP_0440,송파구,잠실동,30py,84.89,14,312950.0,174722.0,0.56,1,280,2025-11-19,320710.1926470588,0.024196900581824946,18.1
PROP_0441,강남구,잠실동,30py,84.51,14,284509.0,151611.0,0.53,1,410,2025-07-15,320710.1926470588,0.11287821053725654,23.6
PROP_0442,강남구,도곡동,20py,60.25,11,236443.0,126305.0,0.53,1,890,2025-06-14,229624.656394453,-0.02969342975884239,22.4
PROP_0443,서초구,도곡동,30py,84.33,26,297916.0,175538.0,0.59,1,202,2025-05-19,320710.1926470588,0.07107411354444787,39.4
PROP_0444,강남구,잠실동,30py,84.22,12,308143.0,174131.0,0.57,1,795,2025-07-24,320710.1926470588,0.03918551057991783,26.4
PROP_0445,서초구,대치동,30py,84.0,14,345921.0,197533.0,0.57,4,865,2025-09-07,320710.1926470588,-0.07860931124407904,51.0
PROP_0446,강남구,대치동,30py,84.69,20,356692.0,179212.0,0.5,5,1001,2025-03-27,320710.1926470588,-0.112194149665019,52.3
PROP_0447,송파구,반포동,30py,84.93,28,316508.0,186906.0,0.59,1,818,2025-11-13,320710.1926470588,0.013102772357732067,17.5
PROP_0448,송파구,도곡동,30py,84.59,2,294525.0,171104.0,0.58,3,523,2025-09-27,320710.1926470588,0.08164752242806196,44.8
PROP_0449,강남구,잠실동,20py,63.87,14,253468.0,135072.0,0.53,3,231,2026-01-15,229624.656394453,-0.1038361645475411,34.3
PROP_0450,강남구,잠실동,30py,84.52,13,333584.0,199213.0,0.6,4,269,2025-08-06,320710.1926470588,-0.040141559726194306,46.8
PROP_0451,송파구,잠실동,30py,84.26,12,337578.0,196583.0,0.58,3,164,2025-06-23,320710.1926470588,-0.05259517077932161,39.4
PROP_0452,서초구,도곡동,40py,112.83,19,539622.0,275877.0,0.51,1,707,2026-01-19,481442.3174366617,-0.12084455490556749,5.4
PROP_0453,강남구,잠실동,20py,60.23,17,223285.0,113554.0,0.51,1,363,2025-07-14,229624.656394453,0.0276087790135334,22.4
PROP_0454,강남구,잠실동,20py,62.3,10,215307.0,124767.0,0.58,4,561,2025-04-05,229624.656394453,0.06235243470482493,52.5
PROP_0455,강남구,잠실동,30py,84.04,20,281399.0,144896.0,0.51,2,387,2025-04-15,320710.1926470588,0.12257543897371771,41.3
PROP_0456,강남구,개포동,30py,84.8,23,308303.0,162549.0,0.53,3,110,2026-02-10,320710.1926470588,0.03868661779862079,35.2
PROP_0457,강남구,반포동,40py,110.94,33,536575.0,315402.0,0.59,2,540,2025-10-03,481442.3174366617,-0.1145156554930208,25.6
PROP_0458,서초구,개포동,20py,64.72,26,232247.0,137212.0,0.59,2,631,2025-08-19,229624.656394453,-0.011420130776558696,27.4
PROP_0459,서초구,도곡동,20py,64.4,34,207779.0,105642.0,0.51,1,1206,2025-09-12,229624.656394453,0.09513637053386012,24.8
PROP_0460,서초구,개포동,30py,84.82,8,334884.0,179866.0,0.54,1,1410,2025-09-26,320710.1926470588,-0.04419506357423274,13.5
PROP_0461,서초구,반포동,20py,61.71,30,261602.0,146260.0,0.56,2,1429,2025-12-03,229624.656394453,-0.1392591897910815,12.0
PROP_0462,송파구,대치동,20py,60.52,5,199111.0,112764.0,0.57,4,750,2025-06-21,229624.656394453,0.13288493001394472,56.4
PROP_0463,서초구,개포동,20py,60.68,6,243561.0,134731.0,0.55,3,799,2025-06-25,229624.656394453,-0.06069184304671067,35.1
PROP_0464,송파구,개포동,30py,84.87,4,337581.0,179054.0,0.53,3,498,2025-07-05,320710.1926470588,-0.05260452501897093,32.2
PROP_0465,서초구,반포동,20py,64.97,16,209654.0,114893.0,0.55,1,809,2025-11-03,229624.656394453,0.08697087110779197,26.7
PROP_0466,송파구,도곡동,30py,84.23,31,318567.0,186397.0,0.59,4,237,2025-08-11,320710.1926470588,0.00668264587841581,52.4
PROP_0467,강남구,대치동,20py,61.88,33,205734.0,105864.0,0.51,5,1149,2025-12-31,229624.656394453,0.10404220857455844,67.1
PROP_0468,송파구,잠실동,30py,84.69,18,327955.0,167338.0,0.51,2,628,2025-02-25,320710.1926470588,-0.02258988806418789,21.6
PROP_0469,서초구,반포동,20py,60.14,14,211601.0,121392.0,0.57,4,1100,2025-05-07,229624.656394453,0.07849181650376282,54.6
PROP_0470,송파구,도곡동,40py,115.36,16,434746.0,252006.0,0.58,3,448,2025-10-22,481442.3174366617,0.09699254873415865,54.1
PROP_0471,송파구,잠실동,40py,111.47,1,414008.0,212878.0,0.51,1,929,2026-01-10,481442.3174366617,0.14006728323281079,23.7
PROP_0472,서초구,개포동,20py,64.63,26,241579.0,124009.0,0.51,3,1428,2025-09-26,229624.656394453,-0.05206036578672824,39.2
PROP_0473,강남구,도곡동,30py,84.39,17,292267.0,157916.0,0.54,2,177,2025-08-20,320710.1926470588,0.08868814680411641,23.2
PROP_0474,강남구,대치동,40py,110.22,19,444886.0,237237.0,0.53,4,541,2025-08-26,481442.3174366617,0.07593083555948739,54.1
PROP_0475,서초구,잠실동,40py,114.47,18,423569.0,213212.0,0.5,3,717,2025-05-15,481442.3174366617,0.12020820634296542,42.8
PROP_0476,강남구,잠실동,30py,84.92,5,279915.0,155541.0,0.56,3,435,2025-11-14,320710.1926470588,0.12720266952024775,50.8
PROP_0477,서초구,잠실동,40py,110.84,10,478965.0,275358.0,0.57,1,922,2025-09-25,481442.3174366617,0.005145616301142041,14.4
PROP_0478,송파구,대치동,30py,84.06,18,362267.0,191465.0,0.53,5,1451,2026-02-02,320710.1926470588,-0.12957744501333768,54.8
PROP_0479,강남구,대치동,40py,112.22,32,543790.0,321418.0,0.59,3,988,2025-11-11,481442.3174366617,-0.12950187448269074,36.9
PROP_0480,송파구,잠실동,20py,59.93,22,219189.0,109634.0,0.5,1,986,2025-06-21,229624.656394453,0.045446584693093456,17.2
PROP_0481,서초구,도곡동,20py,61.19,20,219217.0,112325.0,0.51,1,792,2025-09-07,229624.656394453,0.04532464656833084,26.3
PROP_0482,서초구,대치동,40py,112.35,27,487226.0,247789.0,0.51,4,1021,2025-09-27,481442.3174366617,-0.012013240950924948,55.3
PROP_0483,송파구,잠실동,40py,110.1,13,498640.0,271675.0,0.54,1,1026,2025-06-20,481442.3174366617,-0.035721169370619005,16.4
PROP_0484,송파구,잠실동,40py,117.94,11,462034.0,255773.0,0.55,3,1374,2025-06-28,481442.3174366617,0.04031286144516168,47.2
PROP_0485,강남구,대치동,40py,114.75,21,516965.0,306580.0,0.59,4,487,2026-02-06,481442.3174366617,-0.07378388080314867,52.4
PROP_0486,송파구,잠실동,40py,118.47,13,422513.0,218386.0,0.52,4,286,2025-08-09,481442.3174366617,0.12240161552565308,63.2
PROP_0487,송파구,도곡동,30py,84.22,14,288567.0,150355.0,0.52,1,594,2025-05-30,320710.1926470588,0.10022504237161041,19.7
PROP_0488,서초구,잠실동,40py,114.43,33,508761.0,293869.0,0.58,1,732,2025-06-26,481442.3174366617,-0.05674341779673812,16.9
PROP_0489,강남구,잠실동,40py,111.85,7,544304.0,299499.0,0.55,4,993,2025-03-10,481442.3174366617,-0.13056949978562774,43.9
PROP_0490,서초구,반포동,40py,113.53,27,461665.0,261016.0,0.57,1,422,2025-11-05,481442.3174366617,0.04107930840388492,20.2
PROP_0491,강남구,대치동,40py,113.2,30,485234.0,281188.0,0.58,5,179,2025-07-26,481442.3174366617,-0.007875673629036866,61.7
PROP_0492,서초구,잠실동,30py,84.68,35,291391.0,156670.0,0.54,3,431,2025-09-07,320710.1926470588,0.09141958478171769,48.5
PROP_0493,송파구,개포동,40py,113.59,35,495019.0,253869.0,0.51,3,324,2026-02-03,481442.3174366617,-0.028200019133391725,45.9
PROP_0494,서초구,개포동,40py,117.44,13,523905.0,309190.0,0.59,4,1089,2025-08-23,481442.3174366617,-0.08819889948482704,53.5
PROP_0495,강남구,도곡동,30py,84.43,19,293714.0,174354.0,0.59,3,1362,2025-03-04,320710.1926470588,0.08417628521326133,52.8
PROP_0496,송파구,개포동,20py,61.79,24,237652.0,128238.0,0.54,1,230,2025-12-18,229624.656394453,-0.034958543788771126,21.1
PROP_0497,강남구,개포동,20py,64.63,3,234436.0,124684.0,0.53,3,766,2025-07-11,229624.656394453,-0.02095307917317905,31.1
PROP_0498,송파구,대치동,30py,84.82,12,320808.0,190551.0,0.59,3,1265,2025-12-03,320710.1926470588,-0.0003049711396258275,38.4
PROP_0499,서초구,잠실동,40py,113.44,29,415300.0,245543.0,0.59,3,595,2025-11-16,481442.3174366617,0.13738368033126488,48.3
PROP_0500,서초구,반포동,20py,60.21,2,222638.0,130358.0,0.59,4,753,2025-10-06,229624.656394453,0.030426420682155314,56.8
PROP_0501,서초구,도곡동,30py,84.42,10,310020.0,168859.0,0.54,4,707,2025-12-01,320710.1926470588,0.03333287463932695,60.3
PROP_0502,서초구,반포동,20py,63.47,17,201339.0,104444.0,0.52,4,1221,2025-06-30,229624.656394453,0.12318213922926216,56.2
PROP_0503,서초구,도곡동,20py,63.94,34,262804.0,139650.0,0.53,2,586,2026-02-01,229624.656394453,-0.1444938192898196,26.6
PROP_0504,강남구,반포동,30py,84.86,17,352999.0,203803.0,0.58,1,991,2026-01-27,320710.1926470588,-0.10067908065670675,18.8
PROP_0505,송파구,개포동,30py,84.5,23,309511.0,184218.0,0.6,4,471,2025-02-28,320710.1926470588,0.03491997729982815,53.1
PROP_0506,강남구,잠실동,20py,62.03,29,256686.0,137407.0,0.54,2,1332,2025-03-23,229624.656394453,-0.11785033902918765,28.7
PROP_0507,강남구,대치동,40py,115.5,12,409197.0,233798.0,0.57,4,542,2025-10-12,481442.3174366617,0.1500601729846198,59.7
PROP_0508,서초구,반포동,40py,112.17,30,496749.0,292830.0,0.59,1,950,2025-07-07,481442.3174366617,-0.03179338834366601,22.3
PROP_0509,강남구,잠실동,30py,84.09,1,307142.0,170618.0,0.56,2,306,2025-02-27,320710.1926470588,0.04230670854290742,38.3
PROP_0510,송파구,반포동,40py,117.67,27,429724.0,242202.0,0.56,1,1153,2025-11-01,481442.3174366617,0.10742370490409939,30.3
PROP_0511,송파구,반포동,20py,62.48,5,209587.0,124978.0,0.6,4,967,2025-12-04,229624.656394453,0.0872626516206168,57.6
PROP_0512,송파구,도곡동,20py,64.33,21,214804.0,108479.0,0.51,3,651,2025-03-01,229624.656394453,0.06454296601752481,40.3
PROP_0513,송파구,개포동,40py,119.85,19,534090.0,300700.0,0.56,2,914,2025-12-18,481442.3174366617,-0.109354081800806,28.0
PROP_0514,강남구,도곡동,20py,61.9,26,261461.0,138519.0,0.53,1,311,2025-11-04,229624.656394453,-0.13864514423424118,18.1
PROP_0515,강남구,반포동,20py,61.31,29,195742.0,113942.0,0.58,1,547,2025-07-03,229624.656394453,0.14755669938270397,18.5
PROP_0516,송파구,반포동,30py,84.55,31,367742.0,205727.0,0.56,2,438,2025-03-02,320710.1926470588,-0.14664893237334567,21.4
PROP_0517,서초구,반포동,30py,84.76,35,301352.0,156836.0,0.52,2,725,2025-05-22,320710.1926470588,0.06036039106609398,36.1
PROP_0518,서초구,잠실동,30py,84.85,15,324116.0,174036.0,0.54,4,1193,2025-11-02,320710.1926470588,-0.010619579392942086,57.0
PROP_0519,송파구,반포동,30py,84.91,3,343571.0,196552.0,0.57,2,131,2025-05-25,320710.1926470588,-0.07128182351877879,24.2
PROP_0520,송파구,잠실동,20py,61.04,2,200881.0,114258.0,0.57,2,332,2025-10-08,229624.656394453,0.1251766985557364,35.8
PROP_0521,강남구,잠실동,30py,84.25,32,348561.0,186574.0,0.54,2,1262,2026-01-30,320710.1926470588,-0.08684104213548016,29.0
PROP_0522,송파구,개포동,20py,64.06,20,249368.0,127308.0,0.51,1,104,2025-05-14,229624.656394453,-0.08598093913587211,16.4
PROP_0523,강남구,개포동,30py,84.82,24,282511.0,165416.0,0.59,1,435,2025-03-08,320710.1926470588,0.1191081341437033,21.2
PROP_0524,강남구,개포동,20py,64.87,28,197704.0,109092.0,0.55,3,493,2025-10-25,229624.656394453,0.13901232078326625,53.0
PROP_0525,서초구,도곡동,40py,117.67,32,429288.0,245836.0,0.57,3,1354,2025-06-11,481442.3174366617,0.10832931702876968,49.8
PROP_0526,송파구,도곡동,40py,119.81,21,495868.0,259804.0,0.52,1,634,2025-02-16,481442.3174366617,-0.029963470266063906,20.4
PROP_0527,송파구,잠실동,40py,118.9,27,461277.0,272592.0,0.59,4,1486,2026-01-07,481442.3174366617,0.04188522011116031,53.9
PROP_0528,송파구,대치동,40py,115.98,6,504268.0,292520.0,0.58,4,209,2025-08-06,481442.3174366617,-0.04741104331017027,53.6
PROP_0529,강남구,잠실동,20py,64.96,24,256001.0,140218.0,0.55,2,1340,2025-03-24,229624.656394453,-0.11486720990553076,20.2
PROP_0530,강남구,도곡동,40py,112.29,10,460764.0,268248.0,0.58,2,1154,2025-05-02,481442.3174366617,0.042950768322068233,35.1
PROP_0531,송파구,대치동,40py,112.0,30,474023.0,272228.0,0.57,4,942,2025-05-19,481442.3174366617,0.015410605108757955,44.8
PROP_0532,강남구,대치동,30py,84.89,18,358857.0,196251.0,0.55,5,252,2025-06-30,320710.1926470588,-0.11894479261194454,48.5
PROP_0533,서초구,반포동,40py,119.21,33,511966.0,305309.0,0.6,3,1280,2025-06-23,481442.3174366617,-0.06340049774987633,40.5
PROP_0534,서초구,도곡동,20py,63.22,32,211370.0,126747.0,0.6,1,1199,2025-11-06,229624.656394453,0.07949780603305441,30.1
PROP_0535,강남구,대치동,30py,84.99,24,308415.0,160109.0,0.52,3,1107,2025-05-22,320710.1926470588,0.038337392851712865,49.6
PROP_0536,송파구,잠실동,40py,110.92,29,442134.0,254051.0,0.57,2,463,2025-06-05,481442.3174366617,0.08164699282346129,33.0
PROP_0537,송파구,도곡동,40py,111.35,33,550803.0,277525.0,0.5,2,823,2025-09-16,481442.3174366617,-0.1440685208824905,18.5
PROP_0538,강남구,잠실동,40py,110.54,21,442263.0,233598.0,0.53,3,904,2025-06-15,481442.3174366617,0.08137904795171251,59.9
PROP_0539,송파구,개포동,30py,84.38,22,309827.0,162095.0,0.52,1,552,2025-12-10,320710.1926470588,0.033934664056766504,32.2
PROP_0540,서초구,개포동,20py,59.26,12,237292.0,130273.0,0.55,3,940,2025-04-24,229624.656394453,-0.03339076789896604,36.3
PROP_0541,서초구,개포동,20py,61.27,32,226351.0,115277.0,0.51,4,520,2026-02-04,229624.656394453,0.014256554352026775,49.8
PROP_0542,강남구,도곡동,40py,111.87,34,479503.0,254302.0,0.53,4,1253,2025-07-15,481442.3174366617,0.00402814078950761,53.5
PROP_0543,강남구,개포동,40py,111.84,24,549433.0,277967.0,0.51,3,787,2025-07-27,481442.3174366617,-0.1412229048026779,35.9
PROP_0544,송파구,대치동,20py,59.4,30,262913.0,141024.0,0.54,4,1116,2025-04-04,229624.656394453,-0.14496850698978836,42.7
PROP_0545,강남구,대치동,30py,84.2,22,318984.0,181121.0,0.57,4,1424,2025-10-29,320710.1926470588,0.005382406567160405,48.1
PROP_0546,송파구,개포동,40py,116.61,6,534167.0,315787.0,0.59,4,1205,2025-12-20,481442.3174366617,-0.10951401788704364,49.0
PROP_0547,강남구,대치동,30py,84.87,30,306104.0,172346.0,0.56,4,629,2025-04-21,320710.1926470588,0.045543275461571955,54.1
PROP_0548,송파구,도곡동,30py,84.04,14,281624.0,161662.0,0.57,3,223,2026-01-15,320710.1926470588,0.12187387100001876,53.5
PROP_0549,강남구,개포동,40py,110.42,6,451406.0,227733.0,0.5,3,579,2025-02-18,481442.3174366617,0.06238819553001435,41.3
PROP_0550,강남구,반포동,40py,115.97,30,508291.0,270513.0,0.53,4,102,2025-09-27,481442.3174366617,-0.05576718454307979,47.8
PROP_0551,강남구,반포동,40py,118.9,31,470639.0,238522.0,0.51,3,969,2025-07-20,481442.3174366617,0.022439484535097948,45.8
PROP_0552,서초구,대치동,40py,114.77,21,509466.0,281322.0,0.55,4,718,2025-11-24,481442.3174366617,-0.058207767677225616,48.0
PROP_0553,서초구,대치동,30py,84.48,28,298652.0,160622.0,0.54,4,907,2026-01-02,320710.1926470588,0.06877920675048149,53.5
PROP_0554,서초구,반포동,20py,59.22,21,220974.0,121422.0,0.55,4,1136,2025-08-15,229624.656394453,0.03767302923947659,51.9
PROP_0555,강남구,잠실동,40py,110.42,35,475454.0,242431.0,0.51,3,1245,2025-08-13,481442.3174366617,0.012438286415172691,37.5
PROP_0556,강남구,도곡동,40py,111.73,11,500568.0,283339.0,0.57,4,696,2025-09-08,481442.3174366617,-0.03972580280264723,58.2
PROP_0557,강남구,반포동,20py,64.56,29,225182.0,116042.0,0.52,2,942,2025-11-04,229624.656394453,0.01934747106086606,41.6
PROP_0558,송파구,반포동,30py,84.12,26,344016.0,189951.0,0.55,3,1479,2025-11-01,320710.1926470588,-0.07266936906676118,34.7
PROP_0559,강남구,반포동,30py,84.31,24,309713.0,185741.0,0.6,3,1183,2025-11-21,320710.1926470588,0.03429012516344064,41.8
PROP_0560,서초구,개포동,30py,84.97,5,330397.0,171815.0,0.52,3,163,2026-01-07,320710.1926470588,-0.03020423913873393,51.1
PROP_0561,서초구,대치동,30py,84.85,11,297948.0,171838.0,0.58,4,1282,2025-10-29,320710.1926470588,0.07097433498818846,58.9
PROP_0562,송파구,도곡동,40py,111.52,23,490970.0,245830.0,0.5,1,349,2026-01-14,481442.3174366617,-0.019789873507726645,10.6
PROP_0563,강남구,반포동,20py,64.6,1,215829.0,123038.0,0.57,2,626,2025-06-05,229624.656394453,0.06007915966460756,37.5
PROP_0564,강남구,대치동,30py,84.17,33,346069.0,180987.0,0.52,4,546,2025-07-09,320710.1926470588,-0.0790707870667788,46.6
PROP_0565,서초구,도곡동,20py,64.43,1,220409.0,113638.0,0.52,2,260,2025-06-02,229624.656394453,0.040133566399865116,43.6
PROP_0566,강남구,잠실동,20py,60.17,27,240841.0,135624.0,0.56,3,665,2025-05-01,229624.656394453,-0.04884642521262782,37.7
PROP_0567,서초구,도곡동,20py,59.98,21,217487.0,116129.0,0.53,4,625,2025-10-03,229624.656394453,0.05285868070544971,59.3
PROP_0568,서초구,반포동,20py,60.05,23,216898.0,120890.0,0.56,3,308,2025-05-26,229624.656394453,0.05542373625849192,42.4
PROP_0569,서초구,도곡동,40py,111.22,25,524544.0,312063.0,0.59,3,600,2025-08-18,481442.3174366617,-0.08952616129139655,30.1
PROP_0570,서초구,개포동,30py,84.91,20,352067.0,210977.0,0.6,3,577,2025-05-04,320710.1926470588,-0.09777303020565149,25.1
PROP_0571,강남구,대치동,40py,113.96,5,449844.0,239475.0,0.53,3,957,2025-07-02,481442.3174366617,0.06563261327940652,41.9
PROP_0572,서초구,개포동,20py,63.38,7,213330.0,127876.0,0.6,3,1483,2025-06-27,229624.656394453,0.07096213729967119,41.9
PROP_0573,서초구,반포동,30py,84.03,16,365376.0,198148.0,0.54,4,1057,2025-09-07,320710.1926470588,-0.13927155536991573,49.2
PROP_0574,강남구,도곡동,20py,62.51,32,229354.0,119415.0,0.52,1,1011,2026-02-05,229624.656394453,0.0011786904712360405,15.8
PROP_0575,송파구,대치동,40py,112.89,31,531164.0,299055.0,0.56,4,535,2025-03-10,481442.3174366617,-0.10327651052377562,39.3
PROP_0576,강남구,잠실동,40py,119.88,23,481791.0,271298.0,0.56,3,1409,2025-02-23,481442.3174366617,-0.0007242457729823154,38.2
PROP_0577,서초구,도곡동,20py,62.41,17,260271.0,147737.0,0.57,4,732,2025-11-19,229624.656394453,-0.13346277393182995,46.4
PROP_0578,강남구,도곡동,40py,116.06,30,416196.0,211805.0,0.51,4,792,2025-11-12,481442.3174366617,0.13552260587322687,52.7
PROP_0579,송파구,잠실동,30py,84.78,33,274342.0,163982.0,0.6,3,1205,2026-01-18,320710.1926470588,0.14457972870880018,46.1
PROP_0580,송파구,반포동,30py,84.05,14,322517.0,190896.0,0.59,2,527,2025-08-02,320710.1926470588,-0.005633769659854813,32.6
PROP_0581,서초구,잠실동,30py,84.21,26,354381.0,187750.0,0.53,3,369,2025-03-05,320710.1926470588,-0.10498826705515991,34.3
PROP_0582,송파구,도곡동,30py,84.36,23,366512.0,202913.0,0.55,2,622,2025-05-15,320710.1926470588,-0.1428136941171247,17.2
PROP_0583,송파구,도곡동,40py,117.21,19,518260.0,292793.0,0.56,4,977,2025-10-05,481442.3174366617,-0.07647371498078175,43.5
PROP_0584,서초구,도곡동,40py,114.05,27,449992.0,239163.0,0.53,4,440,2025-11-18,481442.3174366617,0.06532520365910559,49.8
PROP_0585,강남구,도곡동,40py,110.24,27,446019.0,255133.0,0.57,2,1309,2025-08-19,481442.3174366617,0.0735774902905621,30.8
PROP_0586,서초구,반포동,30py,84.58,31,361580.0,197152.0,0.55,1,644,2025-06-26,320710.1926470588,-0.1274353241336435,14.6
PROP_0587,송파구,반포동,30py,85.0,24,280100.0,149903.0,0.54,3,350,2025-05-23,320710.1926470588,0.12662582474187303,49.4
PROP_0588,송파구,도곡동,40py,114.61,21,501638.0,263686.0,0.53,2,361,2025-03-26,481442.3174366617,-0.04194829127374173,32.0
PROP_0589,송파구,대치동,40py,112.44,9,451684.0,234591.0,0.52,3,327,2025-09-07,481442.3174366617,0.06181076394593559,39.0
PROP_0590,서초구,대치동,30py,84.58,29,335400.0,195922.0,0.58,4,619,2025-10-01,320710.1926470588,-0.045803992793915685,36.0
PROP_0591,송파구,반포동,40py,112.73,7,444491.0,256358.0,0.58,4,221,2026-02-09,481442.3174366617,0.07675128691096621,58.2
PROP_0592,송파구,반포동,20py,63.37,19,216574.0,119195.0,0.55,1,833,2025-04-12,229624.656394453,0.05683473455931649,19.0
PROP_0593,서초구,개포동,40py,110.22,31,507005.0,285247.0,0.56,3,221,2025-04-10,481442.3174366617,-0.05309604419370827,40.8
PROP_0594,강남구,대치동,20py,64.53,29,256871.0,137372.0,0.53,3,388,2025-06-21,229624.656394453,-0.11865600163922638,36.4
PROP_0595,송파구,대치동,40py,112.26,22,442925.0,255292.0,0.58,5,374,2025-06-09,481442.3174366617,0.08000401302847461,67.9
PROP_0596,서초구,반포동,20py,64.37,35,198951.0,102049.0,0.51,3,1236,2025-11-12,229624.656394453,0.13358171929830254,50.4
PROP_0597,서초구,잠실동,20py,64.18,30,214635.0,117146.0,0.55,3,647,2025-07-11,229624.656394453,0.06527894969912776,50.8
PROP_0598,송파구,대치동,30py,84.04,19,331507.0,198271.0,0.6,4,147,2025-10-23,320710.1926470588,-0.03366530780898213,44.9
PROP_0599,송파구,잠실동,40py,115.31,10,451432.0,255028.0,0.56,2,919,2025-08-07,481442.3174366617,0.062334191137258785,33.7
PROP_0600,서초구,개포동,20py,59.4,33,213886.0,115304.0,0.54,4,492,2025-06-28,229624.656394453,0.06854079453652778,58.6
PROP_0601,강남구,개포동,40py,115.95,6,482537.0,269124.0,0.56,1,216,2025-06-05,481442.3174366617,-0.0022737564266612858,16.0
PROP_0602,강남구,대치동,40py,110.7,13,454859.0,243398.0,0.54,5,308,2025-05-23,481442.3174366617,0.0552159967536692,58.2
PROP_0603,송파구,잠실동,40py,112.54,30,408221.0,218614.0,0.54,3,1088,2026-01-10,481442.3174366617,0.15208741480498264,51.9
PROP_0604,강남구,잠실동,20py,62.64,26,202344.0,108009.0,0.53,1,1131,2025-08-06,229624.656394453,0.11880543153688963,37.0
PROP_0605,서초구,잠실동,30py,84.24,28,320380.0,191835.0,0.6,1,300,2025-10-12,320710.1926470588,0.0010295670503437488,16.4
PROP_0606,송파구,도곡동,20py,63.63,33,208379.0,108698.0,0.52,1,113,2025-03-11,229624.656394453,0.09252341071751831,27.6
PROP_0607,강남구,개포동,30py,84.28,21,308965.0,176683.0,0.57,2,192,2025-05-14,320710.1926470588,0.036622448916004295,29.5
PROP_0608,서초구,반포동,40py,118.66,8,454806.0,238262.0,0.52,3,329,2025-10-16,481442.3174366617,0.055326082631209396,34.6
PROP_0609,강남구,개포동,20py,63.7,25,241063.0,124913.0,0.52,3,1468,2025-08-13,229624.656394453,-0.04981322034467429,33.4
PROP_0610,강남구,도곡동,40py,116.44,16,522489.0,274842.0,0.53,4,723,2025-07-17,481442.3174366617,-0.08525773717167767,48.2
PROP_0611,강남구,도곡동,30py,84.07,9,352327.0,184492.0,0.52,3,473,2025-08-19,320710.1926470588,-0.09858373097525919,25.8
PROP_0612,송파구,개포동,40py,117.94,34,541882.0,295517.0,0.55,1,700,2025-03-22,481442.3174366617,-0.12553878289124373,14.8
PROP_0613,서초구,도곡동,30py,84.38,1,282838.0,147634.0,0.52,3,194,2025-11-13,320710.1926470588,0.11808852202192748,45.7
PROP_0614,송파구,반포동,40py,117.6,17,528664.0,276190.0,0.52,3,407,2025-09-06,481442.3174366617,-0.09808378045112491,38.8
PROP_0615,서초구,개포동,30py,84.69,14,332980.0,176260.0,0.53,3,1163,2026-02-09,320710.1926470588,-0.03825823947679798,35.5
PROP_0616,서초구,잠실동,40py,110.3,15,494672.0,293296.0,0.59,3,384,2026-02-02,481442.3174366617,-0.027479268199307808,36.0
PROP_0617,강남구,잠실동,40py,112.19,9,496476.0,275640.0,0.56,3,850,2025-09-30,481442.3174366617,-0.031226342219732556,41.0
PROP_0618,강남구,반포동,40py,113.55,27,441008.0,226926.0,0.51,4,832,2025-09-17,481442.3174366617,0.08398579844818316,53.4
PROP_0619,송파구,도곡동,30py,84.96,4,344352.0,174474.0,0.51,3,1042,2025-10-13,320710.1926470588,-0.07371704390748496,36.2
PROP_0620,송파구,잠실동,40py,116.58,21,438975.0,222937.0,0.51,1,1235,2025-07-16,481442.3174366617,0.08820852654326272,21.4
PROP_0621,송파구,반포동,30py,84.86,34,354528.0,177567.0,0.5,1,660,2025-06-09,320710.1926470588,-0.10544662479797656,3.4
PROP_0622,강남구,대치동,30py,84.57,26,322034.0,171896.0,0.53,5,904,2025-03-21,320710.1926470588,-0.00412773707631438,62.8
PROP_0623,강남구,대치동,30py,84.61,6,305562.0,160817.0,0.53,5,1496,2025-09-30,320710.1926470588,0.04723327475821567,68.2
PROP_0624,서초구,잠실동,30py,84.93,4,353386.0,195178.0,0.55,4,489,2025-10-28,320710.1926470588,-0.10188577757146895,53.3
PROP_0625,서초구,도곡동,20py,64.23,16,197788.0,102838.0,0.52,4,630,2025-08-15,229624.656394453,0.1386465064089784,66.9
PROP_0626,송파구,반포동,30py,84.72,22,364668.0,207582.0,0.57,4,327,2025-11-11,320710.1926470588,-0.13706395481267633,36.4
PROP_0627,송파구,반포동,30py,84.83,28,273262.0,158265.0,0.58,1,662,2025-12-02,320710.1926470588,0.1479472549825552,31.5
PROP_0628,서초구,개포동,40py,117.61,32,527026.0,311594.0,0.59,1,889,2025-07-20,481442.3174366617,-0.09468150370752416,12.7
PROP_0629,서초구,개포동,30py,84.7,11,345897.0,178249.0,0.52,1,418,2026-01-20,320710.1926470588,-0.07853447732688447,19.7
PROP_0630,서초구,개포동,40py,116.09,18,519278.0,283703.0,0.55,3,1498,2025-05-06,481442.3174366617,-0.0785881946663651,40.3
PROP_0631,강남구,개포동,20py,62.02,23,224690.0,118706.0,0.53,2,141,2025-04-19,229624.656394453,0.02149009811026634,33.2
PROP_0632,강남구,잠실동,20py,64.97,10,213311.0,107292.0,0.5,3,920,2026-01-14,229624.656394453,0.07104488102718867,53.4
PROP_0633,송파구,도곡동,20py,63.78,30,205910.0,113338.0,0.55,4,477,2025-11-07,229624.656394453,0.10327574036176485,58.8
PROP_0634,송파구,반포동,30py,84.65,20,343849.0,183291.0,0.53,2,299,2026-01-10,320710.1926470588,-0.07214864972628239,33.1
PROP_0635,서초구,잠실동,30py,84.49,12,308765.0,176429.0,0.57,4,875,2025-06-18,320710.1926470588,0.037246064892625594,55.6
PROP_0636,서초구,개포동,30py,84.94,21,361427.0,198750.0,0.55,3,216,2025-06-17,320710.1926470588,-0.1269582579115282,30.5
PROP_0637,강남구,도곡동,30py,84.46,27,305398.0,172624.0,0.57,1,1111,2025-12-22,320710.1926470588,0.04774463985904513,32.3
PROP_0638,강남구,개포동,30py,84.54,7,355314.0,189459.0,0.53,2,1474,2025-12-07,320710.1926470588,-0.10789743558609827,30.2
PROP_0639,서초구,개포동,40py,119.57,21,438274.0,232446.0,0.53,3,803,2025-04-29,481442.3174366617,0.08966456805563397,50.6
PROP_0640,서초구,개포동,40py,114.73,4,535478.0,305528.0,0.57,4,891,2025-06-05,481442.3174366617,-0.11223708553714168,46.9
PROP_0641,강남구,개포동,20py,61.72,13,201362.0,103781.0,0.52,3,201,2025-11-01,229624.656394453,0.12308197576963573,53.2
PROP_0642,송파구,도곡동,20py,61.71,21,231608.0,123206.0,0.53,4,657,2025-06-02,229624.656394453,-0.008637328572154674,46.1
PROP_0643,서초구,도곡동,20py,64.03,32,201763.0,112842.0,0.56,1,459,2025-08-20,229624.656394453,0.12133564762571394,25.9
PROP_0644,강남구,도곡동,30py,84.64,7,341070.0,179025.0,0.52,4,1390,2025-08-27,320710.1926470588,-0.06348350573112946,47.4
PROP_0645,강남구,개포동,30py,84.26,15,276008.0,161654.0,0.59,1,495,2025-10-18,320710.1926470588,0.13938500762354478,30.3
PROP_0646,서초구,대치동,30py,84.25,7,279174.0,151939.0,0.54,4,596,2025-07-11,320710.1926470588,0.12951316671362964,58.2
PROP_0647,송파구,개포동,40py,112.72,14,550369.0,283553.0,0.52,1,194,2025-04-12,481442.3174366617,-0.14316706294187834,18.9
PROP_0648,서초구,잠실동,20py,64.16,8,219513.0,130145.0,0.59,2,1271,2025-08-21,229624.656394453,0.04403558639226888,34.7
PROP_0649,송파구,개포동,30py,84.73,24,298429.0,162123.0,0.54,3,1091,2025-11-26,320710.1926470588,0.06947453856441424,51.5
PROP_0650,송파구,도곡동,30py,84.87,31,356767.0,200894.0,0.56,1,407,2025-02-21,320710.1926470588,-0.11242800565625198,20.0
PROP_0651,강남구,개포동,30py,84.42,1,342822.0,194640.0,0.57,2,874,2025-03-19,320710.1926470588,-0.06894638168633203,30.0
PROP_0652,강남구,개포동,20py,59.36,31,244153.0,126801.0,0.52,3,984,2025-07-09,229624.656394453,-0.06326996339883459,38.8
PROP_0653,강남구,반포동,30py,84.7,4,310092.0,176775.0,0.57,2,683,2025-06-15,320710.1926470588,0.033108372887743286,36.9
PROP_0654,서초구,개포동,20py,64.09,4,245262.0,146822.0,0.6,3,337,2025-09-19,229624.656394453,-0.06809958412603968,39.2
PROP_0655,서초구,대치동,30py,84.57,3,288181.0,149987.0,0.52,4,1292,2025-12-02,320710.1926470588,0.10142862120648952,56.0
PROP_0656,강남구,반포동,40py,112.42,16,475583.0,237794.0,0.5,4,1251,2025-09-03,481442.3174366617,0.012170341543423915,54.5
PROP_0657,송파구,도곡동,30py,84.3,13,322156.0,167050.0,0.52,4,657,2025-04-14,320710.1926470588,-0.004508142822053372,41.6
PROP_0658,서초구,도곡동,20py,60.61,31,212080.0,119240.0,0.56,2,1095,2025-11-14,229624.656394453,0.07640580358371661,35.8
PROP_0659,서초구,도곡동,30py,84.89,7,279999.0,142752.0,0.51,4,727,2025-08-21,320710.1926470588,0.12694075081006678,52.9
PROP_0660,강남구,잠실동,40py,112.63,30,478981.0,263622.0,0.55,2,1280,2025-05-17,481442.3174366617,0.005112382828677077,26.9
PROP_0661,송파구,개포동,20py,64.69,31,250561.0,149954.0,0.6,3,331,2025-11-05,229624.656394453,-0.09117637423736506,36.7
PROP_0662,강남구,잠실동,40py,112.89,24,528369.0,315744.0,0.6,2,1377,2025-07-04,481442.3174366617,-0.09747103830255213,29.9
PROP_0663,송파구,도곡동,30py,84.84,9,288870.0,162538.0,0.56,3,258,2025-10-29,320710.1926470588,0.09928026416702915,51.2
PROP_0664,강남구,대치동,40py,119.08,32,429240.0,229935.0,0.54,4,1335,2025-08-20,481442.3174366617,0.10842901744616457,46.1
PROP_0665,송파구,대치동,20py,59.46,15,260082.0,138122.0,0.53,3,241,2025-07-23,229624.656394453,-0.13263969158968228,41.6
PROP_0666,강남구,반포동,40py,116.35,35,531664.0,271461.0,0.51,4,877,2025-10-29,481442.3174366617,-0.10431505653830576,49.1
PROP_0667,송파구,잠실동,40py,113.8,29,429612.0,257031.0,0.6,3,1492,2026-01-07,481442.3174366617,0.10765633921135413,49.4
PROP_0668,강남구,반포동,20py,61.25,12,237897.0,128379.0,0.54,2,1492,2025-10-11,229624.656394453,-0.03602550238044403,30.5
PROP_0669,서초구,반포동,30py,84.82,7,360363.0,192590.0,0.53,4,464,2026-01-13,320710.1926470588,-0.12364062091590292,40.5
PROP_0670,송파구,개포동,30py,84.8,20,308815.0,160174.0,0.52,4,1037,2025-06-20,320710.1926470588,0.03709016089847027,53.8
PROP_0671,송파구,잠실동,20py,62.73,30,232802.0,135984.0,0.58,4,1229,2025-12-16,229624.656394453,-0.013837118606674867,42.5
PROP_0672,송파구,반포동,20py,64.39,10,256812.0,137116.0,0.53,2,352,2025-08-06,229624.656394453,-0.11839906059061943,22.9
PROP_0673,송파구,잠실동,30py,84.48,29,308796.0,157338.0,0.51,4,1071,2026-02-15,320710.1926470588,0.03714940441624929,56.4
PROP_0674,송파구,대치동,20py,61.88,17,255758.0,141666.0,0.55,3,955,2025-09-17,229624.656394453,-0.11380896117991234,43.3
PROP_0675,강남구,반포동,30py,84.18,19,275416.0,159152.0,0.58,2,874,2025-10-05,320710.1926470588,0.1412309109143438,41.5
PROP_0676,서초구,잠실동,30py,84.03,32,305578.0,165840.0,0.54,3,339,2025-10-14,320710.1926470588,0.047183385480085965,35.1
PROP_0677,송파구,잠실동,20py,63.75,6,223821.0,131116.0,0.59,3,724,2025-07-11,229624.656394453,0.02527453491093472,49.8
PROP_0678,강남구,대치동,40py,113.52,30,485482.0,281872.0,0.58,4,1255,2025-11-10,481442.3174366617,-0.008390792452243816,50.2
PROP_0679,강남구,도곡동,40py,119.83,34,500539.0,299910.0,0.6,1,565,2025-11-15,481442.3174366617,-0.03966556713380448,23.4
PROP_0680,강남구,대치동,40py,112.33,25,437131.0,259155.0,0.59,5,1285,2025-04-17,481442.3174366617,0.09203868424484987,62.7
PROP_0681,서초구,대치동,40py,118.62,12,426917.0,251655.0,0.59,5,300,2025-02-19,481442.3174366617,0.1132541022296716,74.7
PROP_0682,강남구,대치동,30py,84.14,4,348873.0,200354.0,0.57,5,538,2025-11-26,320710.1926470588,-0.08781388305900938,49.9
PROP_0683,송파구,도곡동,20py,63.72,27,222627.0,127447.0,0.57,1,441,2025-10-11,229624.656394453,0.030474324945454913,28.7
PROP_0684,강남구,반포동,30py,84.56,12,276007.0,155555.0,0.56,4,1014,2025-04-11,320710.1926470588,0.1393881257034279,57.4
PROP_0685,서초구,개포동,20py,64.02,4,200091.0,101789.0,0.51,3,571,2026-02-08,229624.656394453,0.12861709564725313,42.3
PROP_0686,서초구,대치동,30py,84.19,24,326672.0,169988.0,0.52,5,1343,2025-12-04,320710.1926470588,-0.018589391574162267,66.6
PROP_0687,강남구,도곡동,40py,111.99,12,424046.0,229717.0,0.54,1,995,2025-11-30,481442.3174366617,0.11921743344510367,23.3
PROP_0688,서초구,대치동,20py,62.15,7,259761.0,139718.0,0.54,3,1286,2025-10-13,229624.656394453,-0.13124175808793942,23.8
PROP_0689,송파구,반포동,20py,59.95,20,216226.0,120351.0,0.56,3,901,2025-03-02,229624.656394453,0.058350251252794735,50.9
PROP_0690,강남구,반포동,20py,59.35,34,248621.0,144301.0,0.58,1,939,2025-07-18,229624.656394453,-0.08272780416452656,16.8
PROP_0691,송파구,반포동,30py,84.79,29,303596.0,164452.0,0.54,2,1304,2025-09-15,320710.1926470588,0.05336341980840302,32.2
PROP_0692,강남구,개포동,20py,60.63,2,218810.0,120530.0,0.55,3,603,2025-11-28,229624.656394453,0.04709710431041603,40.3
PROP_0693,서초구,개포동,20py,63.58,27,260283.0,137642.0,0.53,2,288,2025-12-14,229624.656394453,-0.13351503312815677,15.6
PROP_0694,송파구,대치동,20py,59.97,4,240813.0,126332.0,0.52,3,1343,2026-01-28,229624.656394453,-0.0487244870878652,33.0
PROP_0695,서초구,대치동,40py,114.34,10,520804.0,312411.0,0.6,3,104,2025-06-28,481442.3174366617,-0.08175783710271109,33.0
PROP_0696,송파구,반포동,20py,60.83,6,255299.0,132036.0,0.52,3,218,2025-03-15,229624.656394453,-0.11181004692041085,40.2
PROP_0697,송파구,잠실동,40py,118.19,29,536304.0,314974.0,0.59,4,795,2026-01-27,481442.3174366617,-0.11395276355314547,48.6
PROP_0698,강남구,도곡동,40py,115.02,25,459478.0,253311.0,0.55,3,843,2025-06-07,481442.3174366617,0.045621908671439754,47.3
PROP_0699,강남구,잠실동,40py,110.62,14,530092.0,282920.0,0.53,1,137,2025-09-03,481442.3174366617,-0.101049867868623,10.7
PROP_0700,서초구,반포동,30py,84.34,23,273544.0,150372.0,0.55,1,836,2025-04-14,320710.1926470588,0.14706795645551918,29.3
PROP_0701,서초구,개포동,30py,84.03,29,356188.0,210060.0,0.59,1,824,2025-11-08,320710.1926470588,-0.11062263740393333,18.0
PROP_0702,강남구,대치동,30py,84.45,14,335230.0,185248.0,0.55,5,878,2026-01-19,320710.1926470588,-0.04527391921378758,62.3
PROP_0703,서초구,도곡동,30py,84.03,35,349597.0,186383.0,0.53,4,691,2025-10-01,320710.1926470588,-0.09007137289437847,43.4
PROP_0704,강남구,대치동,30py,84.73,32,288520.0,173085.0,0.6,5,617,2025-05-28,320710.1926470588,0.10037159212611642,69.3
PROP_0705,강남구,개포동,30py,84.41,15,286708.0,153493.0,0.54,3,1341,2025-03-31,320710.1926470588,0.10602155287430537,42.6
PROP_0706,강남구,대치동,40py,119.27,1,533396.0,304444.0,0.57,3,508,2025-09-29,481442.3174366617,-0.10791257993263817,31.0
PROP_0707,서초구,개포동,40py,115.22,28,486274.0,257945.0,0.53,4,461,2026-01-29,481442.3174366617,-0.01003584933925956,50.7
PROP_0708,강남구,대치동,20py,60.85,20,230863.0,126994.0,0.55,3,200,2025-03-28,229624.656394453,-0.005392903466863599,38.4
PROP_0709,송파구,대치동,30py,84.95,4,329400.0,168410.0,0.51,4,427,2025-04-22,320710.1926470588,-0.027095513495276762,41.1
PROP_0710,송파구,도곡동,30py,84.93,15,335419.0,194485.0,0.58,3,1442,2025-08-29,320710.1926470588,-0.045863236311694706,36.4
PROP_0711,송파구,개포동,40py,118.49,13,472195.0,243163.0,0.51,1,764,2025-07-24,481442.3174366617,0.019207529337880152,20.9
PROP_0712,강남구,잠실동,20py,63.15,13,207603.0,120887.0,0.58,4,707,2025-06-15,229624.656394453,0.09590283874665372,62.3
PROP_0713,강남구,잠실동,30py,84.86,29,277597.0,162801.0,0.59,4,490,2026-01-21,320710.1926470588,0.1344303786892886,60.1
PROP_0714,강남구,개포동,20py,60.55,18,211399.0,125715.0,0.59,4,1500,2025-07-10,229624.656394453,0.07937151297526455,55.5
PROP_0715,강남구,개포동,30py,84.02,25,352646.0,200061.0,0.57,3,284,2026-02-05,320710.1926470588,-0.09957839845797016,32.0
PROP_0716,강남구,잠실동,30py,84.15,4,352236.0,194091.0,0.55,2,1289,2025-10-01,320710.1926470588,-0.0982999857058965,26.6
PROP_0717,송파구,도곡동,20py,64.3,15,241309.0,125765.0,0.52,3,186,2026-01-05,229624.656394453,-0.05088453386937443,34.7
PROP_0718,송파구,도곡동,40py,113.54,30,461868.0,259446.0,0.56,3,818,2025-05-13,481442.3174366617,0.040657658721985686,34.7
PROP_0719,강남구,대치동,40py,112.36,14,503337.0,263125.0,0.52,4,1186,2025-11-07,481442.3174366617,-0.04547727063111515,44.8
PROP_0720,송파구,도곡동,40py,114.08,13,431896.0,219162.0,0.51,2,1403,2025-07-05,481442.3174366617,0.10291226101698045,34.0
PROP_0721,송파구,대치동,30py,84.77,18,339603.0,184085.0,0.54,4,132,2025-10-24,320710.1926470588,-0.05890928254261225,51.2
PROP_0722,서초구,반포동,20py,63.28,25,262906.0,144631.0,0.55,3,1372,2025-07-09,229624.656394453,-0.14493802245859772,38.2
PROP_0723,강남구,도곡동,20py,60.46,14,236846.0,133155.0,0.56,4,1347,2026-01-19,229624.656394453,-0.031448467768818635,52.5
PROP_0724,강남구,도곡동,20py,61.47,16,224232.0,116561.0,0.52,4,509,2026-01-18,229624.656394453,0.023484657436740584,57.5
PROP_0725,서초구,도곡동,30py,84.69,34,342433.0,192032.0,0.56,4,745,2025-07-16,320710.1926470588,-0.06773344861180361,50.7
PROP_0726,송파구,대치동,30py,84.97,24,308936.0,183031.0,0.59,5,344,2025-09-23,320710.1926470588,0.036712873232614386,60.5
PROP_0727,강남구,잠실동,40py,119.36,17,534160.0,310342.0,0.58,4,393,2025-07-10,481442.3174366617,-0.10949947824284022,57.6
PROP_0728,서초구,대치동,20py,61.55,16,250586.0,137964.0,0.55,3,641,2025-04-22,229624.656394453,-0.09128524756304597,41.9
PROP_0729,강남구,잠실동,20py,60.87,32,243570.0,126471.0,0.52,3,1472,2025-08-22,229624.656394453,-0.0607310374439558,39.3
PROP_0730,강남구,도곡동,30py,84.21,6,342605.0,203704.0,0.59,1,1461,2025-05-12,320710.1926470588,-0.06826975835169792,15.9
PROP_0731,송파구,대치동,40py,112.81,22,494272.0,264837.0,0.54,4,1194,2025-09-29,481442.3174366617,-0.026648431387683694,50.5
PROP_0732,송파구,개포동,40py,114.05,15,486565.0,245620.0,0.5,4,318,2025-12-01,481442.3174366617,-0.010640283119716102,43.0
PROP_0733,강남구,대치동,30py,84.06,33,279078.0,148499.0,0.53,4,399,2025-11-13,320710.1926470588,0.12981250238240788,63.6
PROP_0734,송파구,도곡동,40py,114.9,27,521486.0,291634.0,0.56,3,149,2025-11-02,481442.3174366617,-0.08317441386653021,33.3
PROP_0735,송파구,반포동,30py,84.9,18,327692.0,168970.0,0.52,4,924,2025-08-12,320710.1926470588,-0.02176983305493088,46.4
PROP_0736,강남구,반포동,20py,63.08,25,239237.0,124462.0,0.52,1,113,2025-03-14,229624.656394453,-0.04186111263694073,16.4
PROP_0737,강남구,대치동,40py,119.95,34,448210.0,235005.0,0.52,5,685,2025-11-19,481442.3174366617,0.06902658165489102,61.8
PROP_0738,강남구,도곡동,20py,63.94,31,219318.0,120759.0,0.55,2,112,2025-07-14,229624.656394453,0.04488479833257997,38.2
PROP_0739,서초구,개포동,20py,59.29,3,238542.0,133609.0,0.56,3,1223,2025-08-04,229624.656394453,-0.03883443418301147,44.9
PROP_0740,송파구,잠실동,20py,59.66,20,238006.0,122527.0,0.51,4,465,2025-06-17,229624.656394453,-0.03650019008041279,65.1
PROP_0741,송파구,반포동,40py,114.03,33,431660.0,243725.0,0.56,4,1374,2025-12-16,481442.3174366617,0.10340245473583869,49.6
PROP_0742,강남구,개포동,30py,84.86,16,275957.0,151423.0,0.55,1,1404,2025-09-20,320710.1926470588,0.1395440296975832,28.2
PROP_0743,강남구,대치동,40py,112.92,13,489847.0,252740.0,0.52,3,298,2025-06-06,481442.3174366617,-0.017457299159091947,45.1
PROP_0744,서초구,도곡동,40py,113.21,25,509360.0,269268.0,0.53,3,935,2026-02-05,481442.3174366617,-0.05798759592214523,40.4
PROP_0745,서초구,도곡동,20py,63.43,22,215083.0,119602.0,0.56,4,1243,2025-05-18,229624.656394453,0.06332793970292587,50.5
PROP_0746,강남구,대치동,40py,113.12,4,515107.0,299987.0,0.58,4,1381,2025-09-30,481442.3174366617,-0.06992464381315466,58.3
PROP_0747,강남구,반포동,40py,112.7,23,539763.0,285086.0,0.53,1,232,2026-01-13,481442.3174366617,-0.12113742488166498,10.7
PROP_0748,강남구,도곡동,20py,60.29,11,199272.0,116515.0,0.58,2,1056,2025-06-04,229624.656394453,0.13218378579655968,30.3
PROP_0749,송파구,개포동,40py,115.31,13,454249.0,235740.0,0.52,2,123,2025-05-09,481442.3174366617,0.05648302289139597,33.6
PROP_0750,강남구,대치동,30py,84.4,34,314199.0,175245.0,0.56,5,340,2025-09-27,320710.1926470588,0.020302418807824945,64.9
PROP_0751,서초구,대치동,30py,84.89,1,303888.0,153454.0,0.5,5,1466,2025-07-06,320710.1926470588,0.05245294048253593,66.0
PROP_0752,송파구,도곡동,40py,118.83,3,471756.0,278019.0,0.59,2,689,2025-04-29,481442.3174366617,0.020119372738637613,23.0
PROP_0753,송파구,반포동,40py,118.9,9,497832.0,264588.0,0.53,2,1015,2025-12-20,481442.3174366617,-0.0340428790111383,28.3
PROP_0754,송파구,도곡동,30py,84.27,33,319701.0,175106.0,0.55,3,882,2026-01-06,320710.1926470588,0.0031467432909730534,30.6
PROP_0755,서초구,잠실동,30py,84.26,34,359008.0,191276.0,0.53,1,189,2025-12-09,320710.1926470588,-0.11941562267429362,12.3
PROP_0756,강남구,대치동,30py,84.69,3,275047.0,156290.0,0.57,3,826,2026-01-06,320710.1926470588,0.14238148239121012,48.4
PROP_0757,강남구,개포동,30py,84.78,28,344586.0,194447.0,0.56,1,1291,2025-04-11,320710.1926470588,-0.07444667460013187,12.7
PROP_0758,송파구,개포동,30py,84.21,18,345832.0,192591.0,0.56,2,116,2025-12-03,320710.1926470588,-0.07833180213448256,27.3
PROP_0759,강남구,대치동,20py,59.16,19,232680.0,137485.0,0.59,5,441,2025-12-27,229624.656394453,-0.013305816777352033,54.4
PROP_0760,서초구,대치동,20py,62.77,4,234076.0,130780.0,0.56,5,1215,2025-12-24,229624.656394453,-0.019385303283373966,68.5
PROP_0761,서초구,잠실동,20py,64.31,6,216065.0,112513.0,0.52,2,950,2025-08-14,229624.656394453,0.05905139547017979,22.1
PROP_0762,송파구,반포동,20py,64.89,29,233137.0,117716.0,0.5,3,312,2025-10-30,229624.656394453,-0.015296021170799041,46.5
PROP_0763,서초구,반포동,40py,113.93,30,501664.0,285235.0,0.57,3,283,2025-08-21,481442.3174366617,-0.0420022956664973,40.4
PROP_0764,서초구,대치동,40py,110.17,4,486317.0,282148.0,0.58,3,1120,2025-05-18,481442.3174366617,-0.010125164296509151,44.8
PROP_0765,서초구,대치동,40py,114.77,1,437969.0,244985.0,0.56,5,159,2025-07-04,481442.3174366617,0.09029808112449736,66.0
PROP_0766,서초구,대치동,30py,84.22,24,323799.0,176422.0,0.54,4,213,2025-05-07,320710.1926470588,-0.00963114806999733,50.6
PROP_0767,서초구,잠실동,20py,60.05,1,207084.0,119486.0,0.58,2,1414,2026-02-08,229624.656394453,0.09816304898778938,34.7
PROP_0768,서초구,잠실동,20py,63.41,3,254131.0,143585.0,0.57,1,1254,2025-10-28,229624.656394453,-0.1067234851445988,12.6
PROP_0769,강남구,잠실동,20py,62.28,6,200793.0,108893.0,0.54,1,1312,2025-10-23,229624.656394453,0.1255599326621332,28.9
PROP_0770,송파구,반포동,30py,84.19,5,278421.0,148751.0,0.53,1,302,2025-02-25,320710.1926470588,0.13186108086560883,28.5
PROP_0771,서초구,도곡동,40py,113.04,30,439299.0,238515.0,0.54,3,1227,2025-10-15,481442.3174366617,0.08753554872584719,30.8
PROP_0772,강남구,반포동,20py,59.8,9,224842.0,131714.0,0.59,1,1258,2025-12-13,229624.656394453,0.020828148290126414,25.2
PROP_0773,송파구,개포동,20py,60.9,4,206888.0,121723.0,0.59,2,337,2025-03-03,229624.656394453,0.0990166158611277,34.6
PROP_0774,송파구,잠실동,30py,84.86,18,298304.0,170297.0,0.57,4,979,2026-01-16,320710.1926470588,0.06986429854980256,51.1
PROP_0775,서초구,도곡동,20py,64.41,18,199735.0,113530.0,0.57,1,1205,2025-08-15,229624.656394453,0.13016745180494926,22.1
PROP_0776,서초구,개포동,40py,113.54,26,414025.0,247088.0,0.6,2,1479,2025-12-22,481442.3174366617,0.14003197266831674,42.8
PROP_0777,강남구,반포동,40py,115.56,8,421244.0,235452.0,0.56,4,576,2025-11-01,481442.3174366617,0.12503744531053057,58.5
PROP_0778,강남구,반포동,20py,63.12,31,230887.0,115931.0,0.5,2,1321,2025-09-15,229624.656394453,-0.005497421859517271,30.4
PROP_0779,강남구,도곡동,40py,111.21,16,548851.0,310255.0,0.57,1,1290,2025-11-06,481442.3174366617,-0.14001403724176484,14.4
PROP_0780,송파구,대치동,40py,116.68,34,471610.0,256676.0,0.54,5,1191,2025-06-08,481442.3174366617,0.020422628174880414,62.0
PROP_0781,서초구,반포동,30py,84.58,33,304469.0,153618.0,0.5,3,1048,2026-01-22,320710.1926470588,0.050641336070451064,46.8
PROP_0782,서초구,반포동,30py,84.29,12,308096.0,160486.0,0.52,2,733,2025-10-17,320710.1926470588,0.03933206033442383,35.9
PROP_0783,서초구,반포동,20py,59.25,24,261371.0,153907.0,0.59,2,748,2025-12-16,229624.656394453,-0.13825320026178992,29.0
PROP_0784,송파구,반포동,30py,84.2,33,330316.0,186004.0,0.56,2,1399,2025-03-05,320710.1926470588,-0.029951674668202304,25.2
PROP_0785,송파구,개포동,20py,64.31,15,238971.0,119929.0,0.5,1,480,2025-12-30,229624.656394453,-0.04070270045169586,17.9
PROP_0786,서초구,대치동,20py,59.44,32,244578.0,130880.0,0.54,4,1209,2025-08-30,229624.656394453,-0.06512080993541003,38.5
PROP_0787,서초구,반포동,40py,111.1,22,474373.0,259260.0,0.55,4,123,2025-12-15,481442.3174366617,0.014683622898586856,53.3
PROP_0788,송파구,잠실동,30py,84.09,24,367947.0,201030.0,0.55,3,1237,2025-02-19,320710.1926470588,-0.1472881387493825,30.0
PROP_0789,강남구,개포동,40py,110.1,2,503396.0,278226.0,0.55,3,439,2025-03-26,481442.3174366617,-0.04559981906082971,39.3
PROP_0790,강남구,도곡동,20py,64.02,31,264440.0,153398.0,0.58,2,449,2025-09-23,229624.656394453,-0.15161848972237826,22.4
PROP_0791,서초구,도곡동,30py,84.99,23,295888.0,148099.0,0.5,1,610,2025-07-15,320710.1926470588,0.07739757954738782,35.9
PROP_0792,송파구,반포동,40py,111.02,27,441825.0,227722.0,0.52,2,388,2025-11-25,481442.3174366617,0.08228881426044092,27.3
PROP_0793,송파구,대치동,30py,84.42,29,334942.0,192534.0,0.57,5,286,2025-07-17,320710.1926470588,-0.04437591220745291,57.6
PROP_0794,송파구,대치동,30py,84.73,27,330103.0,176983.0,0.54,3,727,2026-02-08,320710.1926470588,-0.02928752365310062,37.8
PROP_0795,서초구,대치동,40py,110.07,26,491894.0,253582.0,0.52,5,163,2025-05-03,481442.3174366617,-0.021709106542578346,63.6
PROP_0796,서초구,반포동,30py,84.15,3,324902.0,172863.0,0.53,1,602,2025-05-12,320710.1926470588,-0.013070390181063785,19.7
PROP_0797,송파구,도곡동,20py,60.4,27,216489.0,115535.0,0.53,4,1329,2025-05-10,229624.656394453,0.05720490386663158,48.1
PROP_0798,송파구,반포동,40py,111.51,13,429954.0,227324.0,0.53,3,329,2025-06-16,481442.3174366617,0.10694597373741552,47.7
PROP_0799,송파구,개포동,20py,64.86,21,255729.0,137557.0,0.54,3,776,2025-07-08,229624.656394453,-0.11368266812212248,33.6
PROP_0800,강남구,잠실동,40py,111.17,4,524676.0,274821.0,0.52,1,128,2025-12-18,481442.3174366617,-0.0898003374392325,13.2
PROP_0801,송파구,개포동,40py,112.36,31,492268.0,250064.0,0.51,2,139,2025-05-24,481442.3174366617,-0.02248593896144689,23.7
PROP_0802,서초구,잠실동,20py,64.57,19,239504.0,139632.0,0.58,4,267,2025-06-14,229624.656394453,-0.04302387975521283,54.2
PROP_0803,송파구,대치동,40py,111.15,14,503075.0,277272.0,0.55,3,1017,2025-06-15,481442.3174366617,-0.044933072519501356,32.3
PROP_0804,송파구,반포동,30py,84.98,1,309231.0,183666.0,0.59,4,804,2025-08-11,320710.1926470588,0.03579303966709797,48.5
PROP_0805,강남구,대치동,30py,84.25,5,318305.0,187753.0,0.59,5,981,2025-07-02,320710.1926470588,0.007499582807789709,65.0
PROP_0806,강남구,개포동,40py,110.32,9,422359.0,236197.0,0.56,4,1343,2025-09-27,481442.3174366617,0.12272148769812836,51.5
PROP_0807,강남구,개포동,20py,64.2,5,203542.0,119092.0,0.59,1,675,2025-02-16,229624.656394453,0.1135882217702605,17.0
PROP_0808,강남구,대치동,40py,119.0,4,440829.0,241131.0,0.55,5,377,2025-09-18,481442.3174366617,0.08435759792138496,64.4
PROP_0809,서초구,도곡동,30py,84.05,1,286948.0,155743.0,0.54,2,621,2025-06-14,320710.1926470588,0.10527321370235981,40.6
PROP_0810,강남구,반포동,30py,84.54,20,330498.0,172644.0,0.52,3,126,2025-05-02,320710.1926470588,-0.030519165206927684,39.2
PROP_0811,강남구,도곡동,20py,61.68,34,208483.0,110529.0,0.53,4,1284,2025-03-05,229624.656394453,0.09207049768268573,50.3
PROP_0812,송파구,대치동,40py,115.34,15,473406.0,253618.0,0.54,4,984,2026-01-01,481442.3174366617,0.016692170890688147,47.8
PROP_0813,서초구,잠실동,40py,118.71,18,542832.0,313614.0,0.58,2,201,2025-02-20,481442.3174366617,-0.12751202031885098,35.0
PROP_0814,강남구,개포동,40py,116.53,7,484273.0,242407.0,0.5,4,611,2025-07-10,481442.3174366617,-0.005879588189109935,50.8
PROP_0815,서초구,반포동,20py,60.4,20,238687.0,132965.0,0.56,4,553,2025-03-15,229624.656394453,-0.03946589947196074,44.8
PROP_0816,서초구,잠실동,40py,112.07,7,424845.0,223189.0,0.53,4,1293,2025-05-07,481442.3174366617,0.11755783691388451,53.9
PROP_0817,서초구,잠실동,40py,118.79,18,459786.0,275777.0,0.6,4,1324,2025-05-14,481442.3174366617,0.04498216432648919,55.4
PROP_0818,강남구,도곡동,40py,118.35,29,443002.0,228481.0,0.52,3,1428,2025-11-30,481442.3174366617,0.07984407694223697,48.7
PROP_0819,송파구,도곡동,40py,119.06,30,540203.0,302469.0,0.56,4,753,2025-06-27,481442.3174366617,-0.1220513453744515,50.0
PROP_0820,서초구,대치동,40py,111.22,25,546858.0,285354.0,0.52,5,1275,2025-09-20,481442.3174366617,-0.1358743928278477,50.4
PROP_0821,강남구,잠실동,20py,60.42,30,226571.0,124288.0,0.55,4,1390,2025-02-20,229624.656394453,0.01329846908603478,52.1
PROP_0822,송파구,반포동,30py,84.08,6,282786.0,149821.0,0.53,2,1244,2025-09-04,320710.1926470588,0.11825066217584901,31.2
PROP_0823,강남구,반포동,40py,115.3,28,440815.0,264197.0,0.6,1,1047,2025-06-02,481442.3174366617,0.0843866772097918,34.9
PROP_0824,강남구,대치동,20py,61.87,22,207182.0,115196.0,0.56,3,752,2025-09-15,229624.656394453,0.09773626555112021,48.4
PROP_0825,강남구,잠실동,30py,84.1,35,330301.0,184907.0,0.56,3,632,2025-10-18,320710.1926470588,-0.029904903469955706,35.4
PROP_0826,송파구,잠실동,20py,64.67,24,221756.0,126167.0,0.57,4,664,2025-08-09,229624.656394453,0.03426747161217777,54.1
PROP_0827,서초구,반포동,40py,113.58,26,469958.0,267043.0,0.57,2,280,2025-05-28,481442.3174366617,0.023853984206888,31.2
PROP_0828,서초구,반포동,40py,115.82,24,456549.0,269707.0,0.59,3,885,2025-07-29,481442.3174366617,0.051705711224557326,47.8
PROP_0829,서초구,잠실동,20py,60.3,14,234396.0,138669.0,0.59,1,1171,2025-02-16,229624.656394453,-0.020778881852089596,25.6
PROP_0830,송파구,잠실동,40py,113.68,4,442290.0,257788.0,0.58,1,129,2025-06-24,481442.3174366617,0.08132296646692788,34.1
PROP_0831,서초구,반포동,20py,63.13,25,235227.0,122517.0,0.52,1,833,2026-02-08,229624.656394453,-0.024397831197722996,19.4
PROP_0832,송파구,반포동,40py,114.51,1,472804.0,274588.0,0.58,1,874,2025-06-03,481442.3174366617,0.017942580292182438,13.5
PROP_0833,강남구,도곡동,30py,84.14,17,343182.0,176434.0,0.51,4,751,2025-09-18,320710.1926470588,-0.07006889044425037,54.0
PROP_0834,강남구,잠실동,30py,84.53,9,279580.0,165395.0,0.59,1,1339,2025-12-23,320710.1926470588,0.12824722628108842,25.1
PROP_0835,송파구,대치동,20py,60.81,18,242738.0,137019.0,0.56,3,309,2025-10-08,229624.656394453,-0.05710773316529516,43.0
PROP_0836,서초구,도곡동,40py,112.3,11,478424.0,241938.0,0.51,3,388,2025-04-10,481442.3174366617,0.006269323088863654,49.1
PROP_0837,강남구,개포동,20py,64.99,19,240722.0,127700.0,0.53,2,334,2025-04-04,229624.656394453,-0.0483281881823867,23.8
PROP_0838,송파구,대치동,30py,84.76,15,318578.0,189045.0,0.59,3,939,2025-04-18,320710.1926470588,0.006648346999701638,41.7
PROP_0839,강남구,반포동,40py,117.88,34,506197.0,296367.0,0.59,3,1266,2025-03-07,481442.3174366617,-0.05141775383422756,37.6
PROP_0840,서초구,대치동,40py,113.45,18,535386.0,284940.0,0.53,3,1083,2025-07-24,481442.3174366617,-0.11204599307046813,36.0
PROP_0841,서초구,반포동,40py,112.52,19,480190.0,249187.0,0.52,2,842,2025-09-29,481442.3174366617,0.002601178565543196,37.7
PROP_0842,송파구,대치동,30py,84.33,35,341894.0,185341.0,0.54,4,983,2025-07-02,320710.1926470588,-0.0660528035548092,46.4
PROP_0843,송파구,개포동,40py,115.29,17,535451.0,268200.0,0.5,4,667,2025-07-22,481442.3174366617,-0.11218100405235705,48.0
PROP_0844,송파구,대치동,30py,84.55,33,341007.0,170841.0,0.5,4,944,2026-01-06,320710.1926470588,-0.06328706669849375,42.6
PROP_0845,서초구,도곡동,40py,117.54,21,532831.0,275849.0,0.52,2,238,2025-06-10,481442.3174366617,-0.1067390229362191,19.2
PROP_0846,강남구,개포동,40py,118.64,18,412395.0,209384.0,0.51,2,950,2026-01-01,481442.3174366617,0.14341763267568503,42.0
PROP_0847,송파구,도곡동,40py,114.87,9,449803.0,266777.0,0.59,1,1002,2025-02-20,481442.3174366617,0.06571777405259799,21.6
PROP_0848,서초구,반포동,30py,84.17,6,285288.0,150980.0,0.53,4,566,2025-03-11,320710.1926470588,0.11044922630831658,67.1
PROP_0849,송파구,반포동,30py,84.73,35,360337.0,205036.0,0.57,4,246,2025-11-20,320710.1926470588,-0.12355955083894214,45.1
PROP_0850,강남구,반포동,40py,114.28,21,538295.0,320355.0,0.6,4,1290,2025-09-18,481442.3174366617,-0.11808825378300448,49.5
PROP_0851,강남구,반포동,30py,84.6,23,304333.0,168389.0,0.55,2,1335,2025-07-12,320710.1926470588,0.051065394934553546,35.9
PROP_0852,강남구,잠실동,40py,112.45,14,464916.0,241635.0,0.52,2,812,2025-12-09,481442.3174366617,0.03432668221740994,32.1
PROP_0853,서초구,반포동,40py,117.11,20,455378.0,239625.0,0.53,1,469,2025-06-17,481442.3174366617,0.05413798599058691,27.8
PROP_0854,송파구,개포동,30py,84.31,35,359721.0,197304.0,0.55,1,1372,2025-08-09,320710.1926470588,-0.12163881363094856,18.9
PROP_0855,강남구,개포동,30py,84.14,21,308015.0,181478.0,0.59,1,608,2025-12-02,320710.1926470588,0.039584624804955455,23.7
PROP_0856,서초구,개포동,20py,63.61,3,198130.0,103416.0,0.52,4,1349,2025-04-16,229624.656394453,0.1371571193136636,49.7
PROP_0857,송파구,대치동,30py,84.03,7,359210.0,192844.0,0.54,5,1473,2025-03-14,320710.1926470588,-0.12004547481068113,70.2
PROP_0858,송파구,개포동,20py,59.8,29,196006.0,115029.0,0.59,3,1171,2025-08-15,229624.656394453,0.14640699706351357,38.7
PROP_0859,강남구,반포동,40py,115.64,21,447837.0,233016.0,0.52,4,811,2025-02-21,481442.3174366617,0.0698013369817305,55.5
PROP_0860,송파구,도곡동,20py,64.7,31,226432.0,113925.0,0.5,3,1376,2025-09-19,229624.656394453,0.013903804776820631,42.8
PROP_0861,송파구,개포동,40py,119.75,26,414481.0,211965.0,0.51,3,427,2025-04-22,481442.3174366617,0.13908481870306527,56.5
PROP_0862,강남구,잠실동,40py,114.83,13,503750.0,292739.0,0.58,2,242,2025-11-25,481442.3174366617,-0.04633510963911705,37.4
PROP_0863,서초구,대치동,20py,63.17,1,227076.0,129679.0,0.57,3,994,2026-01-05,229624.656394453,0.011099227907280428,36.0
PROP_0864,서초구,도곡동,20py,61.01,9,198355.0,116073.0,0.59,2,543,2025-05-20,229624.656394453,0.13617725938253541,32.4
PROP_0865,서초구,대치동,30py,84.08,23,361528.0,191064.0,0.53,5,1118,2025-10-08,320710.1926470588,-0.12727318397972198,48.0
PROP_0866,강남구,도곡동,40py,111.76,32,440579.0,243410.0,0.55,2,685,2025-05-08,481442.3174366617,0.08487687092865003,34.8
PROP_0867,송파구,대치동,20py,61.03,16,228871.0,126461.0,0.55,5,827,2025-06-16,229624.656394453,0.0032821231233911936,60.3
PROP_0868,강남구,잠실동,20py,62.76,29,252447.0,132288.0,0.52,4,632,2025-03-08,229624.656394453,-0.0993897779267328,44.6
PROP_0869,서초구,대치동,30py,84.65,3,305041.0,160989.0,0.53,5,1104,2025-12-21,320710.1926470588,0.04885779437731415,68.2
PROP_0870,서초구,잠실동,20py,59.64,35,208864.0,111868.0,0.54,3,1210,2025-03-26,229624.656394453,0.09041126819930868,43.8
PROP_0871,강남구,대치동,20py,60.54,22,207776.0,116186.0,0.56,3,243,2025-03-12,229624.656394453,0.09514943533294183,48.7
PROP_0872,강남구,잠실동,40py,119.12,17,425770.0,220713.0,0.52,3,1061,2025-06-06,481442.3174366617,0.11563652678700374,55.7
PROP_0873,송파구,잠실동,20py,60.68,6,240248.0,133009.0,0.55,4,480,2026-01-15,229624.656394453,-0.04626394992747667,42.3
PROP_0874,서초구,잠실동,20py,62.56,28,247537.0,141807.0,0.57,2,344,2025-12-13,229624.656394453,-0.07800705676300236,31.8
PROP_0875,서초구,잠실동,20py,59.89,14,242519.0,128280.0,0.53,4,469,2025-06-15,229624.656394453,-0.0561540028323304,55.8
PROP_0876,서초구,대치동,40py,113.93,23,488645.0,280984.0,0.58,4,1186,2025-10-12,481442.3174366617,-0.014960634540161489,50.3
PROP_0877,강남구,대치동,40py,112.9,32,428442.0,244143.0,0.57,3,881,2025-05-15,481442.3174366617,0.11008653688535466,46.2
PROP_0878,서초구,잠실동,20py,63.08,27,261758.0,140426.0,0.54,3,1095,2025-06-23,229624.656394453,-0.13993855934333038,28.4
PROP_0879,서초구,개포동,40py,110.49,8,506883.0,292680.0,0.58,2,314,2025-03-15,481442.3174366617,-0.05284263896616291,21.7
PROP_0880,송파구,도곡동,30py,84.77,9,315293.0,178665.0,0.57,2,1100,2025-09-10,320710.1926470588,0.016891239415706447,41.5
PROP_0881,강남구,대치동,30py,84.45,11,352651.0,186380.0,0.53,3,1069,2025-08-14,320710.1926470588,-0.09959398885738568,33.5
PROP_0882,강남구,도곡동,20py,59.61,3,249938.0,143048.0,0.57,3,417,2026-01-31,229624.656394453,-0.08846325096139682,33.2
PROP_0883,송파구,도곡동,30py,84.05,32,279690.0,147484.0,0.53,1,874,2025-06-23,320710.1926470588,0.1279042374939467,28.4
PROP_0884,송파구,대치동,40py,111.43,3,491063.0,270281.0,0.55,5,1207,2025-09-02,481442.3174366617,-0.01998304306642925,57.0
PROP_0885,서초구,잠실동,40py,112.37,16,532454.0,273561.0,0.51,2,732,2025-04-04,481442.3174366617,-0.10595595924126339,21.3
PROP_0886,서초구,반포동,40py,113.43,4,410886.0,207232.0,0.5,1,579,2025-06-21,481442.3174366617,0.14655196454753697,16.3
PROP_0887,송파구,도곡동,30py,84.43,31,314773.0,166553.0,0.53,1,280,2025-08-03,320710.1926470588,0.01851264095492182,21.5
PROP_0888,강남구,대치동,20py,59.22,4,202673.0,101911.0,0.5,3,1069,2025-04-21,229624.656394453,0.11737265857092888,38.7
PROP_0889,송파구,반포동,20py,60.91,29,257305.0,145927.0,0.57,4,425,2025-10-10,229624.656394453,-0.12054604257304695,49.3
PROP_0890,강남구,도곡동,40py,113.26,34,512519.0,288488.0,0.56,3,1040,2025-10-26,481442.3174366617,-0.06454912964194666,42.7
PROP_0891,강남구,도곡동,30py,84.65,5,345669.0,201280.0,0.58,3,856,2025-08-05,320710.1926470588,-0.0778235551135362,36.9
PROP_0892,강남구,대치동,40py,110.1,23,469105.0,278389.0,0.59,4,1249,2025-12-26,481442.3174366617,0.02562574370767642,52.0
PROP_0893,강남구,잠실동,30py,84.14,23,317816.0,174790.0,0.55,1,1246,2025-06-08,320710.1926470588,0.009024323870628782,26.6
PROP_0894,강남구,반포동,20py,64.74,24,245485.0,130659.0,0.53,4,1197,2025-02-16,229624.656394453,-0.0690707341911134,49.2
PROP_0895,강남구,도곡동,20py,61.04,5,241677.0,124187.0,0.51,4,1341,2025-08-06,229624.656394453,-0.0524871492233974,45.8
PROP_0896,강남구,반포동,20py,59.1,12,248361.0,137923.0,0.56,3,100,2025-04-29,229624.656394453,-0.08159552157744511,31.3
PROP_0897,서초구,대치동,20py,63.22,5,243284.0,141040.0,0.58,3,720,2026-01-27,229624.656394453,-0.0594855265981662,31.6
PROP_0898,서초구,잠실동,30py,84.79,32,323961.0,189023.0,0.58,1,897,2025-05-12,320710.1926470588,-0.01013627701106058,16.1
PROP_0899,강남구,개포동,40py,117.41,2,504799.0,261699.0,0.52,2,1056,2026-01-08,481442.3174366617,-0.04851397917760129,32.0
PROP_0900,서초구,개포동,20py,61.18,19,237665.0,128470.0,0.54,1,1284,2026-01-03,229624.656394453,-0.0350151579181252,14.3
PROP_0901,송파구,잠실동,40py,112.11,24,412520.0,244981.0,0.59,4,558,2025-10-13,481442.3174366617,0.14315799617205247,65.9
PROP_0902,송파구,대치동,20py,60.45,15,244512.0,122504.0,0.5,5,1395,2025-04-26,229624.656394453,-0.06483338435561244,55.7
PROP_0903,서초구,도곡동,40py,115.58,21,467141.0,238635.0,0.51,1,532,2025-08-24,481442.3174366617,0.029705152452750815,17.2
PROP_0904,서초구,잠실동,30py,84.81,5,278624.0,146078.0,0.52,3,1129,2025-05-03,320710.1926470588,0.1312281106493382,45.2
PROP_0905,송파구,반포동,30py,84.58,11,298843.0,157033.0,0.53,1,594,2025-07-11,320710.1926470588,0.06818365349280815,19.9
PROP_0906,송파구,개포동,40py,117.99,4,506168.0,254310.0,0.5,4,315,2025-04-04,481442.3174366617,-0.05135751816538481,45.8
PROP_0907,강남구,대치동,30py,84.97,24,297034.0,158181.0,0.53,4,130,2025-11-07,320710.1926470588,0.07382426000134779,60.7
PROP_0908,송파구,대치동,40py,110.52,29,424683.0,225624.0,0.53,5,110,2025-03-01,481442.3174366617,0.11789432582259227,69.9
PROP_0909,서초구,개포동,40py,117.81,26,509189.0,302647.0,0.59,1,606,2026-02-15,481442.3174366617,-0.057632413185175924,20.1
PROP_0910,강남구,개포동,30py,84.09,32,274061.0,153244.0,0.56,4,822,2025-10-01,320710.1926470588,0.1454559091559531,52.9
PROP_0911,서초구,반포동,40py,111.43,3,527314.0,271662.0,0.52,1,694,2026-01-28,481442.3174366617,-0.09527970621189354,13.9
PROP_0912,서초구,개포동,20py,61.68,34,197295.0,117168.0,0.59,4,833,2025-06-02,229624.656394453,0.14079348839140593,64.9
PROP_0913,송파구,반포동,30py,84.63,10,291788.0,170247.0,0.58,2,805,2025-10-29,320710.1926470588,0.09018170706812442,43.3
PROP_0914,송파구,개포동,40py,118.57,11,424578.0,227859.0,0.54,3,1415,2025-03-22,481442.3174366617,0.1181124204856436,38.0
PROP_0915,강남구,도곡동,20py,62.26,27,242563.0,144299.0,0.59,3,806,2025-11-11,229624.656394453,-0.0563456198855288,37.6
PROP_0916,송파구,도곡동,40py,113.12,26,472556.0,250189.0,0.53,1,1430,2025-11-28,481442.3174366617,0.01845769911538939,14.9
PROP_0917,송파구,반포동,30py,84.26,12,349179.0,184128.0,0.53,4,886,2025-05-06,320710.1926470588,-0.08876801550323997,47.9
PROP_0918,송파구,개포동,40py,111.98,13,505426.0,276103.0,0.55,3,1481,2025-07-06,481442.3174366617,-0.04981631587982208,41.8
PROP_0919,서초구,반포동,20py,63.37,32,257307.0,136081.0,0.53,3,1254,2025-12-04,229624.656394453,-0.12055475243910142,31.5
PROP_0920,강남구,대치동,20py,60.67,15,226490.0,124263.0,0.55,3,1003,2025-04-20,229624.656394453,0.013651218661240923,29.8
PROP_0921,강남구,도곡동,20py,59.33,13,230670.0,123615.0,0.54,2,760,2025-12-21,229624.656394453,-0.004552401392606985,31.5
PROP_0922,송파구,반포동,30py,84.78,13,279147.0,161449.0,0.58,2,675,2025-03-27,320710.1926470588,0.12959735487047352,42.2
PROP_0923,송파구,대치동,30py,84.5,34,291433.0,160822.0,0.55,3,1277,2025-04-22,320710.1926470588,0.09128862542662722,41.0
PROP_0924,송파구,대치동,30py,84.58,27,343334.0,197983.0,0.58,4,328,2025-11-05,320710.1926470588,-0.07054283858648255,47.6
PROP_0925,강남구,도곡동,20py,64.95,7,229166.0,117881.0,0.51,1,1375,2025-06-28,229624.656394453,0.0019974178803564726,7.9
PROP_0926,강남구,반포동,40py,115.35,12,408124.0,207117.0,0.51,4,1222,2025-05-14,481442.3174366617,0.1522888927318015,52.2
PROP_0927,송파구,대치동,30py,84.86,30,275912.0,140890.0,0.51,3,1381,2025-07-12,320710.1926470588,0.13968434329232302,47.4
PROP_0928,송파구,잠실동,40py,111.25,24,519297.0,295020.0,0.57,1,508,2025-12-10,481442.3174366617,-0.07862765941491726,21.4
PROP_0929,강남구,개포동,30py,84.57,24,312830.0,179546.0,0.57,3,1352,2025-06-09,320710.1926470588,0.024571070167797724,45.7
PROP_0930,서초구,개포동,30py,84.99,29,348920.0,192657.0,0.55,2,348,2025-09-05,320710.1926470588,-0.08796043281351539,30.6
PROP_0931,강남구,반포동,20py,62.51,35,214350.0,127817.0,0.6,1,1180,2025-06-22,229624.656394453,0.06652010561189012,19.1
PROP_0932,강남구,개포동,30py,84.87,14,348444.0,177182.0,0.51,4,798,2026-01-28,320710.1926470588,-0.0864762267891567,43.2
PROP_0933,서초구,잠실동,40py,111.91,4,523804.0,306089.0,0.58,3,1381,2025-09-22,481442.3174366617,-0.08798911318989194,36.7
PROP_0934,서초구,개포동,40py,110.09,30,449973.0,246552.0,0.55,2,328,2025-03-24,481442.3174366617,0.06536466840765774,44.6
PROP_0935,강남구,잠실동,20py,60.17,21,251628.0,128999.0,0.51,2,1493,2026-01-07,229624.656394453,-0.09582308777742624,24.8
PROP_0936,강남구,대치동,20py,59.18,20,256914.0,128908.0,0.5,5,1397,2025-10-30,229624.656394453,-0.11884326375939754,59.8
PROP_0937,송파구,반포동,20py,60.67,17,195815.0,108150.0,0.55,3,1155,2025-04-25,229624.656394453,0.14723878927171571,48.4
PROP_0938,서초구,대치동,20py,64.02,28,234355.0,136377.0,0.58,5,586,2025-03-26,229624.656394453,-0.020600329597972904,62.1
PROP_0939,서초구,개포동,30py,84.13,23,292588.0,150851.0,0.52,3,478,2025-03-20,320710.1926470588,0.08768724316163923,44.3
PROP_0940,강남구,개포동,20py,61.49,22,249034.0,127338.0,0.51,1,280,2025-04-21,229624.656394453,-0.08452639150477517,7.1
PROP_0941,서초구,개포동,20py,64.57,11,205430.0,115651.0,0.56,4,1269,2026-02-11,229624.656394453,0.10536610821483829,53.1
PROP_0942,송파구,개포동,30py,84.52,10,340237.0,192698.0,0.57,3,731,2025-11-02,320710.1926470588,-0.06088614518850176,38.6
PROP_0943,서초구,개포동,40py,117.77,34,467657.0,268644.0,0.57,1,227,2025-03-04,481442.3174366617,0.02863337296575571,28.3
PROP_0944,서초구,대치동,20py,59.15,25,213975.0,127451.0,0.6,3,839,2025-04-14,229624.656394453,0.06815320549710374,50.0
PROP_0945,서초구,도곡동,30py,84.34,29,330250.0,188536.0,0.57,3,861,2026-01-26,320710.1926470588,-0.029745881395917276,40.9
PROP_0946,강남구,대치동,30py,84.78,32,329487.0,178636.0,0.54,5,1297,2025-06-27,320710.1926470588,-0.027366786445107028,58.1
PROP_0947,강남구,대치동,40py,113.68,4,545568.0,273599.0,0.5,4,1496,2025-03-20,481442.3174366617,-0.13319494411035993,48.0
PROP_0948,송파구,대치동,40py,116.28,9,538595.0,274038.0,0.51,5,450,2026-01-03,481442.3174366617,-0.11871138139172258,49.8
PROP_0949,송파구,잠실동,30py,84.13,21,305820.0,162824.0,0.53,2,342,2025-04-22,320710.1926470588,0.046428810148374196,26.0
PROP_0950,서초구,개포동,30py,84.91,5,342757.0,193394.0,0.56,4,841,2025-11-29,320710.1926470588,-0.0687437064939301,50.6
PROP_0951,강남구,반포동,30py,84.51,31,348054.0,186754.0,0.54,1,508,2025-10-23,320710.1926470588,-0.08526017563474517,9.4
PROP_0952,강남구,대치동,30py,84.2,19,277182.0,165391.0,0.6,5,668,2025-11-04,320710.1926470588,0.13572438184077776,70.1
PROP_0953,서초구,대치동,30py,84.41,22,319004.0,186354.0,0.58,4,1123,2025-07-20,320710.1926470588,0.0053200449694982745,54.3
PROP_0954,송파구,도곡동,20py,61.74,26,241824.0,138678.0,0.57,3,685,2025-12-25,229624.656394453,-0.05312732437840114,39.1
PROP_0955,송파구,도곡동,20py,63.02,29,258835.0,151543.0,0.59,4,535,2025-12-30,229624.656394453,-0.12720909010471856,40.4
PROP_0956,서초구,잠실동,40py,111.41,33,452827.0,263261.0,0.58,3,524,2025-07-16,481442.3174366617,0.05943664775671969,48.9
PROP_0957,송파구,반포동,20py,62.78,4,234621.0,133286.0,0.57,4,1154,2026-01-12,229624.656394453,-0.021758741783217773,35.9
PROP_0958,송파구,반포동,20py,64.96,30,245993.0,143375.0,0.58,2,1027,2026-02-07,229624.656394453,-0.07128304016894946,37.4
PROP_0959,송파구,잠실동,40py,111.78,30,547277.0,276748.0,0.51,1,1236,2025-08-18,481442.3174366617,-0.13674469438802395,16.3
PROP_0960,강남구,대치동,20py,59.93,30,244154.0,138410.0,0.57,5,627,2025-10-11,229624.656394453,-0.06327431833186183,64.8
PROP_0961,송파구,개포동,20py,60.31,11,257829.0,148769.0,0.58,3,543,2025-07-18,229624.656394453,-0.1228280274793188,34.2
PROP_0962,강남구,개포동,40py,113.7,3,414348.0,231869.0,0.56,2,1499,2025-02-17,481442.3174366617,0.1393610719429303,43.2
PROP_0963,강남구,반포동,30py,84.66,24,321568.0,166237.0,0.52,2,1484,2025-02-24,320710.1926470588,-0.0026747118507867576,29.5
PROP_0964,강남구,반포동,20py,62.11,1,246294.0,135990.0,0.55,1,779,2025-06-15,229624.656394453,-0.0725938750101476,21.9
PROP_0965,강남구,개포동,20py,61.18,23,254270.0,145455.0,0.57,3,530,2025-05-28,229624.656394453,-0.10732882083538466,41.2
PROP_0966,서초구,잠실동,20py,62.22,14,225161.0,114160.0,0.51,2,902,2025-11-12,229624.656394453,0.01943892465443802,28.8
PROP_0967,송파구,반포동,30py,84.58,6,284814.0,170275.0,0.6,4,1299,2025-03-31,320710.1926470588,0.11192719617290905,57.4
PROP_0968,서초구,도곡동,20py,61.68,7,245098.0,140326.0,0.57,2,116,2025-02-16,229624.656394453,-0.06738537510957293,27.0
PROP_0969,강남구,대치동,20py,59.05,29,252678.0,138269.0,0.55,3,1246,2025-09-22,229624.656394453,-0.1003957674560244,35.9
PROP_0970,서초구,도곡동,20py,63.37,4,204851.0,112238.0,0.55,3,1411,2025-05-30,229624.656394453,0.10788761443760812,39.4
PROP_0971,서초구,개포동,20py,63.88,27,241656.0,124014.0,0.51,1,241,2025-09-13,229624.656394453,-0.05239569562982544,16.6
PROP_0972,서초구,대치동,40py,110.79,2,540466.0,299068.0,0.55,5,1255,2025-08-23,481442.3174366617,-0.12259762057809435,52.6
PROP_0973,송파구,대치동,30py,84.17,21,366256.0,213023.0,0.58,4,937,2025-12-30,320710.1926470588,-0.14201546566704945,43.8
PROP_0974,송파구,반포동,40py,116.55,34,546581.0,275310.0,0.5,2,344,2025-03-12,481442.3174366617,-0.13529903833579798,18.5
PROP_0975,서초구,도곡동,40py,114.42,8,452530.0,268059.0,0.59,3,1327,2026-01-14,481442.3174366617,0.0600535440893506,34.7
PROP_0976,강남구,잠실동,20py,64.16,10,234695.0,128387.0,0.55,4,1244,2026-01-01,229624.656394453,-0.02208100682723326,52.3
PROP_0977,강남구,개포동,30py,84.63,18,294288.0,170837.0,0.58,4,391,2025-10-10,320710.1926470588,0.0823865073603582,56.8
PROP_0978,강남구,잠실동,30py,84.77,17,348147.0,202183.0,0.58,2,758,2025-03-21,320710.1926470588,-0.08555015706387407,25.7
PROP_0979,송파구,개포동,20py,64.4,1,212141.0,122022.0,0.58,2,926,2025-07-05,229624.656394453,0.07614015266905519,34.3
PROP_0980,서초구,개포동,30py,84.28,8,297846.0,159444.0,0.54,4,731,2025-10-22,320710.1926470588,0.07129237913626532,54.3
PROP_0981,강남구,개포동,20py,59.48,17,229462.0,121757.0,0.53,1,1140,2025-07-19,229624.656394453,0.0007083577042945156,23.9
PROP_0982,강남구,대치동,20py,60.99,33,232095.0,138145.0,0.6,4,612,2025-09-22,229624.656394453,-0.010758180956418773,49.2
PROP_0983,송파구,도곡동,20py,60.6,8,234413.0,136543.0,0.58,2,1312,2025-03-07,229624.656394453,-0.020852915713552612,24.4
PROP_0984,송파구,개포동,40py,115.72,34,466887.0,272144.0,0.58,1,401,2025-05-25,481442.3174366617,0.030232733828132127,28.5
PROP_0985,송파구,반포동,20py,64.49,29,198776.0,118816.0,0.6,2,1033,2025-08-22,229624.656394453,0.1343438325780689,31.5
PROP_0986,송파구,잠실동,40py,117.68,18,474467.0,252387.0,0.53,3,479,2025-12-16,481442.3174366617,0.01448837624785519,49.3
PROP_0987,강남구,개포동,30py,84.31,8,323107.0,176100.0,0.55,3,368,2025-11-07,320710.1926470588,-0.007473436790887641,39.7
PROP_0988,송파구,도곡동,40py,114.47,14,516140.0,296909.0,0.58,4,1315,2025-05-12,481442.3174366617,-0.07207027987917394,35.5
PROP_0989,강남구,반포동,30py,84.72,33,335737.0,189691.0,0.56,2,844,2025-06-02,320710.1926470588,-0.04685478571452257,29.4
PROP_0990,서초구,도곡동,30py,84.24,16,350949.0,191407.0,0.55,1,314,2026-02-05,320710.1926470588,-0.09428701689633845,20.9
PROP_0991,강남구,잠실동,40py,110.77,2,511083.0,303726.0,0.59,3,227,2025-08-11,481442.3174366617,-0.061566425488216094,36.8
PROP_0992,서초구,반포동,20py,59.14,12,210675.0,121673.0,0.58,4,620,2025-05-03,229624.656394453,0.08252448448698367,59.3
PROP_0993,송파구,개포동,30py,84.73,34,367637.0,189172.0,0.51,2,321,2026-01-28,320710.1926470588,-0.1463215339856195,29.1
PROP_0994,송파구,잠실동,20py,63.97,21,250086.0,130306.0,0.52,3,784,2025-11-18,229624.656394453,-0.0891077810494278,34.8
PROP_0995,송파구,도곡동,30py,84.59,28,293390.0,157114.0,0.54,4,481,2025-03-20,320710.1926470588,0.08518654309538783,64.6
PROP_0996,강남구,개포동,30py,84.66,13,336155.0,178927.0,0.53,1,1087,2025-03-27,320710.1926470588,-0.04815814310566108,9.2
PROP_0997,송파구,도곡동,40py,118.57,7,441845.0,227140.0,0.51,2,354,2025-06-15,481442.3174366617,0.08224727241985971,29.1
PROP_0998,강남구,반포동,20py,63.86,10,245692.0,129026.0,0.53,2,1428,2025-05-06,229624.656394453,-0.06997220532775131,29.1
PROP_0999,송파구,잠실동,30py,84.09,18,340360.0,202113.0,0.59,4,809,2026-02-11,320710.1926470588,-0.06126966901412386,46.9
PROP_1000,서초구,반포동,20py,64.97,25,263173.0,147763.0,0.56,2,990,2025-08-14,229624.656394453,-0.1461007895768698,24.1
PROP_1001,강남구,반포동,30py,84.6,14,299640.0,178820.0,0.6,4,826,2025-05-18,320710.1926470588,0.06569854382597229,51.9
PROP_1002,강남구,반포동,40py,118.65,25,411991.0,246170.0,0.6,3,199,2025-11-08,481442.3174366617,0.14425677785542537,54.4
PROP_1003,서초구,반포동,40py,116.95,12,446951.0,242814.0,0.54,4,198,2025-10-17,481442.3174366617,0.07164164051947791,52.9
PROP_1004,강남구,잠실동,40py,118.25,33,447453.0,264934.0,0.59,1,385,2025-04-03,481442.3174366617,0.07059894032088965,26.9
PROP_1005,강남구,잠실동,30py,84.56,22,275272.0,145834.0,0.53,4,436,2025-09-06,320710.1926470588,0.14167991441751115,54.3
PROP_1006,송파구,개포동,30py,84.94,35,331620.0,174108.0,0.53,2,1283,2025-10-09,320710.1926470588,-0.03401765083577316,29.6
PROP_1007,강남구,잠실동,40py,111.79,25,454208.0,255712.0,0.56,4,1338,2025-09-13,481442.3174366617,0.05656818366458744,53.4
PROP_1008,송파구,반포동,20py,62.7,13,211386.0,117943.0,0.56,3,1125,2025-05-07,229624.656394453,0.07942812710461863,45.8
PROP_1009,강남구,반포동,30py,84.28,12,329019.0,177542.0,0.54,1,581,2025-07-19,320710.1926470588,-0.02590752505981319,19.6
PROP_1010,송파구,잠실동,30py,84.45,23,291043.0,163344.0,0.56,3,946,2025-10-03,320710.1926470588,0.09250467658103875,47.1
PROP_1011,서초구,잠실동,40py,113.21,34,528663.0,287180.0,0.54,3,1355,2026-01-23,481442.3174366617,-0.09808170335909586,33.2
PROP_1012,송파구,개포동,30py,84.9,26,344585.0,175536.0,0.51,1,373,2025-03-02,320710.1926470588,-0.07444355652024877,19.4
PROP_1013,송파구,도곡동,20py,60.06,4,213200.0,110128.0,0.52,4,1239,2025-11-15,229624.656394453,0.07152827859321191,54.5
PROP_1014,서초구,개포동,30py,84.19,22,312205.0,158045.0,0.51,2,185,2026-02-02,320710.1926470588,0.02651987009473928,33.2
PROP_1015,송파구,개포동,30py,84.83,16,276042.0,146721.0,0.53,3,1230,2025-02-20,320710.1926470588,0.13927899290751916,49.1
PROP_1016,강남구,도곡동,20py,63.23,30,237545.0,125437.0,0.53,1,671,2025-08-26,229624.656394453,-0.034492565954856835,16.5
PROP_1017,강남구,잠실동,30py,84.97,24,326425.0,165317.0,0.51,3,495,2025-08-22,320710.1926470588,-0.017819225843034966,29.9
PROP_1018,서초구,대치동,20py,60.33,5,213481.0,116758.0,0.55,4,426,2026-02-01,229624.656394453,0.0703045424125585,57.9
PROP_1019,강남구,개포동,20py,59.61,19,235319.0,127704.0,0.54,4,452,2025-03-07,229624.656394453,-0.024798485036228737,53.2
PROP_1020,강남구,도곡동,30py,84.71,33,283721.0,165954.0,0.58,4,1408,2025-03-12,320710.1926470588,0.11533525748514445,53.6
PROP_1021,송파구,잠실동,20py,59.02,15,198995.0,102688.0,0.52,2,1210,2025-05-21,229624.656394453,0.13339010224510414,37.9
PROP_1022,서초구,잠실동,20py,61.77,23,237092.0,133317.0,0.56,1,782,2025-06-08,229624.656394453,-0.032519781293518776,28.5
PROP_1023,서초구,도곡동,30py,84.62,29,332465.0,190870.0,0.57,4,701,2026-01-26,320710.1926470588,-0.036652428336998145,45.8
PROP_1024,서초구,대치동,40py,118.64,5,525882.0,308620.0,0.59,3,915,2025-03-05,481442.3174366617,-0.09230531042627921,32.7
PROP_1025,송파구,개포동,20py,63.42,6,230428.0,117125.0,0.51,1,675,2025-11-08,229624.656394453,-0.0034985076000157906,19.8
PROP_1026,송파구,반포동,20py,63.79,5,234988.0,119501.0,0.51,2,1319,2025-09-27,229624.656394453,-0.02335700220421351,33.5
PROP_1027,송파구,대치동,20py,64.1,1,240513.0,129185.0,0.54,3,1019,2025-07-29,229624.656394453,-0.0474180071796943,41.0
PROP_1028,송파구,도곡동,20py,63.29,23,196078.0,98514.0,0.5,4,660,2025-07-18,229624.656394453,0.14609344188555257,58.9
PROP_1029,송파구,반포동,20py,62.57,10,204197.0,117440.0,0.58,3,106,2025-06-08,229624.656394453,0.1107357406374207,44.7
PROP_1030,강남구,도곡동,30py,84.27,5,325910.0,191372.0,0.59,1,1215,2025-07-22,320710.1926470588,-0.016213414703235122,24.5
PROP_1031,송파구,반포동,30py,84.49,23,361808.0,187176.0,0.52,3,1302,2025-09-27,320710.1926470588,-0.1281462463469918,41.1
PROP_1032,강남구,개포동,40py,117.9,13,502779.0,272588.0,0.54,1,968,2025-04-23,481442.3174366617,-0.044318253278899516,13.2
PROP_1033,강남구,대치동,20py,62.6,13,205046.0,110775.0,0.54,4,1400,2025-03-11,229624.656394453,0.10703840249729704,49.0
PROP_1034,강남구,개포동,30py,84.05,28,329961.0,193818.0,0.59,2,1072,2025-08-30,320710.1926470588,-0.0288447563096995,35.1
PROP_1035,강남구,개포동,20py,63.8,26,203899.0,116736.0,0.57,2,199,2025-03-13,229624.656394453,0.11203351067953712,25.8
PROP_1036,강남구,잠실동,30py,84.26,14,324251.0,194107.0,0.6,4,317,2025-07-11,320710.1926470588,-0.011040520177161462,51.3
PROP_1037,송파구,도곡동,40py,115.12,9,475000.0,262160.0,0.55,2,807,2025-08-17,481442.3174366617,0.01338128619636606,35.9
PROP_1038,서초구,잠실동,30py,84.91,3,343781.0,185595.0,0.54,4,591,2025-12-08,320710.1926470588,-0.07193662029423115,53.2
PROP_1039,강남구,잠실동,40py,117.18,15,482886.0,244398.0,0.51,2,1483,2025-02-21,481442.3174366617,-0.002998661544803324,32.4
PROP_1040,서초구,잠실동,20py,62.78,12,200906.0,114412.0,0.57,4,173,2026-02-07,229624.656394453,0.1250678252300555,56.4
PROP_1041,서초구,도곡동,40py,117.17,12,457875.0,250128.0,0.55,4,1394,2025-07-24,481442.3174366617,0.04895148719402339,52.3
PROP_1042,강남구,대치동,30py,84.42,16,362534.0,187420.0,0.52,3,575,2025-09-30,320710.1926470588,-0.1304099723421271,31.9
PROP_1043,강남구,대치동,20py,60.72,33,230084.0,134034.0,0.58,5,337,2025-04-09,229624.656394453,-0.002000410638646489,63.4
PROP_1044,송파구,도곡동,20py,60.12,27,244206.0,144406.0,0.59,1,211,2025-06-10,229624.656394453,-0.06350077484927812,19.2
PROP_1045,강남구,반포동,40py,119.63,8,544896.0,293345.0,0.54,4,834,2025-11-11,481442.3174366617,-0.1317991382668314,40.0
PROP_1046,서초구,도곡동,20py,63.42,17,256172.0,149749.0,0.58,1,436,2025-09-02,229624.656394453,-0.11561190345318818,11.2
PROP_1047,강남구,대치동,30py,84.78,25,324321.0,182178.0,0.56,4,223,2025-08-24,320710.1926470588,-0.011258785768978916,38.8
PROP_1048,송파구,반포동,40py,110.69,3,512937.0,305057.0,0.59,4,388,2025-06-08,481442.3174366617,-0.06541735411009386,49.9
PROP_1049,강남구,반포동,40py,116.33,13,486714.0,248674.0,0.51,1,129,2025-03-27,481442.3174366617,-0.010949769832046083,18.2
PROP_1050,송파구,대치동,40py,117.88,32,441222.0,236939.0,0.54,5,244,2025-05-28,481442.3174366617,0.08354130075396426,71.4
PROP_1051,강남구,도곡동,40py,110.85,15,535344.0,280136.0,0.52,1,268,2025-06-27,481442.3174366617,-0.11195875520524759,14.7
PROP_1052,서초구,대치동,20py,62.38,20,237145.0,133778.0,0.56,4,471,2026-01-29,229624.656394453,-0.032750592743962297,43.1
PROP_1053,서초구,대치동,40py,116.54,1,516912.0,262558.0,0.51,5,570,2025-08-12,481442.3174366617,-0.07367379492560848,48.7
PROP_1054,송파구,도곡동,40py,110.02,24,534656.0,283934.0,0.53,4,886,2025-03-04,481442.3174366617,-0.11052971588925412,45.4
PROP_1055,서초구,개포동,20py,59.67,5,245710.0,125466.0,0.51,2,1372,2025-05-18,229624.656394453,-0.07005059412224157,32.6
PROP_1056,송파구,개포동,30py,84.76,9,342042.0,204819.0,0.6,3,964,2025-02-20,320710.1926470588,-0.06651427937750896,37.5
PROP_1057,서초구,도곡동,30py,84.33,23,319243.0,169971.0,0.53,3,1258,2025-02-27,320710.1926470588,0.004574823877435824,43.6
PROP_1058,송파구,대치동,30py,84.14,27,272217.0,139557.0,0.51,3,1099,2025-11-01,320710.1926470588,0.15120564846040147,42.1
PROP_1059,강남구,도곡동,40py,117.92,14,551244.0,308720.0,0.56,4,1090,2025-12-24,481442.3174366617,-0.1449845184673061,42.5
PROP_1060,강남구,대치동,40py,113.74,30,545717.0,274556.0,0.5,4,1193,2025-08-23,481442.3174366617,-0.1335044308226899,50.9
PROP_1061,송파구,잠실동,20py,59.97,25,226518.0,125664.0,0.55,4,1448,2025-11-11,229624.656394453,0.013529280536478306,54.9
PROP_1062,서초구,개포동,40py,114.11,5,477878.0,239832.0,0.5,3,820,2025-02-15,481442.3174366617,0.007403415336730568,39.4
PROP_1063,송파구,반포동,20py,64.96,30,226480.0,126348.0,0.56,1,913,2025-08-17,229624.656394453,0.013694767991513286,27.2
PROP_1064,송파구,개포동,20py,62.29,17,261900.0,151657.0,0.58,2,1461,2026-01-18,229624.656394453,-0.14055695983319794,20.8
PROP_1065,강남구,반포동,20py,62.6,15,255462.0,147646.0,0.58,2,490,2025-08-16,229624.656394453,-0.11251990100385037,24.5
PROP_1066,송파구,잠실동,20py,59.48,16,219040.0,114426.0,0.52,4,1041,2025-04-20,229624.656394453,0.04609546971415167,59.0
PROP_1067,서초구,반포동,30py,84.48,27,272466.0,144432.0,0.53,3,352,2025-03-04,320710.1926470588,0.15042924656950796,53.9
PROP_1068,서초구,개포동,30py,84.07,31,305410.0,182898.0,0.6,1,796,2025-04-19,320710.1926470588,0.047707222900447856,26.2
PROP_1069,서초구,잠실동,40py,110.92,11,501548.0,294162.0,0.59,2,953,2025-12-14,481442.3174366617,-0.04176135299112631,25.2
PROP_1070,강남구,도곡동,20py,63.93,9,209407.0,113374.0,0.54,1,581,2025-04-23,229624.656394453,0.08804653956551935,28.2
PROP_1071,송파구,개포동,30py,84.33,8,332203.0,193395.0,0.58,2,711,2025-11-23,320710.1926470588,-0.035835491407624244,37.5
PROP_1072,서초구,개포동,40py,117.17,10,440556.0,240671.0,0.55,1,626,2025-12-05,481442.3174366617,0.08492464404531841,26.2
PROP_1073,서초구,반포동,20py,62.77,26,210919.0,106106.0,0.5,4,670,2025-03-14,229624.656394453,0.08146188082833801,53.1
PROP_1074,강남구,개포동,30py,84.29,22,299369.0,150132.0,0.5,4,602,2025-03-13,320710.1926470588,0.06654354347429414,52.9
PROP_1075,송파구,대치동,40py,117.24,28,483215.0,271861.0,0.56,5,434,2025-06-07,481442.3174366617,-0.003682024822364157,62.7
PROP_1076,서초구,도곡동,40py,113.26,3,521115.0,307759.0,0.59,3,960,2025-08-03,481442.3174366617,-0.08240381272374885,42.1
PROP_1077,송파구,도곡동,40py,118.94,31,464056.0,266684.0,0.57,2,146,2025-05-25,481442.3174366617,0.036112981362401785,25.0
PROP_1078,송파구,개포동,40py,110.89,4,503382.0,299645.0,0.6,2,451,2025-12-02,481442.3174366617,-0.04557073977242286,30.7
PROP_1079,서초구,잠실동,30py,84.65,21,287592.0,164118.0,0.57,1,156,2025-04-16,320710.1926470588,0.10326517025763923,22.7
PROP_1080,송파구,잠실동,40py,116.76,6,468344.0,235905.0,0.5,1,953,2025-10-22,481442.3174366617,0.027206410741791295,24.8
PROP_1081,서초구,개포동,30py,84.03,13,301974.0,151581.0,0.5,3,234,2026-01-30,320710.1926470588,0.05842094537880175,51.0
PROP_1082,서초구,반포동,40py,116.5,1,494473.0,269396.0,0.54,2,802,2025-05-20,481442.3174366617,-0.02706592688552481,26.8
PROP_1083,강남구,반포동,20py,61.07,25,210117.0,112589.0,0.54,3,401,2025-02-28,229624.656394453,0.08495453711618155,38.5
PROP_1084,강남구,반포동,20py,60.65,26,241603.0,130211.0,0.54,4,480,2025-09-24,229624.656394453,-0.052164884179381914,46.4
PROP_1085,서초구,대치동,20py,63.78,17,210969.0,116978.0,0.55,5,436,2025-08-07,229624.656394453,0.08124413417697618,75.4
PROP_1086,강남구,개포동,30py,84.28,28,291215.0,150219.0,0.52,1,409,2025-04-12,320710.1926470588,0.09196836684114444,23.1
PROP_1087,강남구,반포동,40py,116.26,27,544303.0,287695.0,0.53,4,1310,2025-05-16,481442.3174366617,-0.13056742269359867,45.0
PROP_1088,서초구,대치동,20py,59.24,32,237151.0,137534.0,0.58,3,151,2026-01-09,229624.656394453,-0.03277672234212572,44.1
PROP_1089,서초구,도곡동,40py,111.88,28,421567.0,251162.0,0.6,1,456,2026-02-02,481442.3174366617,0.12436654458514411,31.7
PROP_1090,강남구,잠실동,30py,84.61,31,352593.0,209801.0,0.6,3,304,2025-03-21,320710.1926470588,-0.09941314022416552,39.3
PROP_1091,송파구,개포동,30py,84.22,35,290964.0,147411.0,0.51,1,1240,2025-08-22,320710.1926470588,0.09275100489180417,35.0
PROP_1092,서초구,개포동,30py,84.93,21,309117.0,178503.0,0.58,4,624,2026-01-01,320710.1926470588,0.03614850077377211,54.6
PROP_1093,강남구,대치동,40py,116.02,18,488435.0,270983.0,0.55,5,710,2025-06-18,481442.3174366617,-0.014524445214058828,60.3
PROP_1094,서초구,반포동,20py,64.46,29,234267.0,121742.0,0.52,1,1172,2025-08-30,229624.656394453,-0.020217095491576107,26.3
PROP_1095,송파구,개포동,40py,112.7,22,435268.0,237298.0,0.55,1,1102,2025-12-07,481442.3174366617,0.09590830669498919,34.3
PROP_1096,서초구,반포동,20py,59.09,25,228185.0,118626.0,0.52,2,1392,2025-05-19,229624.656394453,0.006269607180075324,26.1
PROP_1097,송파구,개포동,20py,64.11,31,262764.0,144441.0,0.55,1,975,2025-11-19,229624.656394453,-0.14431962196873013,7.7
PROP_1098,송파구,개포동,40py,113.06,5,461551.0,259519.0,0.56,1,343,2025-07-29,481442.3174366617,0.041316096895197794,18.0
PROP_1099,서초구,대치동,20py,62.35,14,227292.0,127570.0,0.56,4,154,2025-11-19,229624.656394453,0.010158562373397377,48.0
PROP_1100,서초구,도곡동,30py,84.19,28,318669.0,187519.0,0.59,2,276,2025-10-28,320710.1926470588,0.006364601730338947,31.5
PROP_1101,서초구,대치동,30py,84.53,24,362885.0,189308.0,0.52,3,691,2025-05-20,320710.1926470588,-0.13150441838109747,31.5
PROP_1102,송파구,잠실동,20py,63.94,4,219302.0,131405.0,0.6,3,433,2025-05-29,229624.656394453,0.04495447726101575,40.2
PROP_1103,송파구,개포동,30py,84.79,16,307804.0,177873.0,0.58,2,251,2025-05-31,320710.1926470588,0.04024253966029093,35.4
PROP_1104,송파구,개포동,40py,116.87,21,507808.0,256625.0,0.51,3,477,2025-08-13,481442.3174366617,-0.05476394909304367,40.8
PROP_1105,송파구,잠실동,30py,84.68,24,304477.0,153086.0,0.5,1,431,2025-03-15,320710.1926470588,0.05061639143138621,19.8
PROP_1106,송파구,대치동,40py,113.74,26,448361.0,244018.0,0.54,5,1129,2025-08-06,481442.3174366617,0.06871294075850291,62.7
PROP_1107,송파구,반포동,30py,84.72,30,362464.0,209712.0,0.58,2,310,2025-09-03,320710.1926470588,-0.13019170675030964,21.0
PROP_1108,서초구,잠실동,40py,117.54,19,427415.0,239478.0,0.56,4,1091,2025-10-07,481442.3174366617,0.11221971039919958,52.0
PROP_1109,강남구,반포동,20py,59.71,24,243238.0,134304.0,0.55,4,1102,2025-03-10,229624.656394453,-0.05928519967891333,47.1
PROP_1110,서초구,도곡동,30py,84.73,19,328491.0,167422.0,0.51,3,570,2025-03-04,320710.1926470588,-0.024261178881532966,35.9
PROP_1111,강남구,잠실동,30py,84.41,22,331477.0,180761.0,0.55,3,1475,2025-07-24,320710.1926470588,-0.033571765412488935,39.9
PROP_1112,강남구,도곡동,20py,63.37,33,197607.0,104622.0,0.53,1,696,2025-03-05,229624.656394453,0.1394347492869082,25.0
PROP_1113,강남구,개포동,30py,84.44,24,336146.0,201362.0,0.6,1,1292,2025-12-15,320710.1926470588,-0.048130080386713125,15.3
PROP_1114,강남구,도곡동,40py,115.23,21,435820.0,249275.0,0.57,3,1463,2025-12-01,481442.3174366617,0.09476175189494791,45.4
PROP_1115,송파구,대치동,20py,64.67,8,217057.0,113148.0,0.52,4,444,2025-06-03,229624.656394453,0.054731301907161335,54.1
PROP_1116,송파구,반포동,30py,84.61,32,365902.0,184044.0,0.5,3,475,2026-01-08,320710.1926470588,-0.14091166538842975,35.7
PROP_1117,강남구,도곡동,40py,114.09,3,504168.0,268916.0,0.53,3,1470,2025-02-19,481442.3174366617,-0.047203334107264246,32.7
PROP_1118,서초구,도곡동,30py,84.83,27,298536.0,178012.0,0.6,1,352,2025-07-04,320710.1926470588,0.06914090401692184,23.4
PROP_1119,서초구,대치동,40py,113.0,22,502161.0,264228.0,0.53,4,161,2026-01-06,481442.3174366617,-0.04303461040494026,55.1
PROP_1120,송파구,대치동,20py,61.66,34,209681.0,111675.0,0.53,3,301,2026-01-17,229624.656394453,0.08685328791605659,47.9
PROP_1121,송파구,대치동,30py,84.72,17,312057.0,178794.0,0.57,5,1181,2025-09-03,320710.1926470588,0.026981345917439038,62.9
PROP_1122,강남구,개포동,30py,84.77,15,275761.0,162267.0,0.59,1,979,2026-01-17,320710.1926470588,0.1401551733546721,32.7
PROP_1123,서초구,반포동,40py,115.41,1,415388.0,210402.0,0.51,3,649,2026-02-05,481442.3174366617,0.1372008962327076,46.4
PROP_1124,강남구,잠실동,40py,113.31,28,502819.0,273706.0,0.54,1,1179,2025-04-26,481442.3174366617,-0.044401336960061925,21.0
PROP_1125,송파구,반포동,20py,60.07,2,236844.0,123697.0,0.52,1,1243,2025-12-31,229624.656394453,-0.03143975790276416,20.8
PROP_1126,서초구,개포동,30py,84.67,13,288022.0,146431.0,0.51,2,681,2025-06-27,320710.1926470588,0.10192439590790345,39.6
PROP_1127,강남구,개포동,20py,59.25,29,195517.0,100853.0,0.52,2,269,2025-11-22,229624.656394453,0.14853655931383214,32.9
PROP_1128,서초구,개포동,40py,113.71,22,432000.0,234894.0,0.54,4,965,2025-09-11,481442.3174366617,0.10269624344595818,59.4
PROP_1129,서초구,반포동,20py,61.04,27,226661.0,113557.0,0.5,3,483,2026-01-01,229624.656394453,0.01290652511358351,40.4
PROP_1130,강남구,잠실동,30py,84.72,25,317574.0,188579.0,0.59,1,761,2026-02-14,320710.1926470588,0.009778899202340551,22.4
PROP_1131,송파구,개포동,40py,118.16,10,551485.0,326949.0,0.59,1,184,2025-11-23,481442.3174366617,-0.1454850976463096,21.3
PROP_1132,송파구,대치동,30py,84.18,10,276036.0,155945.0,0.56,4,635,2025-05-15,320710.1926470588,0.1392977013868178,58.8
PROP_1133,송파구,개포동,20py,62.09,19,237211.0,141609.0,0.6,2,1357,2025-11-03,229624.656394453,-0.033038018323759896,25.1
PROP_1134,서초구,대치동,30py,84.18,1,367344.0,218320.0,0.59,3,1195,2025-08-10,320710.1926470588,-0.1454079365798693,36.9
PROP_1135,강남구,반포동,40py,114.37,18,467874.0,278520.0,0.6,4,232,2025-03-30,481442.3174366617,0.02818264399544963,59.1
PROP_1136,송파구,대치동,30py,84.77,23,309314.0,181311.0,0.59,5,719,2025-05-19,320710.1926470588,0.035534239036800135,62.4
PROP_1137,강남구,잠실동,20py,62.44,29,252961.0,146833.0,0.58,4,486,2025-06-02,229624.656394453,-0.10162821350273228,44.3
PROP_1138,송파구,반포동,40py,117.45,22,440680.0,260967.0,0.59,3,1365,2025-10-05,481442.3174366617,0.08466708463371493,45.2
PROP_1139,송파구,도곡동,20py,64.92,22,247367.0,131404.0,0.53,1,354,2025-12-04,229624.656394453,-0.07726671814837219,16.1
PROP_1140,서초구,잠실동,20py,59.09,23,220099.0,128761.0,0.59,4,362,2026-01-05,229624.656394453,0.04148359563830838,52.8
PROP_1141,서초구,반포동,20py,62.89,25,263384.0,133869.0,0.51,4,883,2025-04-09,229624.656394453,-0.14701968044561667,52.3
PROP_1142,서초구,반포동,40py,117.88,26,490923.0,255305.0,0.52,3,1294,2025-03-09,481442.3174366617,-0.019692250182360812,33.6
PROP_1143,서초구,반포동,20py,64.31,34,250904.0,148450.0,0.59,2,830,2026-01-12,229624.656394453,-0.09267011626570713,22.4
PROP_1144,서초구,개포동,30py,84.15,7,339571.0,194702.0,0.57,3,998,2025-03-26,320710.1926470588,-0.05880950398635284,31.5
PROP_1145,송파구,잠실동,40py,110.78,23,423434.0,252660.0,0.6,3,776,2025-03-31,481442.3174366617,0.12048861376688856,48.0
PROP_1146,강남구,도곡동,30py,84.15,2,332568.0,193308.0,0.58,3,511,2026-01-13,320710.1926470588,-0.036973590564958116,42.1
PROP_1147,서초구,반포동,30py,84.18,19,314764.0,176389.0,0.56,1,1185,2025-11-17,320710.1926470588,0.018540703673869778,16.7
PROP_1148,강남구,도곡동,40py,117.45,1,512551.0,257405.0,0.5,4,679,2025-04-04,481442.3174366617,-0.06461559658687659,47.3
PROP_1149,서초구,개포동,40py,113.03,15,539748.0,296956.0,0.55,4,927,2025-12-23,481442.3174366617,-0.12110626850122908,48.2
PROP_1150,서초구,도곡동,30py,84.78,34,342485.0,171896.0,0.5,3,983,2025-10-20,320710.1926470588,-0.06789558876572514,27.0
PROP_1151,강남구,대치동,40py,116.4,20,486607.0,272720.0,0.56,3,1463,2025-03-10,481442.3174366617,-0.010727520984936633,40.4
PROP_1152,서초구,도곡동,20py,62.46,13,237889.0,124349.0,0.52,3,100,2026-01-26,229624.656394453,-0.035990662916226136,46.2
PROP_1153,강남구,반포동,20py,62.74,4,201276.0,101065.0,0.5,3,350,2025-12-04,229624.656394453,0.12345650000997804,41.8
PROP_1154,송파구,잠실동,20py,60.45,12,197150.0,107059.0,0.54,1,178,2025-12-08,229624.656394453,0.1414249536803552,23.0
PROP_1155,서초구,도곡동,40py,112.63,7,438337.0,223248.0,0.51,1,698,2025-10-28,481442.3174366617,0.08953371125780318,21.3
PROP_1156,강남구,대치동,20py,63.24,27,240515.0,128543.0,0.53,3,826,2026-01-03,229624.656394453,-0.04742671704574877,38.4
PROP_1157,송파구,도곡동,40py,114.77,30,434939.0,230954.0,0.53,2,1030,2025-12-20,481442.3174366617,0.09659166997255002,37.0
PROP_1158,서초구,개포동,20py,60.24,10,213311.0,113398.0,0.53,2,235,2025-03-08,229624.656394453,0.07104488102718867,34.1
PROP_1159,송파구,도곡동,20py,61.69,33,211870.0,112232.0,0.53,3,332,2025-07-09,229624.656394453,0.07732033951943625,44.3
PROP_1160,서초구,잠실동,20py,63.09,17,214371.0,112518.0,0.52,4,1192,2025-07-24,229624.656394453,0.06642865201831816,51.4
PROP_1161,강남구,대치동,40py,114.75,23,529850.0,276836.0,0.52,3,696,2025-02-24,481442.3174366617,-0.1005472115975904,34.7
PROP_1162,서초구,반포동,30py,84.06,33,344668.0,186589.0,0.54,2,850,2025-07-22,320710.1926470588,-0.0747023571505466,31.7
PROP_1163,강남구,개포동,40py,115.73,1,443785.0,256370.0,0.58,3,491,2025-05-16,481442.3174366617,0.07821771388348277,43.9
PROP_1164,송파구,개포동,30py,84.71,9,346842.0,184896.0,0.53,2,827,2025-09-17,320710.1926470588,-0.0814810628164201,29.5
PROP_1165,송파구,대치동,20py,62.93,13,222424.0,118922.0,0.53,3,1396,2025-11-01,229624.656394453,0.03135837634998389,43.0
PROP_1166,강남구,반포동,20py,59.89,31,206082.0,112297.0,0.54,4,165,2025-06-10,229624.656394453,0.10252669188108018,58.0
PROP_1167,강남구,도곡동,40py,116.24,15,452805.0,269032.0,0.59,4,1449,2025-06-14,481442.3174366617,0.05948234378135902,55.3
PROP_1168,서초구,도곡동,40py,114.64,23,485347.0,262892.0,0.54,3,318,2025-06-17,481442.3174366617,-0.008110385028320679,51.3
PROP_1169,송파구,반포동,20py,62.53,6,264259.0,152990.0,0.58,2,559,2026-01-05,229624.656394453,-0.15083024684444848,19.4
PROP_1170,강남구,대치동,20py,60.61,27,253767.0,144829.0,0.57,4,1336,2025-12-30,229624.656394453,-0.10513828952268478,38.1
PROP_1171,강남구,반포동,40py,115.86,23,548717.0,276455.0,0.5,3,1447,2025-08-14,481442.3174366617,-0.13973570690987075,28.1
PROP_1172,송파구,반포동,30py,84.86,3,341039.0,183196.0,0.54,3,1170,2025-03-29,320710.1926470588,-0.06338684525475316,44.3
PROP_1173,서초구,잠실동,20py,60.05,3,215496.0,126486.0,0.59,3,1214,2025-08-25,229624.656394453,0.061529352362677266,39.7
PROP_1174,송파구,잠실동,30py,84.73,8,290230.0,164722.0,0.57,3,1134,2026-01-13,320710.1926470588,0.09503967552600433,40.9
PROP_1175,강남구,잠실동,40py,116.4,28,522010.0,263662.0,0.51,2,1374,2025-09-06,481442.3174366617,-0.08426281008975779,20.1
PROP_1176,송파구,대치동,20py,64.64,30,208712.0,113724.0,0.54,4,253,2025-04-30,229624.656394453,0.0910732180194486,52.4
PROP_1177,송파구,잠실동,30py,84.63,22,362596.0,206552.0,0.57,3,278,2025-07-02,320710.1926470588,-0.13060329329487969,41.8
PROP_1178,송파구,반포동,30py,84.55,8,307739.0,168602.0,0.55,3,704,2026-01-25,320710.1926470588,0.04044521485269285,41.2
PROP_1179,서초구,반포동,30py,84.61,21,326213.0,166582.0,0.51,4,1067,2025-07-05,320710.1926470588,-0.017158192907816387,53.2
PROP_1180,강남구,반포동,30py,84.98,34,272299.0,141005.0,0.52,1,880,2025-12-30,320710.1926470588,0.15094996590998674,34.1
PROP_1181,서초구,대치동,20py,60.22,23,261893.0,155593.0,0.59,5,1157,2025-07-09,229624.656394453,-0.1405264753020073,50.5
PROP_1182,송파구,도곡동,20py,59.41,8,243448.0,145345.0,0.6,4,1060,2025-07-18,229624.656394453,-0.06019973561463296,55.5
PROP_1183,서초구,잠실동,20py,63.15,9,253931.0,145042.0,0.57,1,199,2025-03-10,229624.656394453,-0.10585249853915153,10.3
PROP_1184,서초구,개포동,40py,115.55,9,531436.0,266074.0,0.5,4,281,2025-04-27,481442.3174366617,-0.10384147955568002,43.6
PROP_1185,강남구,대치동,30py,84.28,26,364579.0,211254.0,0.58,5,570,2025-09-15,320710.1926470588,-0.13678644570307985,57.8
PROP_1186,서초구,대치동,20py,59.28,33,219378.0,115808.0,0.53,4,700,2025-05-30,229624.656394453,0.04462350235094579,59.6
PROP_1187,서초구,잠실동,20py,63.61,19,215393.0,110084.0,0.51,3,711,2025-05-19,229624.656394453,0.06197791046448261,42.7
PROP_1188,서초구,반포동,30py,84.84,5,301439.0,171607.0,0.57,2,560,2025-07-23,320710.1926470588,0.06008911811626372,30.0
PROP_1189,강남구,잠실동,20py,63.51,19,230498.0,126444.0,0.55,1,534,2025-05-31,229624.656394453,-0.003803352911922335,20.0
PROP_1190,송파구,도곡동,20py,59.1,8,233451.0,120574.0,0.52,2,1497,2025-12-19,229624.656394453,-0.016663470141351253,23.3
PROP_1191,서초구,잠실동,20py,59.97,2,210687.0,108199.0,0.51,2,802,2025-02-27,229624.656394453,0.08247222529065683,28.0
PROP_1192,송파구,개포동,30py,84.9,34,289064.0,159898.0,0.55,2,237,2025-05-03,320710.1926470588,0.09867535666970649,40.5
PROP_1193,강남구,잠실동,40py,111.05,3,536496.0,273185.0,0.51,4,147,2025-10-12,481442.3174366617,-0.11435156522272504,43.0
PROP_1194,서초구,잠실동,30py,84.67,13,290951.0,169361.0,0.58,4,721,2025-06-07,320710.1926470588,0.09279153993028455,50.5
PROP_1195,강남구,잠실동,20py,63.43,3,211176.0,107803.0,0.51,1,985,2025-04-15,229624.656394453,0.08034266304033827,16.2
PROP_1196,강남구,대치동,40py,118.54,26,512136.0,297638.0,0.58,3,620,2025-07-30,481442.3174366617,-0.06375360339481657,30.3
PROP_1197,강남구,잠실동,30py,84.8,4,342908.0,184956.0,0.54,2,686,2025-03-16,320710.1926470588,-0.06921453655627918,36.8
PROP_1198,송파구,대치동,30py,84.48,7,356353.0,194825.0,0.55,4,1425,2025-10-04,320710.1926470588,-0.11113712058464591,52.9
PROP_1199,송파구,개포동,20py,59.05,4,221655.0,113571.0,0.51,2,655,2025-12-26,229624.656394453,0.03470731984792864,31.7
PROP_1200,서초구,개포동,30py,84.5,1,319762.0,181753.0,0.57,2,276,2025-05-01,320710.1926470588,0.0029565404181035575,32.9
PROP_1201,강남구,반포동,30py,84.79,10,299230.0,162106.0,0.54,1,122,2025-05-05,320710.1926470588,0.06697695657804595,23.9
PROP_1202,서초구,잠실동,40py,110.28,3,466122.0,243054.0,0.52,1,239,2025-05-06,481442.3174366617,0.031821709230363246,21.3
PROP_1203,서초구,개포동,40py,110.19,18,451410.0,245084.0,0.54,3,853,2025-05-25,481442.3174366617,0.06237988716189811,48.2
PROP_1204,강남구,대치동,20py,61.61,20,218115.0,123068.0,0.56,4,1376,2025-03-14,229624.656394453,0.05012378276434529,49.3
PROP_1205,송파구,도곡동,40py,118.45,6,545387.0,310708.0,0.57,1,356,2026-01-02,481442.3174366617,-0.1328189904531,15.0
PROP_1206,강남구,개포동,30py,84.67,15,340533.0,185747.0,0.55,2,874,2025-10-22,320710.1926470588,-0.06180909683390128,24.8
PROP_1207,서초구,도곡동,20py,60.42,5,228237.0,130333.0,0.57,3,661,2026-01-20,229624.656394453,0.006043150662659034,37.3
PROP_1208,서초구,반포동,30py,84.99,9,361695.0,185631.0,0.51,2,170,2025-08-21,320710.1926470588,-0.12779390332020074,18.5
PROP_1209,송파구,대치동,20py,61.21,4,240894.0,133138.0,0.55,4,568,2025-08-10,229624.656394453,-0.049077236663071344,48.3
PROP_1210,강남구,도곡동,30py,84.44,29,355307.0,183812.0,0.52,4,1472,2025-07-21,320710.1926470588,-0.10787560902691652,51.2
PROP_1211,강남구,대치동,30py,84.61,17,323761.0,189825.0,0.59,4,284,2025-12-17,320710.1926470588,-0.009512661034439283,52.5
PROP_1212,송파구,반포동,40py,111.43,19,409703.0,209920.0,0.51,2,545,2025-04-20,481442.3174366617,0.14900916441791529,37.8
PROP_1213,강남구,도곡동,20py,62.34,1,196034.0,112047.0,0.57,4,388,2025-12-08,229624.656394453,0.14628505893875096,55.8
PROP_1214,강남구,대치동,30py,84.2,35,355907.0,194898.0,0.55,5,650,2026-01-28,320710.1926470588,-0.10974645695678041,61.4
PROP_1215,송파구,개포동,40py,113.72,11,435509.0,241713.0,0.56,4,1102,2025-09-12,481442.3174366617,0.09540772751598565,56.2
PROP_1216,송파구,개포동,20py,63.91,6,242356.0,124324.0,0.51,4,602,2025-12-28,229624.656394453,-0.05544414874889088,41.8
PROP_1217,송파구,반포동,30py,84.56,22,307752.0,168952.0,0.55,2,950,2025-11-20,320710.1926470588,0.04040467981421247,30.7
PROP_1218,강남구,개포동,20py,63.79,24,239234.0,139461.0,0.58,3,647,2025-07-28,229624.656394453,-0.04184804783785902,29.8
PROP_1219,서초구,잠실동,40py,117.27,8,458104.0,246219.0,0.54,3,209,2025-11-17,481442.3174366617,0.04847583311936858,45.4
PROP_1220,강남구,잠실동,30py,84.23,20,347983.0,203593.0,0.59,4,1459,2025-06-26,320710.1926470588,-0.0850387919630446,49.2
PROP_1221,서초구,대치동,30py,84.4,35,293834.0,157207.0,0.54,5,905,2025-10-02,320710.1926470588,0.08380211562728855,70.4
PROP_1222,송파구,잠실동,30py,84.56,9,338289.0,179909.0,0.53,1,238,2026-02-04,320710.1926470588,-0.054812125576210326,26.3
PROP_1223,송파구,개포동,20py,63.34,32,260093.0,135485.0,0.52,3,1086,2025-03-10,229624.656394453,-0.13268759585298187,33.6
PROP_1224,서초구,개포동,30py,84.86,27,353746.0,206561.0,0.58,3,248,2025-12-25,320710.1926470588,-0.10300828632938729,38.8
PROP_1225,서초구,잠실동,30py,84.77,31,335206.0,182186.0,0.54,1,1453,2025-04-21,320710.1926470588,-0.04519908529659303,19.1
PROP_1226,강남구,도곡동,30py,84.66,29,301329.0,155596.0,0.52,2,578,2025-04-18,320710.1926470588,0.060432106903405426,37.2
PROP_1227,서초구,대치동,40py,119.6,31,460595.0,275270.0,0.6,3,391,2025-06-30,481442.3174366617,0.04330179687497942,37.2
PROP_1228,강남구,잠실동,20py,64.63,31,205189.0,106550.0,0.52,1,1109,2025-09-04,229624.656394453,0.10641564707440224,25.2
PROP_1229,강남구,개포동,30py,84.6,11,338360.0,169622.0,0.5,2,1480,2025-06-21,320710.1926470588,-0.05503350924791089,29.2
PROP_1230,서초구,대치동,40py,117.33,31,437643.0,237606.0,0.54,4,238,2025-11-06,481442.3174366617,0.09097521312597101,46.2
PROP_1231,서초구,반포동,30py,84.93,32,364238.0,190189.0,0.52,3,1153,2025-06-15,320710.1926470588,-0.13572318046294055,25.7
PROP_1232,강남구,도곡동,40py,117.91,27,448502.0,256285.0,0.57,4,955,2025-08-17,481442.3174366617,0.06842007078240542,51.9
PROP_1233,송파구,잠실동,30py,84.32,7,275822.0,164817.0,0.6,4,1287,2025-02-23,320710.1926470588,0.1399649704818026,58.4
PROP_1234,서초구,도곡동,40py,114.04,31,472432.0,249545.0,0.53,2,1090,2025-10-23,481442.3174366617,0.018715258526992865,27.8
PROP_1235,송파구,잠실동,30py,84.56,9,294443.0,156453.0,0.53,3,858,2025-11-17,320710.1926470588,0.0819032049784767,34.3
PROP_1236,서초구,반포동,40py,115.43,26,451248.0,251558.0,0.56,4,1017,2025-04-17,481442.3174366617,0.06271637607060587,56.4
PROP_1237,송파구,대치동,20py,62.74,16,223047.0,116635.0,0.52,5,479,2026-01-15,229624.656394453,0.02864525307401565,61.7
PROP_1238,서초구,대치동,20py,61.93,25,248066.0,132788.0,0.54,4,1001,2025-11-30,229624.656394453,-0.0803108163344104,42.5
PROP_1239,강남구,개포동,30py,84.16,32,326318.0,186290.0,0.57,3,695,2025-03-31,320710.1926470588,-0.01748559129554257,38.3
PROP_1240,서초구,잠실동,20py,61.38,24,256458.0,144672.0,0.56,2,1295,2025-06-20,229624.656394453,-0.11685741429897777,22.1
PROP_1241,송파구,도곡동,40py,110.57,6,458901.0,266594.0,0.58,2,740,2025-10-25,481442.3174366617,0.04682039077220754,29.6
PROP_1242,서초구,잠실동,20py,59.17,33,224916.0,132769.0,0.59,2,623,2025-03-15,229624.656394453,0.020505883246110926,35.4
PROP_1243,서초구,도곡동,40py,111.88,28,414000.0,228932.0,0.55,3,479,2025-10-26,481442.3174366617,0.14008389996904327,46.1
PROP_1244,강남구,잠실동,40py,119.09,25,521652.0,292430.0,0.56,4,1232,2025-04-29,481442.3174366617,-0.08351921114335421,42.7
PROP_1245,강남구,잠실동,30py,84.19,6,330880.0,176419.0,0.53,2,1146,2025-12-31,320710.1926470588,-0.031710271722274364,32.3
PROP_1246,강남구,잠실동,30py,84.08,8,289916.0,146574.0,0.51,1,740,2025-12-20,320710.1926470588,0.09601875260929976,29.7
PROP_1247,송파구,반포동,30py,84.43,26,315213.0,176857.0,0.56,4,1184,2025-12-18,320710.1926470588,0.017140685806354965,52.1
PROP_1248,송파구,잠실동,40py,116.09,12,480304.0,281002.0,0.59,1,1382,2025-03-07,481442.3174366617,0.0023643900742303238,17.3
PROP_1249,송파구,도곡동,30py,84.6,30,336208.0,169186.0,0.5,3,1333,2025-12-21,320710.1926470588,-0.04832340133946572,39.8
PROP_1250,송파구,잠실동,40py,118.78,6,424820.0,225594.0,0.53,4,779,2025-05-17,481442.3174366617,0.11760976421461102,45.7
PROP_1251,서초구,반포동,30py,84.34,32,300607.0,157304.0,0.52,2,1315,2025-04-30,320710.1926470588,0.06268336057900831,27.0
PROP_1252,서초구,잠실동,40py,118.86,7,538227.0,273806.0,0.51,1,1075,2025-06-30,481442.3174366617,-0.11794701152502839,2.9
PROP_1253,강남구,대치동,30py,84.0,3,336014.0,170854.0,0.51,3,298,2025-09-24,320710.1926470588,-0.047718493842143064,40.4
PROP_1254,서초구,잠실동,30py,84.12,15,346119.0,193938.0,0.56,1,519,2025-09-01,320710.1926470588,-0.07922669106093412,13.0
PROP_1255,서초구,대치동,40py,117.14,32,548038.0,314571.0,0.57,4,378,2026-02-07,481442.3174366617,-0.1383253614221388,42.1
PROP_1256,강남구,도곡동,30py,84.86,31,367451.0,212277.0,0.58,3,381,2025-10-29,320710.1926470588,-0.1457415711273617,36.5
PROP_1257,서초구,잠실동,30py,84.5,29,337135.0,185295.0,0.55,1,157,2025-12-25,320710.1926470588,-0.05121386139110544,22.1
PROP_1258,서초구,대치동,30py,84.12,30,284420.0,165661.0,0.58,4,114,2025-09-28,320710.1926470588,0.11315571964685302,58.2
PROP_1259,서초구,개포동,20py,61.27,2,218729.0,117137.0,0.54,1,915,2025-04-19,229624.656394453,0.04744985388562217,22.3
PROP_1260,강남구,도곡동,30py,84.86,9,318892.0,166078.0,0.52,4,1195,2025-04-30,320710.1926470588,0.005669269916406201,56.1
PROP_1261,강남구,반포동,20py,64.94,27,204378.0,112106.0,0.55,1,924,2025-10-11,229624.656394453,0.10994749775949092,24.9
PROP_1262,서초구,개포동,20py,63.92,16,223207.0,127825.0,0.57,1,288,2025-06-12,229624.656394453,0.027948463789657835,23.0
PROP_1263,서초구,반포동,20py,62.44,29,230057.0,116736.0,0.51,4,1016,2025-09-18,229624.656394453,-0.0018828274469111078,55.9
PROP_1264,송파구,잠실동,30py,84.95,17,365251.0,208331.0,0.57,2,557,2025-05-31,320710.1926470588,-0.1388817953845274,18.9
PROP_1265,송파구,도곡동,30py,84.44,10,350761.0,198710.0,0.57,2,269,2025-07-26,320710.1926470588,-0.09370081787831443,15.7
PROP_1266,서초구,개포동,30py,84.81,8,312654.0,168898.0,0.54,4,1026,2025-03-15,320710.1926470588,0.025119852227224466,43.9
PROP_1267,송파구,개포동,40py,117.7,16,484090.0,267668.0,0.55,1,860,2025-09-01,481442.3174366617,-0.005499480347791904,15.2
PROP_1268,서초구,대치동,20py,60.43,11,260098.0,152317.0,0.59,5,1123,2025-07-25,229624.656394453,-0.13270937051811804,57.6
PROP_1269,송파구,대치동,20py,63.28,5,223113.0,123988.0,0.56,5,876,2025-03-14,229624.656394453,0.02835782749421805,64.9
PROP_1270,송파구,도곡동,20py,64.05,16,213289.0,115808.0,0.54,2,1125,2025-05-11,229624.656394453,0.07114068955378787,29.8
PROP_1271,강남구,도곡동,40py,115.25,35,490017.0,291787.0,0.6,1,1456,2025-10-02,481442.3174366617,-0.017810404804032193,17.6
PROP_1272,서초구,반포동,20py,61.2,15,215423.0,129185.0,0.6,4,1098,2025-05-07,229624.656394453,0.06184726247366552,58.9
PROP_1273,강남구,개포동,30py,84.94,24,319761.0,181184.0,0.57,4,1390,2025-03-05,320710.1926470588,0.002959658497986664,53.8
PROP_1274,송파구,잠실동,40py,114.57,4,418722.0,212847.0,0.51,3,203,2025-03-24,481442.3174366617,0.1302758714078206,53.5
PROP_1275,송파구,잠실동,20py,59.06,21,226123.0,133789.0,0.59,4,1270,2025-03-04,229624.656394453,0.015249479082236662,54.3
PROP_1276,강남구,도곡동,30py,84.47,32,367282.0,211744.0,0.58,1,261,2025-08-13,320710.1926470588,-0.14521461562711668,13.9
PROP_1277,서초구,개포동,40py,113.8,8,429306.0,216515.0,0.5,3,483,2025-02-28,481442.3174366617,0.10829192937224659,38.4
PROP_1278,서초구,잠실동,30py,84.13,17,332906.0,175436.0,0.53,1,810,2026-02-14,320710.1926470588,-0.0380275015654481,25.6
PROP_1279,서초구,반포동,20py,64.73,27,234906.0,131651.0,0.56,1,290,2025-12-09,229624.656394453,-0.02299989769598013,19.0
PROP_1280,서초구,반포동,40py,115.32,21,538633.0,281448.0,0.52,4,952,2026-01-12,481442.3174366617,-0.11879031088882687,45.2
PROP_1281,서초구,대치동,30py,84.26,9,279113.0,162641.0,0.58,5,1135,2025-04-09,320710.1926470588,0.12970336958649914,66.6
PROP_1282,송파구,개포동,30py,84.93,24,318059.0,176223.0,0.55,3,202,2025-10-24,320710.1926470588,0.008266630459033905,35.9
PROP_1283,서초구,도곡동,30py,84.17,7,323914.0,186623.0,0.58,4,1108,2025-06-20,320710.1926470588,-0.009989727256554575,51.3
PROP_1284,강남구,대치동,30py,84.72,14,351387.0,207486.0,0.59,4,356,2025-07-12,320710.1926470588,-0.09565273588513909,48.6
PROP_1285,강남구,반포동,20py,61.97,16,253439.0,142443.0,0.56,4,1454,2025-09-30,229624.656394453,-0.10370987148975125,50.8
PROP_1286,서초구,도곡동,40py,113.5,4,420116.0,230350.0,0.55,3,661,2025-07-11,481442.3174366617,0.12738040511931056,44.2
PROP_1287,송파구,반포동,30py,84.9,31,317180.0,165923.0,0.52,2,395,2025-07-01,320710.1926470588,0.011007422676284507,28.1
PROP_1288,송파구,개포동,40py,110.3,15,533697.0,319123.0,0.6,2,902,2025-08-19,481442.3174366617,-0.10853778463338531,23.7
PROP_1289,서초구,도곡동,20py,63.95,8,249389.0,125432.0,0.5,1,1369,2025-07-19,229624.656394453,-0.08607239272944407,25.9
PROP_1290,강남구,대치동,40py,119.8,10,521505.0,280061.0,0.54,4,203,2026-02-02,481442.3174366617,-0.08321387861508235,50.3
PROP_1291,강남구,반포동,30py,84.38,26,341415.0,180179.0,0.53,1,258,2025-07-26,320710.1926470588,-0.0645592432908012,13.2
PROP_1292,서초구,도곡동,30py,84.57,34,299309.0,163720.0,0.55,2,737,2026-01-10,320710.1926470588,0.06673062826728053,30.0
PROP_1293,서초구,대치동,40py,114.18,3,516802.0,267955.0,0.52,5,1398,2025-12-06,481442.3174366617,-0.07344531480241184,64.8
PROP_1294,강남구,개포동,40py,112.93,19,473715.0,241467.0,0.51,4,121,2025-04-18,481442.3174366617,0.01605034945370852,52.9
PROP_1295,서초구,도곡동,40py,110.9,5,504065.0,253257.0,0.5,1,296,2026-02-13,481442.3174366617,-0.04698939362827104,9.1
PROP_1296,서초구,반포동,30py,84.25,17,350095.0,202133.0,0.58,3,123,2026-01-20,320710.1926470588,-0.09162417667616551,40.5
PROP_1297,송파구,반포동,30py,84.49,29,322567.0,189081.0,0.59,1,213,2025-05-30,320710.1926470588,-0.005789673654010138,23.5
PROP_1298,강남구,대치동,20py,60.6,2,200159.0,119958.0,0.6,3,742,2026-01-15,229624.656394453,0.12832096020140105,43.0
PROP_1299,송파구,개포동,40py,114.61,12,516244.0,290624.0,0.56,3,819,2025-11-13,481442.3174366617,-0.07228629745019621,41.8
PROP_1300,강남구,개포동,30py,84.65,11,312740.0,178836.0,0.57,4,205,2025-06-02,320710.1926470588,0.024851697357277307,54.3
PROP_1301,송파구,도곡동,30py,84.09,31,341862.0,181701.0,0.53,3,1178,2025-02-18,320710.1926470588,-0.0659530249985498,40.8
PROP_1302,강남구,도곡동,20py,64.63,3,198797.0,116786.0,0.59,1,604,2025-09-27,229624.656394453,0.13425237898449693,31.4
PROP_1303,송파구,대치동,30py,84.44,19,329037.0,185686.0,0.56,3,163,2025-10-03,320710.1926470588,-0.025963650497709108,45.6
PROP_1304,강남구,반포동,30py,84.93,15,353821.0,193165.0,0.55,3,514,2025-03-03,320710.1926470588,-0.10324214232062028,33.4
PROP_1305,강남구,도곡동,40py,115.72,25,459995.0,261197.0,0.57,2,388,2026-01-13,481442.3174366617,0.044548052092415594,31.1
PROP_1306,강남구,대치동,20py,62.07,22,224663.0,128875.0,0.57,5,685,2025-06-25,229624.656394453,0.02160768130200172,59.4
PROP_1307,서초구,반포동,30py,84.01,23,324932.0,173776.0,0.53,1,470,2025-12-16,320710.1926470588,-0.01316393257755698,20.9
PROP_1308,서초구,반포동,40py,111.49,28,530594.0,283765.0,0.53,1,1285,2025-06-06,481442.3174366617,-0.10209256806721126,15.9
PROP_1309,강남구,반포동,40py,115.84,31,462710.0,275986.0,0.6,2,1436,2026-02-09,481442.3174366617,0.03890874723351693,27.3
PROP_1310,서초구,도곡동,40py,119.37,28,520459.0,277554.0,0.53,3,1462,2025-04-10,481442.3174366617,-0.0810412403526853,45.9
PROP_1311,강남구,반포동,20py,64.96,35,222550.0,116419.0,0.52,1,251,2025-06-22,229624.656394453,0.03080965478855211,18.4
PROP_1312,서초구,반포동,30py,84.0,5,347326.0,200298.0,0.58,4,670,2025-09-02,320710.1926470588,-0.08299021347984364,45.4
PROP_1313,강남구,반포동,20py,62.0,29,226497.0,122525.0,0.54,3,395,2025-05-23,229624.656394453,0.01362073413005027,37.5
PROP_1314,송파구,반포동,30py,84.04,6,279979.0,141344.0,0.5,2,475,2025-10-03,320710.1926470588,0.12700311240772894,36.1
PROP_1315,송파구,대치동,30py,84.65,7,281440.0,152045.0,0.54,4,1292,2026-01-19,320710.1926470588,0.12244759769851035,59.3
PROP_1316,송파구,잠실동,20py,59.65,10,228045.0,133038.0,0.58,4,1238,2026-01-09,229624.656394453,0.006879297803888412,56.9
PROP_1317,송파구,반포동,20py,60.91,26,250922.0,129654.0,0.52,2,921,2025-05-17,229624.656394453,-0.09274850506019738,19.1
PROP_1318,송파구,잠실동,30py,84.48,18,287072.0,145731.0,0.51,3,1359,2025-11-02,320710.1926470588,0.10488657179685461,41.0
PROP_1319,송파구,개포동,30py,84.33,5,361421.0,191347.0,0.53,1,985,2025-02-23,320710.1926470588,-0.12693954943222957,5.5
PROP_1320,송파구,대치동,20py,60.88,29,233970.0,133559.0,0.57,4,346,2025-08-30,229624.656394453,-0.018923680382486915,56.9
PROP_1321,서초구,반포동,40py,110.42,32,540607.0,321053.0,0.59,2,547,2025-08-27,481442.3174366617,-0.12289049055419186,24.5
PROP_1322,송파구,도곡동,20py,60.13,1,209013.0,115817.0,0.55,1,206,2026-01-13,229624.656394453,0.08976238317825047,23.2
PROP_1323,강남구,개포동,30py,84.83,12,331245.0,182288.0,0.55,3,300,2025-12-06,320710.1926470588,-0.03284837087960823,32.3
PROP_1324,서초구,대치동,20py,59.22,2,251088.0,128404.0,0.51,4,1246,2025-04-26,229624.656394453,-0.09347142394271861,49.4
PROP_1325,강남구,잠실동,40py,112.86,18,423902.0,243877.0,0.58,4,314,2025-09-05,481442.3174366617,0.11951653469728835,55.3
PROP_1326,서초구,대치동,20py,60.57,27,219565.0,112501.0,0.51,3,1422,2026-02-06,229624.656394453,0.04380912987485259,48.9
PROP_1327,강남구,도곡동,40py,111.78,22,551242.0,287932.0,0.52,3,1167,2025-05-27,481442.3174366617,-0.14498036428324795,33.9
PROP_1328,송파구,도곡동,20py,61.09,26,204351.0,113262.0,0.55,4,729,2025-08-22,229624.656394453,0.1100650809512263,49.8
PROP_1329,송파구,도곡동,40py,114.15,34,446405.0,238031.0,0.53,2,272,2025-05-27,481442.3174366617,0.07277573276734482,37.2
PROP_1330,강남구,도곡동,40py,114.09,11,492400.0,261902.0,0.53,2,785,2025-03-26,481442.3174366617,-0.022760115109282848,28.2
PROP_1331,송파구,개포동,30py,84.09,29,312065.0,185107.0,0.59,3,734,2025-07-10,320710.1926470588,0.026956401278374186,47.0
PROP_1332,송파구,대치동,30py,84.95,24,313066.0,178598.0,0.57,3,974,2025-08-20,320710.1926470588,0.023835203315384593,39.8
PROP_1333,강남구,도곡동,30py,84.58,28,361132.0,187903.0,0.52,3,1364,2025-03-06,320710.1926470588,-0.1260384243460118,40.8
PROP_1334,강남구,개포동,20py,63.49,3,227169.0,126049.0,0.55,1,1104,2025-04-18,229624.656394453,0.010694219135747448,26.5
PROP_1335,서초구,개포동,30py,84.43,26,314773.0,178524.0,0.57,2,1158,2026-02-07,320710.1926470588,0.01851264095492182,32.9
PROP_1336,강남구,잠실동,40py,110.84,8,460949.0,250744.0,0.54,3,1406,2025-04-05,481442.3174366617,0.042566506296692085,44.2
PROP_1337,강남구,잠실동,40py,113.39,19,485126.0,277760.0,0.57,4,1419,2025-04-01,481442.3174366617,-0.007651347689898356,56.5
PROP_1338,강남구,잠실동,40py,115.12,23,534575.0,299119.0,0.56,2,379,2026-01-19,481442.3174366617,-0.11036147143490024,22.4
PROP_1339,강남구,개포동,30py,84.32,7,347762.0,203051.0,0.58,2,1234,2025-09-10,320710.1926470588,-0.08434969630887808,24.6
PROP_1340,송파구,개포동,30py,84.94,34,301582.0,156371.0,0.52,4,473,2026-02-03,320710.1926470588,0.05964323269297949,54.7
PROP_1341,송파구,대치동,20py,63.24,7,206625.0,110090.0,0.53,4,417,2026-02-13,229624.656394453,0.10016196324729086,56.7
PROP_1342,강남구,대치동,30py,84.49,16,324424.0,192254.0,0.59,4,1175,2025-06-14,320710.1926470588,-0.011579947996938884,47.4
PROP_1343,강남구,개포동,30py,84.15,2,350575.0,192677.0,0.55,3,326,2025-07-20,320710.1926470588,-0.09312085502005663,35.8
PROP_1344,송파구,개포동,30py,84.69,2,292525.0,165597.0,0.57,1,762,2025-08-18,320710.1926470588,0.08788368219427493,27.0
PROP_1345,서초구,대치동,20py,59.48,12,253084.0,138416.0,0.55,3,1405,2025-03-11,229624.656394453,-0.10216387026508235,39.0
PROP_1346,강남구,대치동,30py,84.09,4,324236.0,172898.0,0.53,4,100,2025-08-03,320710.1926470588,-0.010993748978914865,53.9
PROP_1347,강남구,잠실동,30py,84.15,12,343640.0,177084.0,0.52,1,240,2025-03-20,320710.1926470588,-0.07149697103071313,16.9
PROP_1348,서초구,개포동,40py,115.3,9,516345.0,267087.0,0.52,3,850,2026-02-05,481442.3174366617,-0.07249608374513129,35.3
PROP_1349,서초구,개포동,20py,64.42,9,237258.0,135180.0,0.57,3,618,2025-11-05,229624.656394453,-0.03324270017604001,36.3
PROP_1350,송파구,대치동,20py,62.54,24,233590.0,134632.0,0.58,4,1147,2025-09-11,229624.656394453,-0.017268805832137104,48.8
PROP_1351,송파구,대치동,40py,117.92,33,446898.0,261230.0,0.58,4,942,2025-10-13,481442.3174366617,0.0717517263970181,61.3
PROP_1352,서초구,잠실동,40py,118.63,31,492154.0,273581.0,0.56,2,121,2025-07-09,481442.3174366617,-0.022249150470134017,17.4
PROP_1353,송파구,잠실동,30py,84.74,25,288110.0,171748.0,0.6,1,1421,2025-08-24,320710.1926470588,0.10165000487819008,27.4
PROP_1354,강남구,잠실동,20py,60.3,2,256842.0,134700.0,0.52,4,1100,2025-12-16,229624.656394453,-0.11852970858143652,47.1
PROP_1355,송파구,대치동,40py,110.35,33,456276.0,262474.0,0.58,4,158,2025-06-13,481442.3174366617,0.05227275734849078,57.4
PROP_1356,송파구,반포동,40py,112.92,17,476362.0,275290.0,0.58,4,454,2025-06-22,481442.3174366617,0.010552286852785956,48.1
PROP_1357,서초구,반포동,40py,114.38,21,463805.0,245496.0,0.53,3,128,2025-08-31,481442.3174366617,0.03663433146169592,43.7
PROP_1358,강남구,개포동,30py,84.93,23,302076.0,155155.0,0.51,2,387,2025-11-02,320710.1926470588,0.05810290123072488,38.4
PROP_1359,강남구,도곡동,30py,84.52,6,288900.0,161403.0,0.56,2,1022,2025-06-29,320710.1926470588,0.09918672177053596,35.7
PROP_1360,서초구,개포동,20py,62.37,33,226425.0,116189.0,0.51,3,1471,2025-11-20,229624.656394453,0.013934289308011286,39.6
PROP_1361,송파구,개포동,20py,60.5,7,235991.0,136236.0,0.58,4,389,2026-01-21,229624.656394453,-0.02772500003053156,47.6
PROP_1362,강남구,도곡동,40py,116.1,5,503868.0,257051.0,0.51,3,894,2025-07-29,481442.3174366617,-0.04658020649854616,42.3
PROP_1363,서초구,대치동,20py,59.53,17,255518.0,128156.0,0.5,4,1078,2025-11-16,229624.656394453,-0.11276377725337561,41.9
PROP_1364,강남구,잠실동,40py,113.56,22,458063.0,269915.0,0.59,1,554,2025-03-11,481442.3174366617,0.04856099389256006,24.7
PROP_1365,송파구,잠실동,20py,59.52,32,256105.0,133419.0,0.52,2,1079,2025-07-07,229624.656394453,-0.11532012294036334,33.5
PROP_1366,서초구,반포동,40py,118.13,1,439165.0,260312.0,0.59,4,1145,2025-10-24,481442.3174366617,0.08781387905774127,49.2
PROP_1367,서초구,대치동,20py,63.41,13,255430.0,130611.0,0.51,4,1293,2025-08-26,229624.656394453,-0.11238054314697882,49.8
PROP_1368,송파구,개포동,30py,84.82,27,278445.0,152987.0,0.55,3,871,2025-05-12,320710.1926470588,0.1317862469484143,44.4
PROP_1369,송파구,개포동,40py,117.83,5,463640.0,241687.0,0.52,3,1009,2025-02-19,481442.3174366617,0.036977051646490865,37.6
PROP_1370,강남구,반포동,30py,84.79,16,313408.0,187581.0,0.6,2,285,2025-10-27,320710.1926470588,0.022768819995362174,32.9
PROP_1371,송파구,잠실동,30py,84.11,2,347405.0,196293.0,0.57,2,1217,2025-04-09,320710.1926470588,-0.08323654179060906,23.9
PROP_1372,강남구,잠실동,20py,62.04,18,214957.0,118545.0,0.55,1,590,2025-10-08,229624.656394453,0.06387666126435765,19.8
PROP_1373,송파구,반포동,30py,84.69,14,306183.0,168368.0,0.55,3,1293,2025-04-23,320710.1926470588,0.045296947150806545,44.5
PROP_1374,송파구,도곡동,20py,63.18,25,195533.0,101970.0,0.52,4,1210,2025-09-02,229624.656394453,0.14846688038539635,56.1
PROP_1375,송파구,반포동,20py,61.74,15,219097.0,120240.0,0.55,2,327,2025-02-28,229624.656394453,0.0458472385315992,36.5
PROP_1376,서초구,잠실동,20py,60.95,26,232362.0,134326.0,0.58,2,1129,2025-05-29,229624.656394453,-0.011920948074690876,32.7
PROP_1377,송파구,도곡동,40py,119.35,27,499405.0,251085.0,0.5,3,352,2025-05-19,481442.3174366617,-0.03731014477285012,37.6
PROP_1378,송파구,대치동,20py,61.11,2,244481.0,128746.0,0.53,3,788,2025-06-03,229624.656394453,-0.0646983814317681,36.9
PROP_1379,강남구,반포동,30py,84.47,3,323368.0,171125.0,0.53,3,413,2026-02-12,320710.1926470588,-0.008287255640378435,41.5
PROP_1380,서초구,반포동,40py,115.09,1,489642.0,279372.0,0.57,2,648,2025-11-16,481442.3174366617,-0.01703149529313459,34.4
PROP_1381,송파구,대치동,20py,59.22,3,261367.0,149250.0,0.57,5,726,2026-01-20,229624.656394453,-0.13823578052968097,55.3
PROP_1382,서초구,도곡동,20py,64.17,14,220509.0,122422.0,0.56,1,534,2025-08-30,229624.656394453,0.03969807309714148,22.0
PROP_1383,서초구,잠실동,40py,114.49,24,424759.0,215063.0,0.51,4,805,2025-04-15,481442.3174366617,0.11773646682838369,54.4
PROP_1384,송파구,개포동,40py,116.11,2,496408.0,288223.0,0.58,1,905,2025-08-06,481442.3174366617,-0.031085099961756457,27.4
PROP_1385,송파구,반포동,40py,111.49,34,541871.0,283014.0,0.52,4,1097,2026-01-15,481442.3174366617,-0.12551593487892407,42.8
PROP_1386,서초구,대치동,30py,84.43,33,274457.0,144884.0,0.53,4,795,2026-02-03,320710.1926470588,0.14422114952224294,58.2
PROP_1387,서초구,잠실동,30py,84.27,2,313462.0,162876.0,0.52,3,891,2025-03-10,320710.1926470588,0.022600443681674423,46.2
PROP_1388,서초구,개포동,40py,112.53,9,453132.0,263676.0,0.58,2,194,2025-12-22,481442.3174366617,0.05880313468785631,38.5
PROP_1389,송파구,도곡동,20py,63.17,34,229505.0,132311.0,0.58,1,964,2026-02-09,229624.656394453,0.0005210955841233528,30.3
PROP_1390,서초구,반포동,40py,116.49,31,551834.0,298447.0,0.54,2,356,2025-09-08,481442.3174366617,-0.14621000276445165,20.7
PROP_1391,송파구,반포동,40py,111.93,15,440612.0,262138.0,0.59,4,319,2025-06-25,481442.3174366617,0.08480832689169103,68.3
PROP_1392,강남구,도곡동,20py,63.02,22,239660.0,127714.0,0.53,2,183,2025-06-18,229624.656394453,-0.0437032493074617,38.6
PROP_1393,송파구,대치동,30py,84.08,13,295340.0,149322.0,0.51,4,1176,2025-03-06,320710.1926470588,0.07910628732333018,49.9
PROP_1394,강남구,대치동,30py,84.34,7,353057.0,178316.0,0.51,5,525,2025-05-04,320710.1926470588,-0.10085992928992692,51.7
PROP_1395,강남구,도곡동,20py,62.47,5,250699.0,143449.0,0.57,1,1293,2025-07-30,229624.656394453,-0.09177735499512368,12.2
PROP_1396,서초구,잠실동,20py,59.23,29,207979.0,113332.0,0.54,2,1063,2026-02-04,229624.656394453,0.09426538392841285,34.2
PROP_1397,강남구,잠실동,30py,84.4,2,345448.0,180918.0,0.52,1,842,2025-05-31,320710.1926470588,-0.07713445945936967,18.4
PROP_1398,송파구,잠실동,40py,118.05,31,416234.0,221596.0,0.53,1,937,2025-08-09,481442.3174366617,0.1354436763761226,33.0
PROP_1399,강남구,도곡동,20py,63.09,16,249360.0,138491.0,0.56,3,671,2025-10-25,229624.656394453,-0.08594609967165422,27.3
PROP_1400,강남구,잠실동,20py,59.06,3,199696.0,116002.0,0.58,2,1049,2026-01-21,229624.656394453,0.13033729419301146,41.6
PROP_1401,강남구,개포동,30py,84.3,13,297224.0,153018.0,0.51,2,1419,2025-06-30,320710.1926470588,0.07323182482355756,33.9
PROP_1402,강남구,대치동,40py,118.08,22,510445.0,303811.0,0.6,4,840,2025-11-24,481442.3174366617,-0.06024124077367563,56.9
PROP_1403,서초구,도곡동,30py,84.31,31,290120.0,157239.0,0.54,1,1290,2025-10-08,320710.1926470588,0.09538266431314604,36.3
PROP_1404,송파구,개포동,40py,118.55,17,522208.0,301004.0,0.58,1,1094,2025-09-20,481442.3174366617,-0.08467407431151174,11.6
PROP_1405,송파구,반포동,20py,60.78,20,260906.0,138917.0,0.53,1,1190,2025-06-19,229624.656394453,-0.13622815640412503,9.5
PROP_1406,서초구,개포동,30py,84.4,9,347759.0,196904.0,0.57,2,563,2025-03-23,320710.1926470588,-0.08434034206922876,17.7
PROP_1407,서초구,반포동,30py,84.55,12,365101.0,185129.0,0.51,3,919,2025-03-15,320710.1926470588,-0.13841408340206146,29.3
PROP_1408,강남구,잠실동,40py,115.12,22,482169.0,246669.0,0.51,4,729,2025-04-19,481442.3174366617,-0.001509386559967102,48.2
PROP_1409,강남구,개포동,30py,84.49,3,320246.0,177478.0,0.55,2,726,2025-11-26,320710.1926470588,0.001447389754680018,29.1
PROP_1410,서초구,잠실동,30py,84.59,29,324619.0,185783.0,0.57,1,957,2025-03-29,320710.1926470588,-0.012187973574144648,24.0
PROP_1411,송파구,도곡동,30py,84.23,16,335758.0,172950.0,0.52,4,1268,2025-05-12,320710.1926470588,-0.046920265392067804,43.5
PROP_1412,송파구,잠실동,20py,59.15,33,225590.0,132159.0,0.59,1,1173,2026-01-14,229624.656394453,0.01757065838575363,20.0
PROP_1413,송파구,잠실동,30py,84.23,22,301582.0,152527.0,0.51,3,953,2025-11-29,320710.1926470588,0.05964323269297949,41.0
PROP_1414,강남구,개포동,30py,84.83,32,342153.0,205197.0,0.6,2,853,2025-10-01,320710.1926470588,-0.06686038624453379,24.0
PROP_1415,강남구,잠실동,30py,84.2,13,344219.0,202288.0,0.59,4,259,2025-04-25,320710.1926470588,-0.07330233928303179,50.4
PROP_1416,서초구,도곡동,20py,59.48,14,253789.0,140240.0,0.55,1,1253,2025-12-28,229624.656394453,-0.10523409804928398,21.1
PROP_1417,강남구,반포동,30py,84.53,11,362068.0,210924.0,0.58,2,680,2025-06-24,320710.1926470588,-0.12895694711659947,21.9
PROP_1418,송파구,잠실동,40py,114.95,11,535285.0,283538.0,0.53,3,1311,2025-07-03,481442.3174366617,-0.11183620677553303,35.9
PROP_1419,서초구,개포동,40py,117.38,30,511988.0,300060.0,0.59,3,262,2025-11-25,481442.3174366617,-0.06344619377451564,35.1
PROP_1420,송파구,잠실동,20py,60.35,6,209754.0,121363.0,0.58,4,370,2025-08-10,229624.656394453,0.08653537780506834,53.9
PROP_1421,송파구,도곡동,40py,118.37,5,504335.0,269441.0,0.53,3,830,2025-10-24,481442.3174366617,-0.047550208476117316,51.6
PROP_1422,송파구,대치동,30py,84.96,13,334800.0,197021.0,0.59,4,206,2025-11-13,320710.1926470588,-0.04393314486405179,54.6
PROP_1423,서초구,도곡동,20py,64.2,6,237707.0,129963.0,0.55,2,1334,2025-07-03,229624.656394453,-0.03519806510526912,13.6
PROP_1424,서초구,잠실동,30py,84.49,16,366577.0,191873.0,0.52,4,1161,2025-12-01,320710.1926470588,-0.14301636930952663,41.5
PROP_1425,송파구,도곡동,20py,64.51,29,256156.0,137227.0,0.54,4,1346,2025-08-19,229624.656394453,-0.1155422245247524,41.4
PROP_1426,강남구,도곡동,20py,60.47,19,247829.0,136149.0,0.55,1,1407,2025-10-25,229624.656394453,-0.07927869720695538,9.0
PROP_1427,강남구,개포동,40py,117.26,31,425211.0,241178.0,0.57,4,859,2025-12-18,481442.3174366617,0.11679762123124844,61.5
PROP_1428,강남구,잠실동,30py,84.43,21,322639.0,166693.0,0.52,4,1214,2025-07-01,320710.1926470588,-0.006014175405593805,44.2
PROP_1429,서초구,도곡동,30py,84.4,27,287975.0,160212.0,0.56,2,178,2025-09-27,320710.1926470588,0.10207094566240946,36.3
PROP_1430,강남구,개포동,20py,61.88,5,221098.0,132150.0,0.6,2,1222,2025-06-13,229624.656394453,0.03713301754409928,35.6
PROP_1431,강남구,잠실동,20py,62.37,22,221191.0,126891.0,0.57,4,588,2025-10-17,229624.656394453,0.0367280087725663,52.1
PROP_1432,강남구,개포동,30py,84.04,27,334639.0,182112.0,0.54,2,1417,2025-07-04,320710.1926470588,-0.043431134002871644,44.6
PROP_1433,송파구,도곡동,40py,111.8,3,470685.0,250634.0,0.53,1,648,2025-05-04,481442.3174366617,0.022343938301761176,30.5
PROP_1434,송파구,도곡동,40py,119.2,32,550159.0,321070.0,0.58,3,975,2026-01-23,481442.3174366617,-0.14273087361577566,37.4
PROP_1435,강남구,도곡동,40py,118.02,24,546347.0,313945.0,0.57,1,1385,2025-06-26,481442.3174366617,-0.13481299880099787,11.2
PROP_1436,강남구,대치동,40py,112.09,25,450128.0,234515.0,0.52,3,960,2025-10-19,481442.3174366617,0.06504271914315339,43.4
PROP_1437,서초구,도곡동,30py,84.3,7,350553.0,209914.0,0.6,4,1112,2025-08-09,320710.1926470588,-0.09305225726262828,48.3
PROP_1438,서초구,도곡동,30py,84.03,16,361040.0,181268.0,0.5,1,1295,2025-07-21,320710.1926470588,-0.12575156099676602,17.0
PROP_1439,송파구,반포동,40py,111.19,6,525044.0,274384.0,0.52,3,739,2025-09-30,481442.3174366617,-0.0905647073059267,27.0
PROP_1440,서초구,잠실동,40py,110.79,25,430124.0,246660.0,0.57,2,819,2025-10-15,481442.3174366617,0.10659286809247527,38.8
PROP_1441,서초구,반포동,40py,110.63,16,495231.0,248617.0,0.5,1,595,2025-12-28,481442.3174366617,-0.028640362643552505,15.9
PROP_1442,서초구,반포동,20py,64.1,28,219625.0,120011.0,0.55,1,1459,2025-05-25,229624.656394453,0.04354783389321841,29.0
PROP_1443,서초구,잠실동,30py,84.73,31,283905.0,154801.0,0.55,2,872,2025-04-08,320710.1926470588,0.11476153078665285,32.2
PROP_1444,송파구,대치동,20py,63.4,6,244166.0,131712.0,0.54,5,1031,2025-05-05,229624.656394453,-0.06332657752818865,63.2
PROP_1445,서초구,대치동,20py,63.2,17,233478.0,128076.0,0.55,5,211,2025-06-11,229624.656394453,-0.016781053333086632,64.2
PROP_1446,송파구,대치동,20py,63.2,32,242359.0,141020.0,0.58,5,297,2025-07-01,229624.656394453,-0.05545721354797259,61.5
PROP_1447,강남구,대치동,30py,84.44,15,344835.0,176405.0,0.51,4,837,2026-02-09,320710.1926470588,-0.07522307649102539,45.8
PROP_1448,강남구,개포동,40py,112.69,26,452410.0,266398.0,0.59,1,466,2025-07-25,481442.3174366617,0.06030279513283783,21.4
PROP_1449,강남구,도곡동,20py,59.82,29,235929.0,123315.0,0.52,3,1472,2026-01-15,229624.656394453,-0.027454994182842907,29.0
PROP_1450,서초구,잠실동,20py,64.31,22,220103.0,110957.0,0.5,4,1230,2025-09-13,229624.656394453,0.041466175906199436,56.9
PROP_1451,강남구,개포동,20py,64.07,15,225595.0,113995.0,0.51,3,728,2026-01-28,229624.656394453,0.01754888372061745,41.2
PROP_1452,서초구,반포동,40py,110.84,17,541547.0,277066.0,0.51,1,318,2025-04-27,481442.3174366617,-0.12484295706150852,16.4
PROP_1453,서초구,도곡동,40py,112.33,35,538305.0,295305.0,0.55,3,520,2025-10-15,481442.3174366617,-0.1181090247032951,25.6
PROP_1454,강남구,개포동,30py,84.84,11,286585.0,148651.0,0.52,2,929,2025-05-14,320710.1926470588,0.10640507669992746,37.9
PROP_1455,강남구,반포동,30py,84.69,26,333143.0,198421.0,0.6,3,1002,2025-07-31,320710.1926470588,-0.03876648649774434,34.0
PROP_1456,서초구,잠실동,40py,110.96,35,521985.0,263669.0,0.51,2,422,2025-11-04,481442.3174366617,-0.08421088278903129,30.5
PROP_1457,강남구,도곡동,30py,84.7,13,365706.0,199726.0,0.55,3,539,2025-12-05,320710.1926470588,-0.14030052173134086,39.0
PROP_1458,강남구,대치동,20py,59.41,1,223583.0,119177.0,0.53,3,295,2025-06-25,229624.656394453,0.026311008971416968,42.7
PROP_1459,서초구,대치동,20py,64.19,16,256074.0,145949.0,0.57,3,1491,2025-10-09,229624.656394453,-0.11518512001651901,27.3
PROP_1460,송파구,반포동,40py,114.0,26,541406.0,323905.0,0.6,1,1487,2026-02-02,481442.3174366617,-0.12455008708541103,14.9
PROP_1461,강남구,대치동,20py,61.67,15,243935.0,144659.0,0.59,5,848,2026-02-08,229624.656394453,-0.06232058799889706,58.3
PROP_1462,송파구,개포동,30py,84.69,29,326578.0,192177.0,0.59,3,1429,2026-02-15,320710.1926470588,-0.018296292065150255,34.1
PROP_1463,서초구,대치동,40py,112.94,8,473885.0,242271.0,0.51,4,1296,2025-03-09,481442.3174366617,0.015697243808768274,53.3
PROP_1464,서초구,반포동,20py,62.99,18,241992.0,129194.0,0.53,4,510,2026-01-17,229624.656394453,-0.05385895312697685,55.3
PROP_1465,송파구,대치동,20py,61.74,28,197012.0,101308.0,0.51,4,650,2025-12-22,229624.656394453,0.14202593443811382,61.0
PROP_1466,서초구,반포동,40py,115.32,14,529174.0,292930.0,0.55,1,185,2025-03-30,481442.3174366617,-0.09914309738594565,22.3
PROP_1467,서초구,대치동,20py,64.34,17,256826.0,129315.0,0.5,4,1019,2025-06-27,229624.656394453,-0.11846002965300075,48.3
PROP_1468,서초구,반포동,30py,84.82,7,352490.0,191749.0,0.54,2,521,2025-10-01,320710.1926470588,-0.09909197799620555,23.4
PROP_1469,송파구,도곡동,30py,84.8,30,321175.0,168379.0,0.52,4,202,2026-01-15,320710.1926470588,-0.0014493064567259082,50.9
PROP_1470,송파구,개포동,40py,111.04,11,457673.0,264951.0,0.58,3,405,2025-11-07,481442.3174366617,0.04937105978389356,44.8
PROP_1471,서초구,대치동,30py,84.01,14,312239.0,187007.0,0.6,3,593,2025-07-07,320710.1926470588,0.026413855378713658,47.9
PROP_1472,서초구,반포동,40py,114.32,11,458311.0,273522.0,0.6,2,1145,2025-09-29,481442.3174366617,0.04804587506935311,40.8
PROP_1473,강남구,대치동,30py,84.15,31,334155.0,196155.0,0.59,4,1103,2025-09-02,320710.1926470588,-0.041921983339448105,46.8
PROP_1474,서초구,대치동,30py,84.46,32,301708.0,174627.0,0.58,3,174,2025-06-02,320710.1926470588,0.05925035462770807,51.0
PROP_1475,서초구,반포동,30py,84.99,8,343320.0,199080.0,0.58,1,1377,2025-03-22,320710.1926470588,-0.07049918546811906,13.8
PROP_1476,강남구,도곡동,30py,84.07,7,304814.0,177955.0,0.58,4,1441,2025-05-26,320710.1926470588,0.049565598510779324,51.6
PROP_1477,송파구,잠실동,30py,84.68,22,329795.0,166629.0,0.51,2,501,2026-01-28,320710.1926470588,-0.028327155049103825,24.2
PROP_1478,송파구,잠실동,30py,84.95,31,335500.0,192484.0,0.57,4,1321,2025-03-26,320710.1926470588,-0.04611580078222633,56.5
PROP_1479,송파구,개포동,40py,118.13,26,440670.0,255667.0,0.58,4,565,2025-10-07,481442.3174366617,0.08468785555400554,43.0
PROP_1480,서초구,대치동,30py,84.56,24,305074.0,159570.0,0.52,5,262,2025-10-13,320710.1926470588,0.048754897741171636,61.4
PROP_1481,송파구,잠실동,20py,61.63,9,228616.0,132872.0,0.58,4,303,2025-05-10,229624.656394453,0.00439263104533646,46.7
PROP_1482,서초구,반포동,20py,64.01,32,213271.0,116868.0,0.55,2,1429,2026-01-23,229624.656394453,0.07121907834827813,31.6
PROP_1483,서초구,잠실동,40py,119.66,2,443622.0,252986.0,0.57,4,606,2026-01-03,481442.3174366617,0.0785562798842196,55.8
PROP_1484,서초구,개포동,40py,119.13,33,463969.0,272040.0,0.59,2,1232,2025-02-21,481442.3174366617,0.03629368836893003,37.0
PROP_1485,강남구,개포동,30py,84.98,11,355733.0,196607.0,0.55,3,1072,2025-03-26,320710.1926470588,-0.10920391105711988,33.9
PROP_1486,송파구,잠실동,20py,59.97,33,200519.0,101720.0,0.51,3,228,2025-08-07,229624.656394453,0.12675318431159596,39.7
PROP_1487,송파구,반포동,40py,111.77,30,459243.0,266905.0,0.58,4,266,2025-05-05,481442.3174366617,0.04611002529826892,57.9
PROP_1488,강남구,도곡동,20py,62.28,3,196499.0,101821.0,0.52,2,539,2025-07-28,229624.656394453,0.14426001508108605,32.5
PROP_1489,서초구,반포동,20py,59.59,19,205508.0,107177.0,0.52,2,407,2025-05-08,229624.656394453,0.10502642343871385,32.9
PROP_1490,서초구,도곡동,30py,84.45,21,314952.0,171629.0,0.54,4,954,2025-11-03,320710.1926470588,0.01795450465584576,50.9
PROP_1491,서초구,도곡동,40py,116.9,6,470237.0,268836.0,0.57,3,183,2025-05-20,481442.3174366617,0.023274475530780183,41.8
PROP_1492,강남구,반포동,30py,84.9,13,291767.0,174512.0,0.6,2,898,2025-02-19,320710.1926470588,0.09024718674566966,39.5
PROP_1493,서초구,반포동,30py,84.43,20,285036.0,170167.0,0.6,4,1081,2025-02-18,320710.1926470588,0.11123498243885942,53.6
PROP_1494,송파구,개포동,20py,60.83,4,243393.0,142354.0,0.58,4,1138,2025-02-15,229624.656394453,-0.059960214298134966,56.2
PROP_1495,송파구,도곡동,30py,84.54,27,334691.0,195993.0,0.59,1,1153,2025-07-03,320710.1926470588,-0.043593274156793184,25.3
PROP_1496,송파구,대치동,30py,84.1,29,349182.0,175857.0,0.5,4,1205,2025-06-04,320710.1926470588,-0.08877736974288929,41.7
PROP_1497,강남구,대치동,40py,114.96,19,409482.0,236680.0,0.58,3,207,2025-06-18,481442.3174366617,0.14946820175633763,41.8
PROP_1498,송파구,대치동,40py,118.46,31,439514.0,247074.0,0.56,3,294,2025-12-22,481442.3174366617,0.08708897393959923,38.2
PROP_1499,강남구,개포동,30py,84.08,2,301637.0,174650.0,0.58,1,696,2025-10-17,320710.1926470588,0.05947173829940863,31.2
PROP_1500,강남구,대치동,40py,112.82,29,477165.0,268825.0,0.56,5,153,2025-12-24,481442.3174366617,0.00888438195345055,66.0
PROP_1501,서초구,개포동,30py,84.14,21,340495.0,181817.0,0.53,4,1073,2025-03-29,320710.1926470588,-0.06169060979834323,42.6
PROP_1502,강남구,도곡동,30py,84.02,18,349349.0,183060.0,0.52,1,1248,2025-12-27,320710.1926470588,-0.08929808908336807,13.8
PROP_1503,서초구,대치동,30py,84.16,24,349539.0,176594.0,0.51,5,718,2025-03-14,320710.1926470588,-0.0898905242611583,46.2
PROP_1504,강남구,잠실동,40py,110.41,4,499144.0,294620.0,0.59,4,1380,2025-02-19,481442.3174366617,-0.03676802375326539,47.0
PROP_1505,강남구,도곡동,40py,115.78,24,441058.0,262070.0,0.59,3,1103,2025-08-15,481442.3174366617,0.08388194384673014,45.1
PROP_1506,서초구,반포동,30py,84.2,3,338106.0,180280.0,0.53,3,1166,2025-07-14,320710.1926470588,-0.054241516957601835,47.2
PROP_1507,강남구,대치동,20py,64.85,26,218132.0,125576.0,0.58,4,102,2026-01-31,229624.656394453,0.05004974890288227,51.0
PROP_1508,서초구,도곡동,40py,114.81,27,459654.0,260753.0,0.57,3,697,2026-01-23,481442.3174366617,0.04525634047432515,44.2
PROP_1509,강남구,개포동,30py,84.26,8,365813.0,206513.0,0.56,3,375,2026-01-16,320710.1926470588,-0.14063415627883327,35.0
PROP_1510,서초구,도곡동,40py,110.13,25,488033.0,263963.0,0.54,3,642,2025-04-06,481442.3174366617,-0.013689454218376595,39.6
PROP_1511,서초구,반포동,30py,84.21,27,321941.0,192222.0,0.6,3,1333,2025-05-09,320710.1926470588,-0.003837755647185477,37.8
PROP_1512,송파구,반포동,30py,84.39,19,277217.0,141296.0,0.51,4,1016,2026-01-20,320710.1926470588,0.13561524904486905,61.1
PROP_1513,서초구,대치동,30py,84.71,24,361192.0,193903.0,0.54,4,761,2025-11-07,320710.1926470588,-0.1262255091389982,42.7
PROP_1514,서초구,개포동,20py,64.25,29,244833.0,122874.0,0.5,4,269,2025-08-16,229624.656394453,-0.0662313178573553,47.5
PROP_1515,강남구,개포동,30py,84.51,9,308867.0,161354.0,0.52,2,1493,2025-06-24,320710.1926470588,0.036928020744548734,36.6
PROP_1516,서초구,대치동,40py,115.83,18,502074.0,282498.0,0.56,5,755,2025-12-17,481442.3174366617,-0.04285390339841202,51.7
PROP_1517,서초구,개포동,20py,64.68,8,257296.0,138073.0,0.54,2,352,2025-08-11,229624.656394453,-0.12050684817580183,27.1
PROP_1518,송파구,대치동,40py,113.24,1,461535.0,235445.0,0.51,3,372,2025-11-07,481442.3174366617,0.04134933036766276,50.5
PROP_1519,송파구,개포동,40py,118.27,24,412506.0,216403.0,0.52,3,858,2025-09-10,481442.3174366617,0.14318707546045933,45.6
PROP_1520,송파구,개포동,20py,61.65,24,219090.0,128951.0,0.59,2,323,2025-04-25,229624.656394453,0.04587772306278985,27.8
PROP_1521,송파구,도곡동,40py,113.61,24,451745.0,261698.0,0.58,4,1074,2025-11-30,481442.3174366617,0.061684061332162914,53.5
PROP_1522,서초구,잠실동,40py,119.71,30,487392.0,256427.0,0.53,2,1281,2025-04-16,481442.3174366617,-0.012358038227748955,32.2
PROP_1523,강남구,도곡동,40py,118.4,27,467215.0,234313.0,0.5,2,1281,2025-03-18,481442.3174366617,0.029551447642600356,31.5
PROP_1524,송파구,개포동,40py,117.06,16,430411.0,234336.0,0.54,3,293,2025-05-05,481442.3174366617,0.10599674268013497,35.3
PROP_1525,송파구,대치동,40py,113.94,24,532007.0,282532.0,0.53,3,554,2025-04-07,481442.3174366617,-0.10502749910427343,39.3
PROP_1526,강남구,개포동,20py,63.1,35,206644.0,114792.0,0.56,1,1277,2025-05-03,229624.656394453,0.10007921951977336,27.5
PROP_1527,강남구,개포동,30py,84.95,32,338023.0,178849.0,0.53,2,1193,2026-02-14,320710.1926470588,-0.053982716327303996,30.5
PROP_1528,서초구,잠실동,40py,115.42,3,472226.0,238454.0,0.5,4,283,2025-03-17,481442.3174366617,0.019143139484979282,61.3
PROP_1529,서초구,반포동,40py,117.61,34,418837.0,251203.0,0.6,1,610,2026-02-02,481442.3174366617,0.13003700582447866,36.5
PROP_1530,송파구,도곡동,30py,84.68,10,327371.0,171943.0,0.53,4,514,2025-04-13,320710.1926470588,-0.0207689294124537,45.5
PROP_1531,강남구,반포동,20py,63.59,14,213642.0,125533.0,0.59,4,725,2025-09-17,229624.656394453,0.06960339819517344,55.3
PROP_1532,강남구,도곡동,20py,61.05,19,249608.0,139888.0,0.56,4,966,2025-05-12,229624.656394453,-0.08702612306240883,42.4
PROP_1533,서초구,반포동,20py,60.93,29,207907.0,114073.0,0.55,2,257,2026-01-17,229624.656394453,0.09457893910637387,29.4
PROP_1534,서초구,대치동,40py,115.39,19,416575.0,237676.0,0.57,3,335,2026-02-01,481442.3174366617,0.13473538799421303,53.5
PROP_1535,강남구,반포동,30py,84.27,9,305409.0,156774.0,0.51,4,786,2025-06-01,320710.1926470588,0.047710340980330966,53.5
PROP_1536,송파구,개포동,30py,85.0,14,317317.0,180120.0,0.57,1,201,2025-10-02,320710.1926470588,0.010580245732298918,26.3
PROP_1537,서초구,도곡동,20py,64.34,5,264275.0,137055.0,0.52,1,843,2025-03-13,229624.656394453,-0.15089992577288425,19.3
PROP_1538,강남구,대치동,40py,114.43,6,486059.0,287527.0,0.59,3,206,2025-07-05,481442.3174366617,-0.009589274553011598,38.9
PROP_1539,서초구,개포동,40py,110.71,4,451906.0,267350.0,0.59,3,859,2025-04-20,481442.3174366617,0.06134964951548421,45.2
PROP_1540,강남구,반포동,40py,113.8,2,420228.0,246154.0,0.59,2,997,2025-10-10,481442.3174366617,0.12714777081205583,40.7
PROP_1541,서초구,도곡동,40py,117.53,12,414899.0,215995.0,0.52,1,311,2025-07-13,481442.3174366617,0.13821659423491806,24.2
PROP_1542,송파구,도곡동,40py,112.82,2,489777.0,268180.0,0.55,4,232,2025-08-26,481442.3174366617,-0.017311902717057726,42.6
PROP_1543,서초구,대치동,40py,117.36,32,546084.0,313125.0,0.57,4,1067,2026-01-02,481442.3174366617,-0.13426672359735503,47.6
PROP_1544,강남구,개포동,30py,84.3,20,276400.0,164572.0,0.6,2,250,2025-08-15,320710.1926470588,0.13816272030936705,47.2
PROP_1545,서초구,대치동,40py,119.75,31,525043.0,287850.0,0.55,3,398,2025-11-17,481442.3174366617,-0.09056263021389763,34.3
PROP_1546,강남구,대치동,20py,60.75,4,243520.0,127599.0,0.52,5,601,2025-11-14,229624.656394453,-0.06051329079259398,55.9
PROP_1547,송파구,잠실동,40py,112.51,7,432231.0,247219.0,0.57,2,1135,2025-12-10,481442.3174366617,0.10221643518724526,31.7
PROP_1548,강남구,도곡동,40py,115.49,13,486778.0,282665.0,0.58,1,1049,2025-05-16,481442.3174366617,-0.011082703721905942,20.2
PROP_1549,서초구,반포동,30py,84.04,1,297068.0,157971.0,0.53,3,1249,2026-01-27,320710.1926470588,0.07371824528532217,51.6
PROP_1550,송파구,개포동,20py,61.29,16,235771.0,125366.0,0.53,1,1262,2025-04-03,229624.656394453,-0.026766914764539566,23.4
PROP_1551,강남구,대치동,30py,84.46,1,339176.0,190549.0,0.56,5,107,2025-11-20,320710.1926470588,-0.05757786243252578,64.9
PROP_1552,송파구,개포동,20py,61.58,16,249167.0,142989.0,0.57,1,1059,2025-04-24,229624.656394453,-0.0851055975973976,18.4
PROP_1553,서초구,개포동,40py,112.13,8,550476.0,289084.0,0.53,1,360,2026-01-04,481442.3174366617,-0.14338931178898778,15.0
PROP_1554,서초구,잠실동,30py,84.76,31,275688.0,149817.0,0.54,3,1278,2025-09-04,320710.1926470588,0.14038279318613886,51.9
PROP_1555,서초구,잠실동,30py,84.19,3,366550.0,184458.0,0.5,1,1030,2025-05-20,320710.1926470588,-0.14293218115268275,14.0
PROP_1556,서초구,도곡동,40py,118.43,15,500522.0,264931.0,0.53,3,1205,2025-08-14,481442.3174366617,-0.039630256569310456,47.8
PROP_1557,송파구,대치동,20py,64.88,15,256785.0,142070.0,0.55,3,893,2025-05-30,229624.656394453,-0.11828147739888406,27.6
PROP_1558,강남구,도곡동,30py,84.9,4,311886.0,167345.0,0.54,1,573,2025-06-16,320710.1926470588,0.02751453757745025,20.3
PROP_1559,송파구,개포동,20py,64.07,6,241652.0,128486.0,0.53,1,179,2025-05-01,229624.656394453,-0.05237827589771649,18.6
PROP_1560,서초구,잠실동,30py,84.49,18,361506.0,195238.0,0.54,4,965,2025-03-29,320710.1926470588,-0.12720458622229364,49.3
PROP_1561,서초구,개포동,30py,84.36,1,302468.0,173689.0,0.57,1,363,2025-06-24,320710.1926470588,0.05688061391654714,15.8
PROP_1562,강남구,도곡동,30py,84.47,11,296341.0,171885.0,0.58,2,283,2025-09-26,320710.1926470588,0.07598508936034058,28.7
PROP_1563,강남구,대치동,20py,61.96,6,211034.0,118848.0,0.56,5,293,2025-12-22,229624.656394453,0.08096106353020582,62.0
PROP_1564,강남구,반포동,30py,84.02,20,347105.0,200963.0,0.58,1,1410,2025-03-05,320710.1926470588,-0.08230111782567712,20.0
PROP_1565,강남구,도곡동,40py,118.1,30,414617.0,227234.0,0.55,1,718,2025-07-31,481442.3174366617,0.13880233418711307,22.7
PROP_1566,서초구,잠실동,20py,63.91,24,243003.0,125176.0,0.52,4,1437,2025-06-04,229624.656394453,-0.05826179041751279,45.7
PROP_1567,강남구,잠실동,40py,119.95,17,437836.0,228070.0,0.52,3,1157,2025-10-23,481442.3174366617,0.09057433436436238,38.5
PROP_1568,강남구,개포동,40py,112.55,5,494172.0,268681.0,0.54,1,863,2025-03-03,481442.3174366617,-0.026440722184777665,10.9
PROP_1569,서초구,반포동,40py,118.88,35,494873.0,278982.0,0.56,1,620,2025-10-27,481442.3174366617,-0.027896763697148923,25.0
PROP_1570,서초구,도곡동,40py,115.88,18,504564.0,270836.0,0.54,3,805,2025-10-02,481442.3174366617,-0.04802586255077212,30.7
PROP_1571,송파구,도곡동,40py,117.54,29,551341.0,304193.0,0.55,4,361,2025-05-04,481442.3174366617,-0.14518599639412494,47.8
PROP_1572,서초구,잠실동,40py,113.43,29,445343.0,267018.0,0.6,3,1457,2025-02-20,481442.3174366617,0.07498160450220684,40.2
PROP_1573,강남구,잠실동,20py,60.11,19,262441.0,156724.0,0.6,2,471,2025-07-29,229624.656394453,-0.1429129786009328,16.4
PROP_1574,송파구,개포동,40py,113.78,19,540518.0,311747.0,0.58,3,1350,2025-05-18,481442.3174366617,-0.12270562936360549,37.5
PROP_1575,서초구,개포동,40py,117.49,17,477882.0,251444.0,0.53,1,1160,2025-11-29,481442.3174366617,0.007395106968614327,23.2
PROP_1576,송파구,개포동,40py,112.26,18,477434.0,248451.0,0.52,1,1079,2025-12-08,481442.3174366617,0.008325644197633333,21.0
PROP_1577,송파구,대치동,40py,116.87,15,480279.0,283230.0,0.59,4,104,2025-10-23,481442.3174366617,0.002416317374956831,43.7
PROP_1578,강남구,반포동,40py,114.4,22,500734.0,264522.0,0.53,3,128,2025-08-12,481442.3174366617,-0.04007060007947124,30.7
PROP_1579,송파구,도곡동,30py,84.87,22,293770.0,160052.0,0.54,4,340,2025-06-29,320710.1926470588,0.08400167273980737,56.2
PROP_1580,강남구,개포동,40py,115.4,2,506842.0,260169.0,0.51,2,776,2025-06-05,481442.3174366617,-0.05275747819297144,28.2
PROP_1581,강남구,반포동,40py,119.99,23,441382.0,250310.0,0.57,2,942,2025-04-28,481442.3174366617,0.08320896602931462,38.8
PROP_1582,서초구,잠실동,20py,60.29,11,213665.0,113059.0,0.53,3,385,2025-05-17,229624.656394453,0.06950323473554701,46.5
PROP_1583,강남구,도곡동,30py,84.78,29,347107.0,175682.0,0.51,4,682,2025-05-31,320710.1926470588,-0.08230735398544332,43.7
PROP_1584,서초구,반포동,30py,84.86,28,357731.0,207522.0,0.58,3,1263,2025-06-22,320710.1926470588,-0.11543383466356665,33.4
PROP_1585,강남구,개포동,30py,84.32,18,301557.0,163097.0,0.54,4,614,2025-02-22,320710.1926470588,0.059721184690057154,57.2
PROP_1586,강남구,대치동,20py,62.41,13,255230.0,147078.0,0.58,4,416,2025-08-14,229624.656394453,-0.11150955654153154,35.3
PROP_1587,서초구,개포동,20py,60.76,17,225740.0,121820.0,0.54,2,1415,2026-01-11,229624.656394453,0.01691741843166818,32.9
PROP_1588,서초구,개포동,30py,84.05,23,302454.0,165048.0,0.55,1,493,2025-10-12,320710.1926470588,0.05692426703491063,19.4
PROP_1589,송파구,잠실동,30py,84.2,30,335089.0,174828.0,0.52,4,1269,2025-06-04,320710.1926470588,-0.04483426995026957,53.7
PROP_1590,강남구,대치동,40py,119.17,9,413070.0,224831.0,0.54,4,1422,2025-08-02,481442.3174366617,0.14201559555606932,61.1
PROP_1591,서초구,도곡동,40py,120.0,20,462596.0,275930.0,0.6,2,1482,2025-05-11,481442.3174366617,0.039145535724829796,24.9
PROP_1592,강남구,개포동,30py,84.87,14,353984.0,185015.0,0.52,3,827,2026-02-14,320710.1926470588,-0.10375038934156663,33.2
PROP_1593,강남구,개포동,20py,63.63,28,260639.0,130517.0,0.5,3,813,2025-09-22,229624.656394453,-0.1350653892858529,36.1
PROP_1594,송파구,반포동,40py,114.73,2,502568.0,266921.0,0.53,1,400,2025-11-21,481442.3174366617,-0.04387998686076779,21.5
PROP_1595,송파구,도곡동,30py,84.98,14,362224.0,201142.0,0.56,3,967,2025-02-15,320710.1926470588,-0.12944336757836408,43.5
PROP_1596,서초구,도곡동,20py,59.88,26,228107.0,121969.0,0.53,2,882,2025-06-25,229624.656394453,0.006609291956199759,22.9
PROP_1597,서초구,대치동,40py,114.05,33,452439.0,239525.0,0.53,4,1264,2025-06-30,481442.3174366617,0.06024255946399508,53.6
PROP_1598,서초구,대치동,20py,59.84,13,213009.0,122642.0,0.58,3,358,2025-07-13,229624.656394453,0.07236007080141404,40.2
PROP_1599,서초구,대치동,30py,84.82,32,280501.0,161866.0,0.58,4,861,2025-04-07,320710.1926470588,0.12537547470874733,50.4
PROP_1600,강남구,잠실동,20py,63.87,2,197896.0,99672.0,0.5,3,863,2025-05-17,229624.656394453,0.13817617364203688,52.5
PROP_1601,서초구,대치동,20py,61.36,11,212373.0,123121.0,0.58,5,599,2025-12-08,229624.656394453,0.07512980820673636,63.0
PROP_1602,서초구,도곡동,40py,116.27,22,481449.0,253268.0,0.53,4,703,2025-05-30,481442.3174366617,-1.388029904369899e-05,51.1
PROP_1603,강남구,대치동,40py,118.15,35,432224.0,254250.0,0.59,5,678,2025-07-13,481442.3174366617,0.10223097483144868,67.2
PROP_1604,서초구,대치동,30py,84.63,33,319226.0,189726.0,0.59,4,1393,2025-03-04,320710.1926470588,0.004627831235448634,53.9
PROP_1605,강남구,대치동,40py,110.21,24,515283.0,283672.0,0.55,5,689,2025-09-06,481442.3174366617,-0.07029021201026928,59.7
PROP_1606,송파구,개포동,20py,64.2,10,245450.0,126539.0,0.52,3,1299,2025-06-14,229624.656394453,-0.06891831153516012,39.1
PROP_1607,강남구,잠실동,20py,64.44,30,199200.0,114711.0,0.58,3,605,2025-08-13,229624.656394453,0.1324973409745207,49.3
PROP_1608,서초구,대치동,40py,111.49,7,444518.0,258463.0,0.58,5,784,2025-10-30,481442.3174366617,0.07669520542618158,61.6
PROP_1609,강남구,개포동,40py,114.87,7,508860.0,297479.0,0.58,1,1432,2025-03-25,481442.3174366617,-0.05694904990761509,8.2
PROP_1610,서초구,도곡동,30py,84.16,2,293763.0,164632.0,0.56,1,883,2025-03-01,320710.1926470588,0.08402349929898911,15.4
PROP_1611,서초구,반포동,30py,84.76,21,353155.0,180273.0,0.51,2,778,2025-06-04,320710.1926470588,-0.10116550111847136,24.4
PROP_1612,서초구,반포동,40py,117.09,30,475964.0,277272.0,0.58,4,1378,2025-03-16,481442.3174366617,0.011378969480351948,56.5
PROP_1613,송파구,대치동,40py,111.69,28,512754.0,293311.0,0.57,3,1489,2025-12-08,481442.3174366617,-0.06503724626877583,46.5
PROP_1614,강남구,잠실동,40py,111.42,11,449942.0,230505.0,0.51,2,1178,2025-08-11,481442.3174366617,0.0654290582605586,43.7
PROP_1615,송파구,도곡동,30py,84.22,4,340274.0,185926.0,0.55,3,1367,2025-07-22,320710.1926470588,-0.0610015141441767,32.1
PROP_1616,강남구,대치동,40py,119.76,14,475625.0,263496.0,0.55,5,528,2025-12-10,481442.3174366617,0.012083103678203384,64.8
PROP_1617,강남구,도곡동,20py,63.71,34,231338.0,126479.0,0.55,3,1210,2025-10-19,229624.656394453,-0.007461496654800862,41.3
PROP_1618,서초구,대치동,20py,64.33,9,243127.0,145058.0,0.6,4,669,2025-08-18,229624.656394453,-0.05880180211289009,49.9
PROP_1619,강남구,개포동,30py,84.57,6,362138.0,211842.0,0.58,2,1063,2025-04-11,320710.1926470588,-0.12917521270841692,23.8
PROP_1620,강남구,도곡동,40py,116.66,33,533052.0,286063.0,0.54,4,739,2025-03-11,481442.3174366617,-0.10719806027464143,38.9
PROP_1621,서초구,도곡동,20py,62.05,8,233727.0,137603.0,0.59,1,731,2025-07-13,229624.656394453,-0.017865431656868484,22.4
PROP_1622,서초구,대치동,20py,63.38,3,232871.0,128349.0,0.55,5,122,2025-11-19,229624.656394453,-0.014137608985554174,57.0
PROP_1623,서초구,대치동,20py,59.21,27,229682.0,122825.0,0.53,4,485,2025-03-25,229624.656394453,-0.0002497275616974797,45.7
PROP_1624,강남구,개포동,20py,61.54,10,202088.0,110201.0,0.55,2,1350,2025-06-24,229624.656394453,0.11992029439186214,29.9
PROP_1625,강남구,잠실동,20py,59.43,23,212361.0,112872.0,0.53,4,167,2025-06-22,229624.656394453,0.0751820674030632,59.7
PROP_1626,강남구,대치동,20py,60.38,3,254818.0,133860.0,0.53,4,551,2025-03-24,229624.656394453,-0.10971532413431016,47.3
PROP_1627,송파구,도곡동,20py,60.71,4,226566.0,131253.0,0.58,1,557,2025-08-29,229624.656394453,0.013320243751170961,36.3
PROP_1628,서초구,반포동,20py,62.5,8,255194.0,131083.0,0.51,2,1219,2025-02-23,229624.656394453,-0.11135277895255104,26.8
PROP_1629,서초구,잠실동,20py,61.93,35,197816.0,103989.0,0.53,2,1014,2025-08-22,229624.656394453,0.1385245682842158,37.9
PROP_1630,서초구,개포동,40py,119.05,5,424696.0,216368.0,0.51,4,1440,2025-06-25,481442.3174366617,0.11786732362621448,58.9
PROP_1631,송파구,반포동,40py,112.25,16,476143.0,250473.0,0.53,2,1313,2025-06-19,481442.3174366617,0.011007170007150157,31.3
PROP_1632,서초구,반포동,30py,84.0,11,329130.0,169975.0,0.52,1,860,2025-07-11,320710.1926470588,-0.026253631926838012,14.4
PROP_1633,강남구,도곡동,30py,84.59,6,300619.0,160020.0,0.53,3,1260,2025-03-07,320710.1926470588,0.06264594362041104,39.3
PROP_1634,송파구,대치동,40py,111.74,18,486463.0,282367.0,0.58,5,1331,2025-12-06,481442.3174366617,-0.010428419732751952,58.4
PROP_1635,강남구,대치동,30py,84.2,28,276159.0,148069.0,0.54,4,870,2025-03-05,320710.1926470588,0.1389141775611957,59.9
PROP_1636,송파구,잠실동,20py,61.48,12,209726.0,106161.0,0.51,2,658,2025-12-21,229624.656394453,0.08665731592983096,32.2
PROP_1637,송파구,반포동,20py,59.09,31,259438.0,132140.0,0.51,1,644,2025-11-22,229624.656394453,-0.12983511472014206,12.1
PROP_1638,송파구,잠실동,30py,84.27,28,289931.0,172859.0,0.6,3,156,2026-02-05,320710.1926470588,0.09597198141105316,47.8
PROP_1639,서초구,반포동,20py,60.01,2,222793.0,120215.0,0.54,4,852,2025-05-17,229624.656394453,0.02975140606293368,49.9
PROP_1640,강남구,대치동,30py,84.96,19,294196.0,171613.0,0.58,4,1429,2025-03-27,320710.1926470588,0.082673370709604,61.1
PROP_1641,강남구,반포동,30py,84.14,6,344603.0,198158.0,0.58,4,250,2025-07-05,320710.1926470588,-0.07449968195814469,49.7
PROP_1642,송파구,대치동,40py,110.33,6,466028.0,256051.0,0.55,4,260,2025-07-12,481442.3174366617,0.03201695588109491,51.7
PROP_1643,강남구,개포동,30py,84.13,24,321630.0,188403.0,0.59,4,879,2025-10-29,320710.1926470588,-0.0028680328035393596,44.9
PROP_1644,강남구,대치동,20py,62.56,26,227139.0,135269.0,0.6,3,1423,2025-04-19,229624.656394453,0.010824867126564539,41.1
PROP_1645,송파구,개포동,40py,117.87,16,421139.0,243334.0,0.58,1,1146,2025-07-11,481442.3174366617,0.1252555399735819,31.4
PROP_1646,송파구,잠실동,20py,59.4,23,211123.0,108728.0,0.51,2,1121,2025-11-09,229624.656394453,0.0805734744907818,29.7
PROP_1647,송파구,개포동,40py,118.98,28,425573.0,239608.0,0.56,1,1026,2025-07-19,481442.3174366617,0.11604571391672862,22.3
PROP_1648,송파구,개포동,30py,84.05,1,358733.0,207968.0,0.58,2,834,2025-07-04,320710.1926470588,-0.11855815070643934,26.8
PROP_1649,서초구,반포동,40py,117.72,30,432799.0,219829.0,0.51,2,131,2025-07-04,481442.3174366617,0.10103664691473901,40.4
PROP_1650,강남구,도곡동,20py,63.56,8,201131.0,110958.0,0.55,3,351,2025-04-02,229624.656394453,0.12408796529892732,38.3
PROP_1651,강남구,반포동,30py,84.78,20,328493.0,190819.0,0.58,2,306,2025-07-07,320710.1926470588,-0.02426741504129918,44.8
PROP_1652,서초구,개포동,30py,84.08,3,321396.0,166843.0,0.52,1,1209,2025-09-16,320710.1926470588,-0.0021384021108924417,15.3
PROP_1653,강남구,반포동,30py,84.3,19,355059.0,197101.0,0.56,1,862,2025-06-09,320710.1926470588,-0.10710232521590611,22.5
PROP_1654,서초구,잠실동,40py,112.22,10,506652.0,288339.0,0.57,2,1306,2025-10-23,481442.3174366617,-0.05236283070744999,33.0
PROP_1655,송파구,잠실동,30py,84.81,3,290036.0,151211.0,0.52,3,956,2025-11-03,320710.1926470588,0.09564458302332698,49.8
PROP_1656,서초구,반포동,20py,60.52,1,255530.0,136604.0,0.53,3,212,2026-01-04,229624.656394453,-0.11281603644970245,34.7
PROP_1657,서초구,반포동,20py,61.07,35,220248.0,117597.0,0.53,3,908,2026-01-13,229624.656394453,0.04083471061725017,42.2
PROP_1658,송파구,개포동,40py,112.56,2,411185.0,223366.0,0.54,3,329,2025-07-27,481442.3174366617,0.14593091403084796,50.3
PROP_1659,송파구,잠실동,40py,118.72,32,495153.0,256131.0,0.52,3,989,2025-12-01,481442.3174366617,-0.028478349465285803,34.6
PROP_1660,강남구,반포동,40py,115.83,6,483247.0,283127.0,0.59,4,1137,2025-05-06,481442.3174366617,-0.003748491767294086,42.0
PROP_1661,서초구,반포동,30py,84.9,30,277348.0,159675.0,0.58,2,425,2025-05-19,320710.1926470588,0.1352067805801821,35.8
PROP_1662,강남구,대치동,20py,61.45,2,200771.0,108988.0,0.54,5,191,2025-07-26,229624.656394453,0.1256557411887324,68.4
PROP_1663,서초구,개포동,20py,59.78,19,247468.0,132767.0,0.54,2,635,2025-07-12,229624.656394453,-0.07770656638412306,31.3
PROP_1664,송파구,도곡동,20py,59.21,12,257375.0,132720.0,0.52,1,299,2025-11-26,229624.656394453,-0.12085088788495349,11.5
PROP_1665,서초구,대치동,30py,84.28,22,291973.0,150386.0,0.52,4,270,2025-05-13,320710.1926470588,0.08960486228974972,57.5
PROP_1666,송파구,잠실동,40py,115.0,27,495709.0,261423.0,0.53,2,565,2025-09-16,481442.3174366617,-0.02963321263344332,35.0
PROP_1667,서초구,개포동,30py,84.61,4,342332.0,189618.0,0.55,1,1150,2025-05-27,320710.1926470588,-0.06741852254360985,15.2
PROP_1668,강남구,도곡동,30py,84.51,31,336115.0,199484.0,0.59,4,1476,2025-04-28,320710.1926470588,-0.04803341991033682,46.4
PROP_1669,서초구,개포동,40py,114.82,25,550862.0,317353.0,0.58,2,778,2025-03-06,481442.3174366617,-0.14419106931220504,23.3
PROP_1670,송파구,잠실동,20py,61.0,23,252323.0,133690.0,0.53,2,833,2025-12-11,229624.656394453,-0.0988497662313555,17.9
PROP_1671,송파구,개포동,40py,112.97,32,530188.0,278239.0,0.52,1,545,2025-12-24,481442.3174366617,-0.10124926870341278,24.4
PROP_1672,서초구,잠실동,30py,84.59,18,290265.0,147006.0,0.51,2,823,2025-07-02,320710.1926470588,0.0949305427300956,40.1
PROP_1673,송파구,대치동,30py,84.76,18,316244.0,164435.0,0.52,5,1385,2025-02-17,320710.1926470588,0.013925945446872178,58.3
PROP_1674,서초구,반포동,20py,61.9,16,234425.0,130008.0,0.55,1,966,2025-08-28,229624.656394453,-0.020905174909879448,16.9
PROP_1675,서초구,개포동,40py,111.11,32,441887.0,238069.0,0.54,1,1384,2025-02-17,481442.3174366617,0.08216003455463917,26.4
PROP_1676,서초구,대치동,20py,59.26,4,240254.0,138166.0,0.58,4,1105,2025-10-25,229624.656394453,-0.046290079525640085,45.8
PROP_1677,서초구,잠실동,40py,116.2,23,483838.0,260871.0,0.54,1,451,2026-01-20,481442.3174366617,-0.004976053156468712,18.0
PROP_1678,송파구,잠실동,40py,118.7,2,410860.0,240994.0,0.59,3,243,2025-03-19,481442.3174366617,0.14660596894029254,51.0
PROP_1679,송파구,개포동,40py,118.4,24,518494.0,264435.0,0.51,3,1313,2026-01-10,481442.3174366617,-0.07695975451558185,35.0
PROP_1680,서초구,도곡동,20py,62.1,7,202751.0,117663.0,0.58,2,1144,2026-01-13,229624.656394453,0.11703297379480444,38.6
PROP_1681,강남구,반포동,20py,64.53,14,206715.0,109002.0,0.53,1,815,2025-09-06,229624.656394453,0.09977001927483958,27.4
PROP_1682,서초구,잠실동,20py,59.53,26,243229.0,142061.0,0.58,4,1484,2025-03-01,229624.656394453,-0.0592460052816682,46.5
PROP_1683,송파구,개포동,20py,61.2,5,242195.0,137804.0,0.57,1,430,2025-06-14,229624.656394453,-0.05474300453150582,21.4
PROP_1684,강남구,개포동,20py,61.47,21,208251.0,111463.0,0.54,1,1130,2025-08-12,229624.656394453,0.09308084214500456,30.9
PROP_1685,서초구,잠실동,40py,117.17,30,503893.0,290089.0,0.58,4,699,2025-07-24,481442.3174366617,-0.04663213379927267,44.4
PROP_1686,서초구,대치동,40py,111.37,13,449480.0,269472.0,0.6,4,1176,2025-04-11,481442.3174366617,0.06638867477798445,53.2
PROP_1687,강남구,개포동,40py,117.67,34,542662.0,294562.0,0.54,2,1193,2025-03-30,481442.3174366617,-0.12715891467391074,28.0
PROP_1688,강남구,반포동,20py,60.29,31,242744.0,142442.0,0.59,1,1385,2025-05-23,229624.656394453,-0.057133862763458575,15.4
PROP_1689,서초구,대치동,20py,62.32,6,240904.0,139525.0,0.58,4,371,2025-06-26,229624.656394453,-0.049120785993343706,49.6
PROP_1690,강남구,반포동,30py,84.69,9,361330.0,212660.0,0.59,2,1292,2026-02-15,320710.1926470588,-0.1266558041628669,18.0
PROP_1691,송파구,도곡동,20py,64.84,4,257555.0,140150.0,0.54,4,484,2025-03-26,229624.656394453,-0.12163477582985603,39.9
PROP_1692,송파구,도곡동,40py,111.78,17,481367.0,256845.0,0.53,3,1026,2025-06-21,481442.3174366617,0.00015644124733924414,41.8
PROP_1693,서초구,대치동,40py,119.88,33,424965.0,216855.0,0.51,4,455,2025-05-29,481442.3174366617,0.11730858587039728,55.3
PROP_1694,서초구,개포동,30py,84.76,22,344527.0,181231.0,0.53,3,1044,2025-11-21,320710.1926470588,-0.07426270788702859,38.8
PROP_1695,서초구,개포동,40py,118.73,21,508432.0,271701.0,0.53,2,400,2025-12-18,481442.3174366617,-0.05606005451917729,21.4
PROP_1696,서초구,반포동,40py,118.04,22,535668.0,309141.0,0.58,3,224,2026-01-04,481442.3174366617,-0.11263173302266313,39.4
PROP_1697,송파구,개포동,30py,84.58,29,339188.0,174092.0,0.51,3,240,2025-09-06,320710.1926470588,-0.057615279391123056,37.3
PROP_1698,강남구,도곡동,20py,64.3,31,201707.0,108169.0,0.54,1,901,2026-01-11,229624.656394453,0.12157952387523918,26.2
PROP_1699,강남구,개포동,40py,116.46,21,432542.0,253959.0,0.59,2,1397,2025-04-03,481442.3174366617,0.10157045956620751,44.9
PROP_1700,서초구,대치동,40py,115.83,12,489315.0,270250.0,0.55,4,1202,2026-01-23,481442.3174366617,-0.016352286199631878,52.7
PROP_1701,강남구,대치동,20py,64.01,32,249127.0,144140.0,0.58,4,572,2025-07-01,229624.656394453,-0.08493140027630815,46.9
PROP_1702,서초구,대치동,40py,115.83,4,455632.0,250019.0,0.55,4,299,2025-12-03,481442.3174366617,0.0536104046152056,46.3
PROP_1703,송파구,개포동,20py,59.24,14,235244.0,138102.0,0.59,3,174,2025-06-29,229624.656394453,-0.024471865059186013,41.8
PROP_1704,강남구,개포동,20py,59.93,22,201280.0,109566.0,0.54,4,402,2025-09-01,229624.656394453,0.12343908027786911,51.8
PROP_1705,송파구,도곡동,30py,84.65,15,310464.0,159984.0,0.52,1,1310,2025-07-23,320710.1926470588,0.03194844717122767,15.1
PROP_1706,송파구,반포동,30py,84.12,22,317978.0,173073.0,0.54,3,1367,2025-10-09,320710.1926470588,0.00851919492956553,45.4
PROP_1707,송파구,반포동,40py,112.03,31,546478.0,300261.0,0.55,1,893,2025-11-02,481442.3174366617,-0.13508509785680478,15.3
PROP_1708,강남구,반포동,40py,111.64,1,501305.0,264508.0,0.53,4,1132,2025-04-21,481442.3174366617,-0.04125661962806466,41.2
PROP_1709,송파구,개포동,20py,61.53,22,203095.0,117713.0,0.58,3,129,2025-09-09,229624.656394453,0.11553487683343515,47.6
PROP_1710,서초구,개포동,30py,84.21,27,325467.0,170587.0,0.52,2,580,2025-12-29,320710.1926470588,-0.01483210531501895,29.9
PROP_1711,서초구,잠실동,20py,59.38,28,207221.0,118944.0,0.57,2,619,2025-12-14,229624.656394453,0.097566423163058,34.6
PROP_1712,강남구,반포동,30py,84.96,8,307607.0,163576.0,0.53,4,1281,2025-02-25,320710.1926470588,0.04085680139726291,52.0
PROP_1713,서초구,개포동,20py,63.67,32,248390.0,139089.0,0.56,2,1126,2025-05-19,229624.656394453,-0.08172181463523497,26.1
PROP_1714,강남구,반포동,20py,60.96,31,209874.0,122273.0,0.58,3,908,2025-07-02,229624.656394453,0.08601278584179999,40.2
PROP_1715,서초구,개포동,20py,60.32,23,218718.0,118959.0,0.54,2,1442,2025-12-13,229624.656394453,0.04749775814892177,35.8
PROP_1716,서초구,개포동,40py,110.29,11,531846.0,317254.0,0.6,1,1500,2025-08-21,481442.3174366617,-0.10469308728759473,17.4
PROP_1717,송파구,개포동,40py,116.05,13,409359.0,205542.0,0.5,4,1036,2025-11-18,481442.3174366617,0.14972368407591202,53.5
PROP_1718,강남구,반포동,20py,59.93,30,237190.0,122991.0,0.52,3,428,2025-05-31,229624.656394453,-0.032946564730187936,50.8
PROP_1719,강남구,개포동,40py,110.06,32,463829.0,263943.0,0.57,1,921,2025-11-28,481442.3174366617,0.03658448125299847,28.2
PROP_1720,서초구,잠실동,20py,60.38,1,218881.0,114727.0,0.52,3,1061,2025-07-13,229624.656394453,0.04678790406548225,32.2
PROP_1721,서초구,대치동,40py,113.46,29,489001.0,267080.0,0.55,3,528,2025-08-31,481442.3174366617,-0.01570007930250695,41.9
PROP_1722,강남구,대치동,20py,59.97,4,255064.0,152020.0,0.6,5,1450,2025-06-15,229624.656394453,-0.11078663765901031,54.4
PROP_1723,서초구,대치동,20py,59.87,25,243273.0,139881.0,0.57,5,822,2025-11-06,229624.656394453,-0.0594376223348666,69.0
PROP_1724,강남구,잠실동,20py,62.46,24,208629.0,112530.0,0.54,3,607,2025-02-25,229624.656394453,0.09143467746070923,45.0
PROP_1725,송파구,잠실동,30py,84.11,14,311436.0,155927.0,0.5,2,255,2025-11-28,320710.1926470588,0.028917673524848166,33.6
PROP_1726,서초구,대치동,20py,63.41,17,232488.0,137087.0,0.59,3,1165,2025-11-14,229624.656394453,-0.012469669636122655,39.1
PROP_1727,서초구,잠실동,40py,117.8,34,455731.0,261601.0,0.57,3,993,2025-09-15,481442.3174366617,0.05340477250432863,50.0
PROP_1728,서초구,도곡동,40py,110.12,2,479056.0,242534.0,0.51,1,185,2026-01-17,481442.3174366617,0.004956600926497556,15.5
PROP_1729,서초구,도곡동,40py,118.26,24,532391.0,282620.0,0.53,4,127,2025-05-08,481442.3174366617,-0.10582510244343259,42.5
PROP_1730,서초구,대치동,30py,84.17,29,334657.0,188265.0,0.56,4,682,2025-10-21,320710.1926470588,-0.04348725944076756,53.3
PROP_1731,서초구,반포동,30py,84.61,9,298369.0,168010.0,0.56,3,153,2026-01-04,320710.1926470588,0.06966162335740063,46.2
PROP_1732,강남구,반포동,20py,61.3,10,257048.0,152201.0,0.59,1,1403,2025-06-20,229624.656394453,-0.11942682478504721,15.8
PROP_1733,서초구,잠실동,30py,84.03,17,326553.0,188204.0,0.58,2,531,2026-01-07,320710.1926470588,-0.018218340068072596,28.6
PROP_1734,서초구,반포동,30py,84.16,2,306482.0,163948.0,0.53,4,659,2025-04-06,320710.1926470588,0.044364641265757704,43.0
PROP_1735,송파구,대치동,40py,110.6,35,516686.0,277561.0,0.54,5,151,2025-12-10,481442.3174366617,-0.07320437212704085,54.8
PROP_1736,서초구,잠실동,30py,84.12,14,320351.0,168524.0,0.53,2,803,2025-05-13,320710.1926470588,0.001119991366953837,25.5
PROP_1737,서초구,개포동,20py,63.89,30,199499.0,111654.0,0.56,2,386,2025-08-07,229624.656394453,0.13119521599937703,46.2
PROP_1738,강남구,반포동,40py,114.54,1,432271.0,256236.0,0.59,3,1115,2025-05-02,481442.3174366617,0.10213335150608285,50.3
PROP_1739,송파구,대치동,20py,59.15,33,253209.0,138750.0,0.55,4,1478,2025-05-31,229624.656394453,-0.10270823689348689,51.4
PROP_1740,송파구,개포동,20py,62.34,35,260811.0,149411.0,0.57,3,817,2025-08-16,229624.656394453,-0.13581443776653757,30.4
PROP_1741,송파구,대치동,40py,116.63,31,520936.0,301544.0,0.58,4,1139,2025-04-26,481442.3174366617,-0.08203201325054706,43.1
PROP_1742,강남구,도곡동,30py,84.01,10,311373.0,156454.0,0.5,1,740,2025-11-29,320710.1926470588,0.029114112557483876,23.1
PROP_1743,서초구,개포동,20py,60.53,32,250230.0,131009.0,0.52,3,697,2025-09-20,229624.656394453,-0.08973489140534983,38.7
PROP_1744,강남구,대치동,20py,59.87,28,239865.0,123551.0,0.52,5,103,2026-02-07,229624.656394453,-0.04459601057804515,61.8
PROP_1745,서초구,반포동,30py,84.09,9,352356.0,197355.0,0.56,3,756,2025-06-23,320710.1926470588,-0.09867415529186928,31.3
PROP_1746,송파구,대치동,40py,111.55,22,549396.0,290696.0,0.53,5,462,2025-07-19,481442.3174366617,-0.14114605239760267,54.2
PROP_1747,강남구,반포동,30py,84.54,9,336721.0,192624.0,0.57,4,1351,2025-09-18,320710.1926470588,-0.04992297631949935,46.4
PROP_1748,송파구,잠실동,20py,62.87,33,211858.0,110289.0,0.52,4,1307,2025-11-04,229624.656394453,0.07737259871576307,53.5
PROP_1749,강남구,도곡동,30py,84.6,10,273127.0,150748.0,0.55,2,595,2025-11-09,320710.1926470588,0.14836819576677457,43.9
PROP_1750,송파구,반포동,20py,64.48,6,230231.0,127785.0,0.56,4,499,2025-09-28,229624.656394453,-0.0026405857936502315,52.0
PROP_1751,강남구,대치동,40py,119.34,21,525981.0,273000.0,0.52,5,1380,2025-05-15,481442.3174366617,-0.09251094253715618,48.7
PROP_1752,송파구,개포동,20py,59.49,14,240298.0,134393.0,0.56,2,325,2025-07-29,229624.656394453,-0.04648169657883849,20.3
PROP_1753,송파구,대치동,30py,84.04,9,273293.0,144818.0,0.53,4,853,2025-11-12,320710.1926470588,0.1478505945061789,60.7
PROP_1754,서초구,개포동,30py,84.17,2,294574.0,160730.0,0.55,3,675,2025-11-28,320710.1926470588,0.08149473651378975,47.6
PROP_1755,서초구,잠실동,30py,84.15,7,361085.0,211213.0,0.58,4,1027,2025-11-06,320710.1926470588,-0.1258918745915058,35.1
PROP_1756,서초구,도곡동,20py,63.56,5,223646.0,115583.0,0.52,4,881,2025-10-14,229624.656394453,0.02603664819070108,53.9
PROP_1757,송파구,개포동,20py,59.95,29,217959.0,117863.0,0.54,2,1408,2025-12-25,229624.656394453,0.05080315231659416,24.2
PROP_1758,강남구,개포동,30py,84.79,34,352852.0,179952.0,0.51,2,168,2026-01-12,320710.1926470588,-0.10022072291389009,31.1
PROP_1759,서초구,대치동,20py,61.84,2,202252.0,106588.0,0.53,4,326,2025-03-26,229624.656394453,0.11920608537539538,52.6
PROP_1760,서초구,도곡동,30py,84.56,35,316267.0,163970.0,0.52,3,1297,2025-06-10,320710.1926470588,0.01385422960956073,40.7
PROP_1761,서초구,대치동,40py,117.22,33,438994.0,221830.0,0.51,3,1468,2025-07-26,481442.3174366617,0.08816906179471057,41.7
PROP_1762,강남구,반포동,30py,84.38,7,355229.0,206309.0,0.58,4,170,2025-06-29,320710.1926470588,-0.10763239879603421,51.4
PROP_1763,서초구,개포동,30py,84.56,30,285083.0,159724.0,0.56,1,483,2025-12-30,320710.1926470588,0.11108843268435341,30.4
PROP_1764,송파구,개포동,30py,84.74,30,319507.0,167276.0,0.52,1,1038,2025-04-09,320710.1926470588,0.0037516507882957117,22.6
PROP_1765,강남구,대치동,40py,118.44,3,458489.0,268093.0,0.58,5,1169,2025-03-09,481442.3174366617,0.04767615268818037,66.1
PROP_1766,송파구,대치동,40py,111.2,5,502475.0,273546.0,0.54,3,141,2025-03-22,481442.3174366617,-0.04368681730206519,35.6
PROP_1767,송파구,개포동,30py,84.9,31,342427.0,198539.0,0.58,1,795,2025-06-10,320710.1926470588,-0.06771474013250496,16.7
PROP_1768,강남구,대치동,30py,84.84,29,301929.0,179471.0,0.59,3,860,2025-07-29,320710.1926470588,0.05856125897354154,39.3
PROP_1769,강남구,잠실동,30py,84.04,16,290089.0,158316.0,0.55,3,1228,2025-08-30,320710.1926470588,0.09547932478952234,45.2
PROP_1770,서초구,대치동,40py,113.67,17,422068.0,245646.0,0.58,5,1366,2025-06-01,481442.3174366617,0.1233259214785849,62.7
PROP_1771,서초구,도곡동,20py,59.0,14,196049.0,113297.0,0.58,1,354,2025-09-26,229624.656394453,0.1462197349433424,31.3
PROP_1772,서초구,반포동,30py,84.12,12,300301.0,176494.0,0.59,4,821,2025-06-01,320710.1926470588,0.0636374930232389,53.2
PROP_1773,강남구,도곡동,30py,84.35,2,293879.0,159332.0,0.54,3,460,2026-02-03,320710.1926470588,0.08366180203254876,36.3
PROP_1774,강남구,대치동,40py,111.41,28,548025.0,298250.0,0.54,3,406,2025-11-02,481442.3174366617,-0.13829835922576103,34.1
PROP_1775,서초구,잠실동,40py,114.53,22,446971.0,223592.0,0.5,1,596,2025-10-22,481442.3174366617,0.0716000986788967,24.7
PROP_1776,송파구,도곡동,40py,116.21,18,455375.0,251818.0,0.55,2,153,2025-10-28,481442.3174366617,0.054144217266674094,25.3
PROP_1777,강남구,대치동,40py,112.28,27,523565.0,312320.0,0.6,3,819,2025-06-12,481442.3174366617,-0.08749268819494653,39.7
PROP_1778,강남구,개포동,40py,114.0,11,446032.0,242813.0,0.54,3,363,2025-05-28,481442.3174366617,0.07355048809418431,46.3
PROP_1779,서초구,반포동,30py,84.85,19,348314.0,208150.0,0.6,4,841,2025-04-07,320710.1926470588,-0.08607087640435286,52.9
PROP_1780,송파구,도곡동,30py,84.73,6,326296.0,171212.0,0.52,2,773,2025-03-12,320710.1926470588,-0.01741699353811423,31.7
PROP_1781,강남구,반포동,40py,110.48,18,452332.0,242041.0,0.54,2,215,2025-05-25,481442.3174366617,0.06046480831110453,31.4
PROP_1782,서초구,개포동,30py,84.69,24,361566.0,196331.0,0.54,2,443,2026-02-12,320710.1926470588,-0.12739167101528,20.5
PROP_1783,송파구,잠실동,20py,61.74,5,237194.0,124830.0,0.53,1,623,2025-09-30,229624.656394453,-0.03296398446229688,19.0
PROP_1784,강남구,반포동,40py,118.11,5,515505.0,273862.0,0.53,4,1406,2025-07-08,481442.3174366617,-0.07075132644072066,43.6
PROP_1785,강남구,잠실동,20py,64.01,5,196245.0,101663.0,0.52,2,1241,2025-08-19,229624.656394453,0.14536616807000408,32.8
PROP_1786,송파구,대치동,40py,111.27,10,502990.0,293689.0,0.58,5,716,2025-10-23,481442.3174366617,-0.04475651969703123,61.0
PROP_1787,서초구,개포동,30py,84.62,28,328819.0,172657.0,0.53,2,1331,2025-04-29,320710.1926470588,-0.025283909083191895,18.5
PROP_1788,서초구,잠실동,40py,113.44,9,474549.0,251775.0,0.53,1,438,2025-03-26,481442.3174366617,0.014318054701472247,22.5
PROP_1789,송파구,잠실동,30py,84.38,14,335487.0,185102.0,0.55,2,127,2025-05-04,320710.1926470588,-0.04607526574374595,27.4
PROP_1790,송파구,잠실동,20py,60.62,6,242531.0,142399.0,0.59,3,1443,2026-01-12,229624.656394453,-0.056206262028657236,33.0
PROP_1791,강남구,잠실동,40py,115.28,35,530305.0,293247.0,0.55,4,943,2025-10-27,481442.3174366617,-0.10149228847081283,47.0
PROP_1792,송파구,개포동,40py,114.86,7,529135.0,267489.0,0.51,4,433,2026-02-15,481442.3174366617,-0.0990620907968123,44.9
PROP_1793,강남구,반포동,20py,61.29,3,255118.0,144720.0,0.57,2,374,2026-02-06,229624.656394453,-0.11102180404248108,17.8
PROP_1794,송파구,잠실동,20py,61.22,11,200378.0,103212.0,0.52,4,1482,2025-12-31,229624.656394453,0.1273672298684363,62.0
PROP_1795,강남구,잠실동,30py,84.13,29,340811.0,176337.0,0.52,2,1271,2025-12-20,320710.1926470588,-0.06267592304140489,29.3
PROP_1796,서초구,도곡동,30py,84.78,19,284133.0,168910.0,0.59,4,608,2025-10-22,320710.1926470588,0.11405060857330458,56.1
PROP_1797,강남구,대치동,30py,84.12,1,325714.0,176627.0,0.54,3,559,2025-12-12,320710.1926470588,-0.015602271046146253,38.0
PROP_1798,강남구,잠실동,20py,62.06,23,228604.0,114909.0,0.5,4,368,2025-06-30,229624.656394453,0.004444890241663297,49.9
PROP_1799,서초구,반포동,30py,84.24,17,300270.0,170221.0,0.57,2,501,2025-10-13,320710.1926470588,0.0637341534996152,36.9
PROP_1800,서초구,개포동,40py,116.75,21,518717.0,287197.0,0.55,4,301,2026-01-11,481442.3174366617,-0.07742294603806228,42.7
PROP_1801,강남구,개포동,20py,61.72,22,259361.0,151426.0,0.58,4,1007,2025-03-11,229624.656394453,-0.12949978487704486,54.2
PROP_1802,강남구,대치동,20py,61.4,26,203218.0,112543.0,0.55,4,373,2025-08-24,229624.656394453,0.11499922007108507,61.1
PROP_1803,송파구,도곡동,30py,84.7,27,278824.0,144147.0,0.52,3,504,2025-07-20,320710.1926470588,0.13060449467271693,44.9
PROP_1804,서초구,잠실동,40py,118.43,32,514835.0,280372.0,0.54,1,1035,2025-09-12,481442.3174366617,-0.06935967478125027,8.8
PROP_1805,송파구,대치동,40py,115.37,33,523848.0,281830.0,0.54,4,1392,2025-07-01,481442.3174366617,-0.08808050523917059,48.2
PROP_1806,송파구,개포동,20py,62.96,30,233384.0,133460.0,0.57,1,837,2025-08-09,229624.656394453,-0.016371689628526417,16.2
PROP_1807,서초구,도곡동,40py,110.58,33,425066.0,214067.0,0.5,2,298,2025-03-26,481442.3174366617,0.11709879957546218,26.4
PROP_1808,강남구,잠실동,30py,84.36,22,343513.0,171875.0,0.5,2,339,2025-10-14,320710.1926470588,-0.07110097488555861,32.2
PROP_1809,송파구,대치동,40py,115.99,22,527322.0,300300.0,0.57,4,511,2025-02-22,481442.3174366617,-0.09529632294812601,42.8
PROP_1810,송파구,반포동,30py,84.12,23,357353.0,201924.0,0.57,3,807,2025-06-12,320710.1926470588,-0.1142552004677524,41.5
PROP_1811,서초구,대치동,20py,64.03,30,218982.0,123420.0,0.56,4,612,2025-12-11,229624.656394453,0.04634805582973138,46.8
PROP_1812,서초구,개포동,40py,119.9,28,452821.0,263559.0,0.58,2,774,2025-11-21,481442.3174366617,0.059449110308894056,33.4
PROP_1813,송파구,잠실동,20py,64.82,8,232536.0,121588.0,0.52,1,800,2025-08-08,229624.656394453,-0.01267870642143,16.9
PROP_1814,서초구,개포동,30py,84.01,1,275018.0,143909.0,0.52,3,1235,2026-01-25,320710.1926470588,0.1424719067078202,45.6
PROP_1815,강남구,도곡동,40py,119.81,19,489154.0,285446.0,0.58,3,903,2025-12-12,481442.3174366617,-0.01601787438295317,44.0
PROP_1816,서초구,반포동,30py,84.46,3,362635.0,194099.0,0.54,3,1087,2025-08-06,320710.1926470588,-0.13072489841032084,33.1
PROP_1817,송파구,잠실동,40py,111.72,13,503509.0,257300.0,0.51,1,928,2025-03-30,481442.3174366617,-0.04583453046011352,14.8
PROP_1818,강남구,개포동,30py,84.89,24,280908.0,148125.0,0.53,3,1222,2025-11-16,320710.1926470588,0.124106416196323,51.2
PROP_1819,서초구,잠실동,40py,117.38,5,472825.0,277629.0,0.59,3,1060,2025-09-08,481442.3174366617,0.017898961359572172,41.4
PROP_1820,강남구,반포동,40py,116.11,16,467808.0,263282.0,0.56,3,596,2025-03-21,481442.3174366617,0.02831973206936761,44.8
PROP_1821,강남구,개포동,20py,59.08,31,214669.0,115021.0,0.54,1,973,2025-12-22,229624.656394453,0.06513088197620172,35.8
PROP_1822,강남구,반포동,40py,110.19,23,421257.0,246899.0,0.59,2,207,2025-10-15,481442.3174366617,0.1250104431141528,48.5
PROP_1823,강남구,잠실동,20py,61.77,5,257589.0,152038.0,0.59,1,575,2025-08-14,229624.656394453,-0.12178284355278207,13.1
PROP_1824,송파구,반포동,40py,116.37,31,410755.0,222955.0,0.54,1,1016,2025-11-30,481442.3174366617,0.14682406360334388,26.0
PROP_1825,서초구,반포동,20py,62.1,16,234927.0,138510.0,0.59,2,639,2025-10-04,229624.656394453,-0.023091351289552094,30.3
PROP_1826,서초구,반포동,20py,64.76,27,232491.0,134871.0,0.58,1,489,2025-10-10,229624.656394453,-0.012482734435204364,17.6
PROP_1827,서초구,잠실동,40py,114.18,12,454099.0,238907.0,0.53,1,1017,2025-04-08,481442.3174366617,0.05679458669575501,26.1
PROP_1828,송파구,대치동,20py,59.48,28,233467.0,127243.0,0.55,5,1439,2025-09-28,229624.656394453,-0.016733149069787033,60.9
PROP_1829,송파구,반포동,20py,60.65,25,242406.0,140297.0,0.58,1,198,2026-02-03,229624.656394453,-0.055661895400252695,18.7
PROP_1830,송파구,반포동,30py,84.76,1,276029.0,153291.0,0.56,3,873,2025-09-06,320710.1926470588,0.13931952794599956,54.0
PROP_1831,송파구,반포동,30py,84.28,14,335585.0,198097.0,0.59,2,1464,2025-08-31,320710.1926470588,-0.04638083757229038,31.5
PROP_1832,강남구,개포동,40py,112.72,22,429664.0,229270.0,0.53,2,1104,2025-11-25,481442.3174366617,0.107548330425843,32.6
PROP_1833,강남구,반포동,20py,59.42,15,209057.0,105172.0,0.5,3,180,2025-10-12,229624.656394453,0.08957076612505208,44.7
PROP_1834,송파구,도곡동,20py,60.35,24,211205.0,113966.0,0.54,3,1419,2025-08-28,229624.656394453,0.08021636998254841,38.9
PROP_1835,강남구,개포동,20py,64.89,16,242238.0,141681.0,0.58,3,1023,2025-07-02,229624.656394453,-0.05493026665167699,34.4
PROP_1836,송파구,대치동,20py,63.48,31,244743.0,138387.0,0.57,3,938,2025-09-23,229624.656394453,-0.06583937388490403,38.6
PROP_1837,송파구,대치동,30py,84.24,30,300087.0,159821.0,0.53,3,212,2026-01-01,320710.1926470588,0.06430476211822368,51.2
PROP_1838,송파구,잠실동,20py,63.73,8,231180.0,132575.0,0.57,2,574,2025-11-27,229624.656394453,-0.00677341723649752,23.9
PROP_1839,서초구,개포동,40py,113.46,26,551283.0,298981.0,0.54,4,1117,2025-08-22,481442.3174366617,-0.14506552505643944,37.2
PROP_1840,송파구,잠실동,40py,119.47,15,476483.0,249789.0,0.52,4,462,2025-05-11,481442.3174366617,0.010300958717269661,49.2
PROP_1841,강남구,반포동,30py,84.97,33,293534.0,151583.0,0.52,1,258,2025-07-13,320710.1926470588,0.0847375395922205,15.6
PROP_1842,강남구,대치동,20py,63.83,5,258858.0,144069.0,0.56,3,106,2025-06-04,229624.656394453,-0.127309253564345,38.8
PROP_1843,서초구,반포동,20py,61.18,27,219401.0,131450.0,0.6,1,326,2025-06-12,229624.656394453,0.044523338891319354,18.7
PROP_1844,송파구,잠실동,40py,116.58,9,507366.0,254421.0,0.5,1,929,2025-09-24,481442.3174366617,-0.05384587441619903,15.4
PROP_1845,송파구,대치동,30py,84.77,11,319527.0,166194.0,0.52,5,1425,2025-10-05,320710.1926470588,0.003689289190633582,68.9
PROP_1846,송파구,도곡동,30py,84.97,18,328595.0,174687.0,0.53,2,1162,2026-01-04,320710.1926470588,-0.02458545918937604,17.8
PROP_1847,강남구,대치동,40py,110.0,4,521657.0,299402.0,0.57,3,1144,2025-05-29,481442.3174366617,-0.08352959660349951,34.4
PROP_1848,강남구,반포동,20py,61.18,11,197720.0,114419.0,0.58,1,1107,2025-10-27,229624.656394453,0.1389426418548305,30.7
PROP_1849,송파구,개포동,30py,84.9,8,363076.0,187544.0,0.52,1,1208,2025-08-06,320710.1926470588,-0.13209997163877082,10.1
PROP_1850,서초구,잠실동,40py,111.74,25,475830.0,269658.0,0.57,3,1483,2026-01-26,481442.3174366617,0.011657299812246025,38.0
PROP_1851,강남구,반포동,30py,84.38,3,278634.0,165001.0,0.59,1,532,2025-03-28,320710.1926470588,0.13119692985050715,27.5
PROP_1852,송파구,잠실동,30py,84.77,12,276553.0,149460.0,0.54,2,277,2025-10-27,320710.1926470588,0.13768565408725175,40.9
PROP_1853,송파구,반포동,30py,84.15,2,341844.0,188793.0,0.55,4,1208,2025-09-19,320710.1926470588,-0.06589689956065388,49.3
PROP_1854,송파구,대치동,30py,84.08,27,314730.0,162913.0,0.52,5,800,2026-02-11,320710.1926470588,0.0186467183898954,65.3
PROP_1855,강남구,잠실동,30py,84.68,19,310350.0,179860.0,0.58,1,425,2025-09-27,320710.1926470588,0.03230390827790181,25.8
PROP_1856,강남구,반포동,30py,84.11,17,308388.0,173432.0,0.56,2,1300,2025-02-17,320710.1926470588,0.03842158100855674,29.9
PROP_1857,서초구,반포동,30py,84.57,30,338486.0,172371.0,0.51,3,321,2025-05-18,320710.1926470588,-0.0554263873131823,44.6
PROP_1858,송파구,대치동,20py,62.47,21,221103.0,125057.0,0.57,3,210,2026-01-20,229624.656394453,0.0371112428789631,31.0
PROP_1859,서초구,개포동,20py,61.51,27,251109.0,140801.0,0.56,3,778,2025-04-25,229624.656394453,-0.09356287753629058,41.3
PROP_1860,서초구,대치동,20py,63.99,31,200827.0,116228.0,0.58,5,248,2025-07-25,229624.656394453,0.12541186493920717,59.9
PROP_1861,강남구,대치동,20py,62.32,29,249740.0,139679.0,0.56,3,1343,2025-04-19,229624.656394453,-0.08760097422200402,45.1
PROP_1862,송파구,도곡동,40py,113.68,10,474075.0,280518.0,0.59,3,244,2026-01-22,481442.3174366617,0.01530259632324682,43.1
PROP_1863,강남구,잠실동,40py,119.76,31,530759.0,315265.0,0.59,4,298,2025-03-14,481442.3174366617,-0.1024352882520062,43.7
PROP_1864,서초구,반포동,30py,84.8,34,295736.0,167962.0,0.57,3,1474,2025-02-18,320710.1926470588,0.07787152768962001,50.5
PROP_1865,서초구,대치동,40py,115.72,32,545352.0,299108.0,0.55,3,596,2025-11-03,481442.3174366617,-0.1327462922320829,30.1
PROP_1866,송파구,도곡동,30py,84.43,6,311639.0,176963.0,0.57,1,1200,2026-01-01,320710.1926470588,0.02828470330857755,20.0
PROP_1867,송파구,반포동,40py,119.08,20,495342.0,260521.0,0.53,4,683,2025-03-16,481442.3174366617,-0.028870919858778196,40.1
PROP_1868,서초구,대치동,30py,84.05,23,364692.0,203697.0,0.56,5,155,2025-05-16,320710.1926470588,-0.1371387887298709,61.5
PROP_1869,강남구,반포동,30py,84.27,9,297505.0,163527.0,0.55,3,777,2025-10-26,320710.1926470588,0.07235564437640464,43.0
PROP_1870,서초구,도곡동,20py,64.64,31,253541.0,136449.0,0.54,4,375,2025-06-24,229624.656394453,-0.10415407465852936,43.7
PROP_1871,서초구,반포동,40py,115.18,17,494548.0,265970.0,0.54,1,1081,2025-12-13,481442.3174366617,-0.027221708787704333,13.6
PROP_1872,송파구,반포동,20py,64.68,19,230423.0,136238.0,0.59,1,787,2025-06-08,229624.656394453,-0.0034767329348796092,28.4
PROP_1873,서초구,도곡동,30py,84.93,25,286370.0,155778.0,0.54,2,273,2025-12-09,320710.1926470588,0.10707546387479537,33.2
PROP_1874,서초구,반포동,40py,114.59,30,457921.0,269069.0,0.59,1,863,2025-09-23,481442.3174366617,0.048855940960686614,18.7
PROP_1875,서초구,대치동,20py,60.07,26,233442.0,134613.0,0.58,3,525,2025-04-05,229624.656394453,-0.016624275744106125,47.8
PROP_1876,강남구,도곡동,40py,113.77,7,538406.0,303839.0,0.56,3,567,2025-12-19,481442.3174366617,-0.11831881099823018,40.1
PROP_1877,송파구,대치동,40py,114.69,15,525217.0,281433.0,0.54,5,297,2025-07-11,481442.3174366617,-0.09092404422695412,64.2
PROP_1878,강남구,대치동,40py,115.4,25,536194.0,287657.0,0.54,4,1210,2025-07-16,481442.3174366617,-0.11372428342994884,39.7
PROP_1879,서초구,도곡동,30py,84.28,5,280298.0,164811.0,0.59,1,603,2025-08-17,320710.1926470588,0.12600844492501795,29.0
PROP_1880,서초구,대치동,20py,60.15,12,210954.0,126337.0,0.6,4,860,2025-08-25,229624.656394453,0.08130945817238473,55.9
PROP_1881,송파구,잠실동,20py,60.76,3,253590.0,131147.0,0.52,4,748,2025-09-23,229624.656394453,-0.10436746637686393,50.6
PROP_1882,강남구,반포동,40py,114.71,29,487854.0,277769.0,0.57,3,1119,2025-07-08,481442.3174366617,-0.013317654745174805,43.6
PROP_1883,강남구,대치동,30py,84.81,33,356431.0,187887.0,0.53,3,655,2025-10-15,320710.1926470588,-0.11138033081552821,23.3
PROP_1884,강남구,개포동,40py,111.84,19,448860.0,232619.0,0.52,1,331,2025-11-21,481442.3174366617,0.06767647183600183,22.1
PROP_1885,서초구,도곡동,40py,116.55,29,411750.0,211858.0,0.51,3,253,2025-11-28,481442.3174366617,0.1447573570344289,47.3
PROP_1886,송파구,대치동,20py,59.77,8,257741.0,153509.0,0.6,3,975,2025-10-27,229624.656394453,-0.122444793372922,30.9
PROP_1887,강남구,대치동,30py,84.39,15,294448.0,166019.0,0.56,4,478,2025-02-25,320710.1926470588,0.08188761457906117,54.3
PROP_1888,강남구,반포동,30py,84.3,29,282211.0,162618.0,0.58,3,782,2026-01-08,320710.1926470588,0.12004355810863525,48.8
PROP_1889,서초구,반포동,30py,84.43,23,307506.0,170240.0,0.55,1,1464,2025-11-18,320710.1926470588,0.04117172746545666,27.5
PROP_1890,강남구,반포동,30py,84.98,30,356468.0,200988.0,0.56,3,1017,2025-07-16,320710.1926470588,-0.11149569977120315,34.7
PROP_1891,송파구,도곡동,30py,84.26,32,344742.0,198536.0,0.58,2,460,2025-11-06,320710.1926470588,-0.07493309506189648,30.6
PROP_1892,송파구,도곡동,40py,110.76,4,532363.0,282833.0,0.53,1,382,2025-12-20,481442.3174366617,-0.10576694386661889,17.5
PROP_1893,강남구,개포동,30py,84.7,21,299956.0,157492.0,0.53,3,1432,2025-05-02,320710.1926470588,0.06471323058291063,41.9
PROP_1894,서초구,반포동,40py,115.51,19,499947.0,258479.0,0.52,3,264,2025-11-29,481442.3174366617,-0.038435928652600794,33.8
PROP_1895,서초구,도곡동,40py,110.04,14,479821.0,258504.0,0.54,3,1476,2025-06-22,481442.3174366617,0.00336762552426644,45.8
PROP_1896,강남구,도곡동,20py,63.78,29,259171.0,131484.0,0.51,1,311,2025-12-06,229624.656394453,-0.12867234760186996,8.9
PROP_1897,서초구,반포동,30py,84.04,31,306671.0,183805.0,0.6,3,764,2025-11-26,320710.1926470588,0.04377532416785058,44.7
PROP_1898,강남구,잠실동,40py,115.46,33,409430.0,209938.0,0.51,3,846,2025-10-23,481442.3174366617,0.14957621054184875,50.7
PROP_1899,송파구,도곡동,20py,60.83,22,263254.0,136760.0,0.52,1,631,2025-05-31,229624.656394453,-0.14645353915207596,5.2
PROP_1900,송파구,잠실동,30py,84.28,26,309910.0,175020.0,0.56,3,627,2025-03-29,320710.1926470588,0.033675863426468666,36.0
PROP_1901,송파구,대치동,30py,84.53,28,272271.0,144561.0,0.53,4,169,2025-12-11,320710.1926470588,0.15103727214671372,54.1
PROP_1902,서초구,반포동,40py,114.06,7,435717.0,246141.0,0.56,1,798,2025-10-16,481442.3174366617,0.09497569237394111,26.5
PROP_1903,송파구,도곡동,40py,110.49,24,450736.0,234574.0,0.52,2,1220,2025-11-28,481442.3174366617,0.06377984718948475,28.1
PROP_1904,서초구,도곡동,20py,60.88,20,205813.0,112167.0,0.54,1,123,2025-04-16,229624.656394453,0.10369816886540677,32.2
PROP_1905,강남구,도곡동,40py,114.17,27,533226.0,267953.0,0.5,4,1211,2025-08-09,481442.3174366617,-0.10755947428769792,44.2
PROP_1906,송파구,도곡동,40py,118.46,15,486354.0,244734.0,0.5,2,1476,2025-04-26,481442.3174366617,-0.010202016701584382,32.5
PROP_1907,서초구,잠실동,30py,84.35,27,344318.0,177921.0,0.52,4,1294,2025-09-13,320710.1926470588,-0.07361102919145933,46.4
PROP_1908,송파구,도곡동,40py,115.61,17,495023.0,266786.0,0.54,3,993,2025-12-21,481442.3174366617,-0.028208327501507965,29.8
PROP_1909,서초구,잠실동,30py,84.87,5,307860.0,167985.0,0.55,4,992,2025-02-19,320710.1926470588,0.040067927186836966,49.6
PROP_1910,강남구,대치동,40py,116.58,22,512037.0,269794.0,0.53,3,424,2025-05-15,481442.3174366617,-0.0635479712839396,38.5
PROP_1911,송파구,대치동,20py,64.53,31,219365.0,116600.0,0.53,5,424,2025-11-10,229624.656394453,0.04468011648029986,70.2
PROP_1912,강남구,대치동,40py,115.91,3,541074.0,295685.0,0.55,5,909,2025-10-31,481442.3174366617,-0.12386049253176301,51.9
PROP_1913,강남구,반포동,40py,113.29,13,477035.0,244737.0,0.51,3,491,2025-10-12,481442.3174366617,0.009154403917228385,39.2
PROP_1914,강남구,잠실동,30py,84.57,18,329113.0,195412.0,0.59,1,114,2026-01-24,320710.1926470588,-0.0262006245688252,5.6
PROP_1915,서초구,잠실동,30py,84.24,3,299694.0,172146.0,0.57,1,294,2026-01-07,320710.1926470588,0.06553016751228453,31.3
PROP_1916,서초구,개포동,30py,84.09,5,348733.0,199958.0,0.57,1,279,2025-05-25,320710.1926470588,-0.08737735187537447,11.7
PROP_1917,송파구,도곡동,30py,84.97,9,359584.0,203462.0,0.57,1,943,2026-01-12,320710.1926470588,-0.12121163668696296,24.1
PROP_1918,송파구,도곡동,20py,62.98,17,242025.0,133966.0,0.55,1,879,2025-08-09,229624.656394453,-0.05400266591687565,17.3
PROP_1919,송파구,개포동,40py,117.97,1,433943.0,252271.0,0.58,1,787,2025-12-28,481442.3174366617,0.09866045363349406,27.4
PROP_1920,강남구,대치동,30py,84.14,19,361662.0,212806.0,0.59,5,292,2025-06-18,320710.1926470588,-0.12769100668405825,54.3
PROP_1921,서초구,개포동,40py,113.88,25,462812.0,257953.0,0.56,2,945,2025-03-15,481442.3174366617,0.038696883846552774,37.9
PROP_1922,송파구,잠실동,30py,84.78,20,363885.0,188328.0,0.52,4,1024,2025-12-21,320710.1926470588,-0.13462249826420397,45.8
PROP_1923,송파구,대치동,40py,118.39,18,439157.0,251427.0,0.57,3,510,2025-02-19,481442.3174366617,0.08783049579397374,37.4
PROP_1924,서초구,개포동,30py,84.08,19,345664.0,202342.0,0.59,1,1324,2025-02-28,320710.1926470588,-0.07780796471412066,9.8
PROP_1925,강남구,반포동,20py,60.91,21,215509.0,118125.0,0.55,3,174,2025-05-18,229624.656394453,0.06147273823332319,36.9
PROP_1926,서초구,대치동,20py,64.23,19,216039.0,122887.0,0.57,3,1246,2025-07-07,229624.656394453,0.059164623728887936,48.2
PROP_1927,서초구,대치동,30py,84.16,2,275696.0,151769.0,0.55,5,1361,2025-10-26,320710.1926470588,0.140357848547074,68.6
PROP_1928,강남구,개포동,20py,64.76,3,241577.0,136777.0,0.57,2,1108,2025-07-30,229624.656394453,-0.05205165592067377,30.7
PROP_1929,강남구,개포동,30py,84.26,15,291119.0,146615.0,0.5,4,724,2025-06-25,320710.1926470588,0.09226770250992267,60.4
PROP_1930,송파구,대치동,30py,84.11,25,323759.0,186842.0,0.58,5,309,2025-06-27,320710.1926470588,-0.00950642487467307,56.4
PROP_1931,강남구,개포동,30py,84.16,12,351621.0,185522.0,0.53,4,826,2025-02-15,320710.1926470588,-0.09638236657778601,42.8
PROP_1932,서초구,반포동,40py,118.02,35,508039.0,275922.0,0.54,3,1252,2025-08-30,481442.3174366617,-0.055243757351756594,41.9
PROP_1933,송파구,도곡동,20py,62.17,9,222611.0,128626.0,0.58,4,1103,2025-08-01,229624.656394453,0.030544003873890693,59.9
PROP_1934,송파구,개포동,20py,61.93,3,245772.0,139530.0,0.57,2,293,2025-06-26,229624.656394453,-0.07032059996993022,28.0
PROP_1935,서초구,반포동,30py,84.84,22,351174.0,175956.0,0.5,3,1026,2025-04-18,320710.1926470588,-0.0949885848700374,31.0
PROP_1936,강남구,개포동,40py,116.08,29,426328.0,227988.0,0.53,3,940,2025-11-28,481442.3174366617,0.1144775094347881,46.4
PROP_1937,서초구,반포동,30py,84.79,10,358699.0,191864.0,0.53,4,490,2025-04-16,320710.1926470588,-0.11845213599041372,49.0
PROP_1938,서초구,개포동,30py,84.57,28,308936.0,175932.0,0.57,1,1160,2026-01-29,320710.1926470588,0.036712873232614386,23.1
PROP_1939,강남구,잠실동,20py,62.64,17,263225.0,141911.0,0.54,2,464,2025-03-26,229624.656394453,-0.1463272460942861,25.5
PROP_1940,강남구,잠실동,20py,60.15,2,200343.0,116307.0,0.58,4,1310,2025-09-28,229624.656394453,0.12751965252438954,54.6
PROP_1941,서초구,잠실동,20py,64.05,35,249431.0,140776.0,0.56,2,775,2025-07-24,229624.656394453,-0.086255299916588,25.1
PROP_1942,강남구,대치동,30py,84.63,30,300328.0,167886.0,0.56,5,526,2026-02-15,320710.1926470588,0.06355330486639502,69.1
PROP_1943,서초구,반포동,20py,64.53,25,209419.0,115492.0,0.55,2,284,2025-11-18,229624.656394453,0.08799428036919252,39.9
PROP_1944,송파구,개포동,20py,61.65,14,233274.0,130490.0,0.56,2,1378,2026-01-02,229624.656394453,-0.01589264699553042,23.9
PROP_1945,강남구,반포동,40py,117.52,24,439767.0,226741.0,0.52,1,1496,2025-03-13,481442.3174366617,0.08656346965624698,26.0
PROP_1946,서초구,대치동,20py,59.19,31,209890.0,119526.0,0.57,5,1341,2025-07-25,229624.656394453,0.0859431069133642,65.5
PROP_1947,강남구,반포동,30py,84.83,3,355099.0,179436.0,0.51,3,673,2025-12-22,320710.1926470588,-0.10722704841123036,41.3
PROP_1948,송파구,도곡동,20py,64.48,17,204411.0,109856.0,0.54,4,706,2025-10-17,229624.656394453,0.10980378496959212,58.8
PROP_1949,송파구,잠실동,20py,61.85,1,248548.0,124942.0,0.5,4,527,2025-03-22,229624.656394453,-0.08240989405353831,54.5
PROP_1950,서초구,잠실동,40py,111.54,33,534268.0,283520.0,0.53,1,451,2025-10-05,481442.3174366617,-0.10972380418197873,10.8
PROP_1951,서초구,도곡동,20py,59.04,6,247045.0,131409.0,0.53,1,677,2025-09-05,229624.656394453,-0.07586442971360208,14.2
PROP_1952,서초구,도곡동,20py,60.32,25,238499.0,135522.0,0.57,4,1365,2025-06-14,229624.656394453,-0.0386471720628403,46.1
PROP_1953,송파구,반포동,40py,114.69,27,442629.0,243981.0,0.55,3,205,2026-01-18,481442.3174366617,0.08061883226907644,43.9
PROP_1954,송파구,잠실동,30py,84.26,1,293777.0,157615.0,0.54,4,1248,2026-01-15,320710.1926470588,0.08397984618062562,51.6
PROP_1955,송파구,개포동,40py,111.03,35,455377.0,253568.0,0.56,4,212,2026-01-23,481442.3174366617,0.05414006308261597,53.9
PROP_1956,서초구,대치동,40py,117.08,4,476954.0,272013.0,0.57,5,756,2025-08-10,481442.3174366617,0.009322648371582268,65.4
PROP_1957,서초구,반포동,20py,61.37,10,209026.0,123874.0,0.59,3,922,2025-12-23,229624.656394453,0.0897057690488964,43.0
PROP_1958,송파구,반포동,40py,111.13,17,458259.0,229301.0,0.5,3,886,2025-07-14,481442.3174366617,0.04815388385486424,34.7
PROP_1959,송파구,잠실동,20py,62.05,3,235647.0,126103.0,0.54,4,1387,2025-08-20,229624.656394453,-0.02622690306916226,49.0
PROP_1960,송파구,도곡동,30py,84.01,28,277848.0,164294.0,0.59,3,270,2025-05-07,320710.1926470588,0.13364774063862886,50.1
PROP_1961,송파구,도곡동,20py,62.08,5,261838.0,154198.0,0.59,1,1204,2025-09-01,229624.656394453,-0.14028695398550928,14.0
PROP_1962,서초구,반포동,30py,84.84,15,336433.0,189589.0,0.56,2,880,2025-08-02,320710.1926470588,-0.04902496931316468,28.9
PROP_1963,송파구,잠실동,40py,116.03,25,468677.0,247607.0,0.53,2,116,2025-02-19,481442.3174366617,0.026514739096114223,33.9
PROP_1964,송파구,도곡동,30py,84.98,4,325907.0,189205.0,0.58,2,182,2025-02-23,320710.1926470588,-0.016204060463585804,31.8
PROP_1965,송파구,개포동,30py,84.22,6,321509.0,181240.0,0.56,3,1228,2025-04-20,320710.1926470588,-0.002490745137683475,44.8
PROP_1966,송파구,도곡동,30py,84.76,27,328467.0,179020.0,0.55,2,861,2025-05-31,320710.1926470588,-0.02418634496433841,36.2
PROP_1967,서초구,잠실동,20py,60.74,21,264162.0,157093.0,0.59,2,979,2025-07-12,229624.656394453,-0.15040781834080655,29.9
PROP_1968,송파구,도곡동,40py,110.6,3,525548.0,271902.0,0.52,4,1279,2026-01-31,481442.3174366617,-0.09161156168857307,40.4
PROP_1969,강남구,개포동,40py,114.72,15,480714.0,240852.0,0.5,1,335,2025-11-20,481442.3174366617,0.0015127823423156082,23.4
PROP_1970,강남구,대치동,40py,113.8,12,531262.0,277829.0,0.52,3,1091,2025-12-12,481442.3174366617,-0.10348006554262353,39.2
PROP_1971,강남구,도곡동,40py,114.57,3,525684.0,284605.0,0.54,4,859,2026-01-16,481442.3174366617,-0.09189404620452528,41.2
PROP_1972,송파구,대치동,20py,61.93,26,252366.0,138488.0,0.55,4,1372,2025-06-07,229624.656394453,-0.09903702835152665,48.4
PROP_1973,강남구,대치동,40py,113.35,8,520213.0,268154.0,0.52,5,1261,2025-11-28,481442.3174366617,-0.08053027571353646,61.1
PROP_1974,강남구,대치동,30py,84.65,33,343826.0,176001.0,0.51,5,1185,2025-08-26,320710.1926470588,-0.07207693388897095,57.1
PROP_1975,서초구,대치동,20py,60.8,16,208780.0,121410.0,0.58,4,560,2025-05-06,229624.656394453,0.09077708257359654,54.3
PROP_1976,송파구,개포동,30py,84.5,4,353903.0,178692.0,0.5,3,357,2025-08-19,320710.1926470588,-0.10349782487103501,30.9
PROP_1977,강남구,반포동,30py,84.78,21,356252.0,178729.0,0.5,3,1481,2025-11-03,320710.1926470588,-0.11082219451645214,34.4
PROP_1978,송파구,도곡동,30py,84.17,22,297522.0,171496.0,0.58,1,475,2026-01-05,320710.1926470588,0.07230263701839182,21.5
PROP_1979,강남구,대치동,40py,117.82,27,503731.0,274705.0,0.55,3,603,2025-05-05,481442.3174366617,-0.0462956448905649,41.4
PROP_1980,송파구,잠실동,30py,84.39,4,302075.0,164534.0,0.54,3,1188,2025-07-17,320710.1926470588,0.05810601931060799,38.5
PROP_1981,송파구,반포동,20py,60.42,35,238106.0,123797.0,0.52,3,737,2025-08-16,229624.656394453,-0.03693568338313642,32.9
PROP_1982,서초구,개포동,40py,114.95,16,437582.0,241436.0,0.55,1,516,2025-02-18,481442.3174366617,0.09110191573974369,27.5
PROP_1983,서초구,반포동,40py,117.05,1,515274.0,279941.0,0.54,4,656,2025-08-08,481442.3174366617,-0.07027151818200773,45.6
PROP_1984,송파구,개포동,20py,64.71,32,228626.0,118368.0,0.52,2,238,2026-01-18,229624.656394453,0.004349081715064098,31.3
PROP_1985,강남구,잠실동,30py,84.79,5,295420.0,161911.0,0.55,2,160,2025-11-06,320710.1926470588,0.07885684093268167,31.1
PROP_1986,강남구,잠실동,40py,112.33,12,423880.0,241036.0,0.57,3,764,2026-02-10,481442.3174366617,0.11956223072192768,53.2
PROP_1987,송파구,잠실동,30py,84.7,17,302842.0,173343.0,0.57,1,455,2025-08-18,320710.1926470588,0.055714452040265317,16.3
PROP_1988,강남구,대치동,20py,61.67,31,262739.0,152531.0,0.58,4,1295,2025-09-11,229624.656394453,-0.14421074864304922,43.5
PROP_1989,서초구,대치동,30py,84.53,32,293864.0,156604.0,0.53,5,1114,2025-02-24,320710.1926470588,0.08370857323079535,52.1
PROP_1990,송파구,반포동,20py,64.88,35,252404.0,130012.0,0.52,2,443,2025-04-28,229624.656394453,-0.09920251580656164,12.5
PROP_1991,송파구,반포동,40py,112.05,14,447503.0,239781.0,0.54,4,299,2025-07-31,481442.3174366617,0.07049508571943663,52.0
PROP_1992,강남구,도곡동,30py,84.09,30,274392.0,148852.0,0.54,4,817,2025-07-06,320710.1926470588,0.14442382471464488,57.6
PROP_1993,서초구,잠실동,20py,64.23,26,222889.0,122581.0,0.55,1,1086,2025-02-28,229624.656394453,0.02933333249231899,25.7
PROP_1994,송파구,잠실동,20py,63.99,2,196924.0,108028.0,0.55,2,315,2025-08-24,229624.656394453,0.1424091685445106,38.9
PROP_1995,송파구,개포동,20py,60.48,23,241679.0,128081.0,0.53,4,812,2025-03-17,229624.656394453,-0.052495859089451875,43.7
PROP_1996,서초구,개포동,30py,84.62,30,295287.0,152728.0,0.52,2,572,2025-11-02,320710.1926470588,0.07927154555713482,29.9
PROP_1997,강남구,도곡동,20py,59.93,29,209870.0,121759.0,0.58,4,330,2026-01-18,229624.656394453,0.08603020557390893,56.7
PROP_1998,서초구,잠실동,30py,84.96,32,295843.0,149667.0,0.51,1,172,2025-10-07,320710.1926470588,0.07753789314212761,28.2
PROP_1999,강남구,도곡동,20py,59.6,25,255287.0,141342.0,0.55,1,1219,2025-06-29,229624.656394453,-0.11175778772408401,17.8
