property_id,district,dong,size_type,area_sqm,floor,market_price,jeonse_price,jeonse_ratio,school_score,subway_distance_m,contract_date,avg_price_by_size,price_diff_percent,undervalued_score
PROP_0000,송파구,잠실동,40py,119.93,32,532075.0,317134.0,0.6,4,883,2025-07-23,480071.36778115504,-0.1083247944137991,42.1
PROP_0001,강남구,도곡동,20py,63.63,14,210330.0,111914.0,0.53,2,659,2025-10-17,228861.1826625387,0.08097127895150032,38.9
PROP_0002,송파구,도곡동,20py,61.97,25,241544.0,138586.0,0.57,1,253,2026-01-28,228861.1826625387,-0.05541707505795087,15.8
PROP_0003,송파구,반포동,20py,63.59,17,235078.0,136620.0,0.58,3,724,2025-11-15,228861.1826625387,-0.027164140572620205,51.3
PROP_0004,강남구,잠실동,40py,115.84,33,466595.0,268159.0,0.57,1,885,2026-01-27,480071.36778115504,0.028071592445601486,15.7
PROP_0005,송파구,잠실동,20py,59.01,34,242177.0,133076.0,0.55,1,1395,2025-12-17,228861.1826625387,-0.05818294383760047,14.5
PROP_0006,강남구,개포동,20py,60.59,22,239241.0,122170.0,0.51,2,648,2025-05-22,228861.1826625387,-0.04535420649628732,24.1
PROP_0007,강남구,대치동,30py,84.05,35,356102.0,201061.0,0.56,5,166,2026-01-07,320544.3649425287,-0.11092890390959302,51.6
PROP_0008,송파구,잠실동,40py,116.78,35,443608.0,258667.0,0.58,1,1204,2025-12-02,480071.36778115504,0.07595405647640541,17.9
PROP_0009,강남구,도곡동,30py,84.16,27,349819.0,176105.0,0.5,4,1097,2025-05-06,320544.3649425287,-0.09132787301601766,35.3
PROP_0010,서초구,반포동,30py,84.64,10,349319.0,205841.0,0.59,3,1208,2025-08-01,320544.3649425287,-0.08976802653395691,30.0
PROP_0011,송파구,도곡동,40py,110.93,2,539448.0,296694.0,0.55,1,206,2025-10-13,480071.36778115504,-0.12368292758903368,12.2
PROP_0012,송파구,개포동,30py,84.87,6,315858.0,181646.0,0.58,1,1099,2026-01-11,320544.3649425287,0.014620019738512471,18.2
PROP_0013,강남구,개포동,30py,84.17,6,336732.0,198745.0,0.59,3,933,2025-06-14,320544.3649425287,-0.05050045119455964,35.1
PROP_0014,강남구,도곡동,40py,110.29,14,448874.0,239663.0,0.53,2,998,2026-01-02,480071.36778115504,0.06498485407564787,25.2
PROP_0015,강남구,개포동,30py,84.99,9,288202.0,151260.0,0.52,4,1320,2025-10-22,320544.3649425287,0.10089824835425656,55.7
PROP_0016,서초구,잠실동,30py,84.47,19,351324.0,203486.0,0.58,2,998,2025-10-14,320544.3649425287,-0.09602301092702051,29.4
PROP_0017,강남구,도곡동,30py,84.56,8,282460.0,159813.0,0.57,3,1304,2025-05-11,320544.3649425287,0.1188115253542422,46.5
PROP_0018,서초구,대치동,40py,114.89,18,443561.0,223215.0,0.5,3,1386,2025-06-15,480071.36778115504,0.07605195858670462,53.8
PROP_0019,강남구,대치동,30py,84.87,29,317511.0,168646.0,0.53,4,1359,2025-12-16,320544.3649425287,0.009463167268819638,50.0
PROP_0020,송파구,대치동,30py,84.27,26,324867.0,191351.0,0.59,3,686,2025-04-10,320544.3649425287,-0.013485294175258088,46.4
PROP_0021,송파구,잠실동,40py,118.22,14,474789.0,237470.0,0.5,1,136,2025-07-25,480071.36778115504,0.011003296875565926,15.1
PROP_0022,송파구,반포동,20py,62.86,6,229695.0,134193.0,0.58,1,1263,2026-01-29,228861.1826625387,-0.003643332293230322,30.5
PROP_0023,서초구,반포동,20py,59.95,5,244792.0,131033.0,0.54,4,1201,2025-09-18,228861.1826625387,-0.06960908421482591,44.7
PROP_0024,서초구,대치동,30py,84.51,19,343084.0,193749.0,0.56,4,1393,2025-10-19,320544.3649425287,-0.07031674090265938,44.5
PROP_0025,서초구,개포동,40py,119.6,26,451059.0,257472.0,0.57,1,1492,2025-10-24,480071.36778115504,0.06043344745854662,26.5
PROP_0026,송파구,개포동,40py,115.21,25,411240.0,235060.0,0.57,4,1333,2025-06-13,480071.36778115504,0.14337736511820562,59.5
PROP_0027,송파구,대치동,20py,64.62,34,256074.0,131294.0,0.51,3,635,2025-10-05,228861.1826625387,-0.11890534262241956,28.6
PROP_0028,서초구,잠실동,20py,61.55,20,248947.0,137344.0,0.55,3,966,2025-05-19,228861.1826625387,-0.08776419445091452,31.0
PROP_0029,송파구,개포동,40py,112.84,27,536272.0,272991.0,0.51,1,258,2025-05-22,480071.36778115504,-0.11706724456115561,15.3
PROP_0030,송파구,반포동,30py,84.42,3,317455.0,181462.0,0.57,3,1339,2025-08-12,320544.3649425287,0.009637870074810442,34.3
PROP_0031,강남구,반포동,30py,84.62,8,331124.0,195718.0,0.59,1,973,2025-10-24,320544.3649425287,-0.03300521305176629,20.1
PROP_0032,강남구,대치동,30py,84.82,29,282601.0,167846.0,0.59,3,1194,2025-08-08,320544.3649425287,0.11837164864630106,55.1
PROP_0033,서초구,대치동,40py,119.34,30,489681.0,281012.0,0.57,3,237,2025-09-24,480071.36778115504,-0.020017090923917784,44.3
PROP_0034,강남구,반포동,20py,60.76,20,254494.0,131236.0,0.52,4,747,2026-01-11,228861.1826625387,-0.11200159432566385,43.1
PROP_0035,서초구,잠실동,40py,114.46,13,523610.0,282146.0,0.54,3,884,2025-04-10,480071.36778115504,-0.09069199944182559,48.1
PROP_0036,서초구,도곡동,40py,117.95,6,494890.0,285568.0,0.58,4,941,2025-07-18,480071.36778115504,-0.030867560978142247,55.8
PROP_0037,강남구,도곡동,30py,84.4,9,312889.0,171064.0,0.55,4,654,2025-05-02,320544.3649425287,0.023882388148989193,60.5
PROP_0038,강남구,잠실동,30py,84.22,17,347775.0,204361.0,0.59,3,394,2025-11-14,320544.3649425287,-0.08495122059735333,33.2
PROP_0039,서초구,도곡동,30py,84.63,34,282498.0,163288.0,0.58,1,590,2025-12-27,320544.3649425287,0.11869297702160558,23.0
PROP_0040,강남구,대치동,40py,118.35,24,483471.0,280689.0,0.58,4,162,2025-03-28,480071.36778115504,-0.007081514222682636,47.0
PROP_0041,서초구,잠실동,20py,60.73,11,248168.0,133073.0,0.54,4,1146,2025-05-11,228861.1826625387,-0.0843603843729571,47.9
PROP_0042,강남구,개포동,30py,84.69,17,295678.0,162614.0,0.55,3,810,2025-08-06,320544.3649425287,0.07757542375448426,40.3
PROP_0043,서초구,대치동,40py,119.03,13,515256.0,283851.0,0.55,4,800,2026-02-12,480071.36778115504,-0.07329042009204806,49.3
PROP_0044,송파구,도곡동,40py,113.45,9,515211.0,257649.0,0.5,3,1078,2025-05-21,480071.36778115504,-0.07319668402899562,43.4
PROP_0045,강남구,개포동,30py,84.8,32,325796.0,176899.0,0.54,2,307,2025-02-19,320544.3649425287,-0.01638348893892696,28.0
PROP_0046,강남구,잠실동,20py,59.36,34,201129.0,108554.0,0.54,1,1476,2025-07-07,228861.1826625387,0.12117468912773408,35.8
PROP_0047,강남구,도곡동,20py,59.54,29,204014.0,120161.0,0.59,4,1025,2025-06-02,228861.1826625387,0.10856879429473393,59.5
PROP_0048,강남구,도곡동,30py,84.42,13,304325.0,176581.0,0.58,3,1052,2025-12-11,320544.3649425287,0.050599438693725685,35.2
PROP_0049,서초구,잠실동,30py,84.7,30,314067.0,183629.0,0.58,1,1340,2025-05-26,320544.3649425287,0.02020738983725407,20.3
PROP_0050,강남구,도곡동,40py,113.29,18,529122.0,293790.0,0.56,2,339,2025-03-16,480071.36778115504,-0.1021736256539364,29.0
PROP_0051,송파구,개포동,20py,63.38,4,224569.0,128112.0,0.57,3,608,2025-04-23,228861.1826625387,0.018754524522699927,40.1
PROP_0052,강남구,도곡동,20py,59.48,1,258648.0,153508.0,0.59,3,285,2026-02-13,228861.1826625387,-0.13015233510080515,37.2
PROP_0053,강남구,개포동,40py,117.84,6,523052.0,275058.0,0.53,2,306,2025-03-24,480071.36778115504,-0.08952967225997546,19.0
PROP_0054,강남구,개포동,20py,61.14,2,208384.0,112387.0,0.54,3,158,2025-05-09,228861.1826625387,0.08947424995497287,50.9
PROP_0055,송파구,반포동,30py,84.59,4,301073.0,179466.0,0.6,1,229,2025-10-21,320544.3649425287,0.06074468021304879,20.9
PROP_0056,송파구,잠실동,40py,117.64,31,524807.0,308658.0,0.59,2,195,2025-02-22,480071.36778115504,-0.09318537871902018,31.2
PROP_0057,송파구,개포동,40py,116.11,19,520875.0,280000.0,0.54,2,1451,2025-03-02,480071.36778115504,-0.08499492983186131,27.4
PROP_0058,송파구,반포동,20py,60.89,5,224953.0,128477.0,0.57,4,945,2025-09-14,228861.1826625387,0.01707665151893145,44.8
PROP_0059,강남구,대치동,40py,113.92,26,418380.0,227016.0,0.54,5,884,2025-04-22,480071.36778115504,0.1285045764472203,63.9
PROP_0060,강남구,개포동,30py,84.09,6,352549.0,182368.0,0.52,1,677,2025-12-05,320544.3649425287,-0.09984463480806935,13.8
PROP_0061,서초구,잠실동,40py,117.99,20,500280.0,294261.0,0.59,3,478,2026-02-05,480071.36778115504,-0.042095058308199804,45.0
PROP_0062,송파구,도곡동,40py,111.14,6,413436.0,226471.0,0.55,2,1407,2025-04-16,480071.36778115504,0.13880304524124712,37.7
PROP_0063,송파구,반포동,30py,84.17,28,342072.0,183293.0,0.54,3,232,2025-09-12,320544.3649425287,-0.06715961162296843,36.0
PROP_0064,강남구,대치동,40py,111.66,6,411901.0,230401.0,0.56,3,1346,2025-03-06,480071.36778115504,0.14200048650314662,51.8
PROP_0065,서초구,도곡동,30py,84.66,32,327680.0,177914.0,0.54,4,1195,2025-09-29,320544.3649425287,-0.022260990483331855,49.7
PROP_0066,송파구,잠실동,20py,59.83,18,248123.0,147534.0,0.59,3,1194,2025-06-26,228861.1826625387,-0.08416375863032799,36.1
PROP_0067,강남구,대치동,20py,59.53,18,251748.0,130200.0,0.52,3,1135,2025-05-31,228861.1826625387,-0.1000030545643403,31.6
PROP_0068,강남구,대치동,20py,59.44,19,249761.0,128068.0,0.51,3,1329,2025-09-26,228861.1826625387,-0.0913209356620279,46.1
PROP_0069,송파구,도곡동,40py,110.15,3,498643.0,283493.0,0.57,4,509,2026-02-08,480071.36778115504,-0.038685148636714795,50.9
PROP_0070,송파구,도곡동,40py,118.34,27,534686.0,312101.0,0.58,3,968,2025-12-04,480071.36778115504,-0.11376356909446335,28.2
PROP_0071,송파구,도곡동,30py,84.6,19,305458.0,174153.0,0.57,1,710,2025-11-19,320544.3649425287,0.047064826565376035,26.7
PROP_0072,서초구,도곡동,20py,63.42,13,232077.0,121746.0,0.52,1,1090,2025-11-19,228861.1826625387,-0.014051388269731659,31.5
PROP_0073,강남구,대치동,20py,61.92,19,254100.0,149086.0,0.59,5,260,2025-10-02,228861.1826625387,-0.11028002671242224,53.6
PROP_0074,서초구,대치동,40py,115.93,22,495949.0,280983.0,0.57,4,444,2025-03-11,480071.36778115504,-0.0330734829953094,53.2
PROP_0075,강남구,잠실동,20py,62.66,8,249123.0,136148.0,0.55,1,1425,2025-05-05,228861.1826625387,-0.08853321957764174,17.8
PROP_0076,강남구,반포동,40py,119.02,27,409401.0,212671.0,0.52,1,936,2025-03-19,480071.36778115504,0.14720804556161488,25.9
PROP_0077,강남구,대치동,40py,116.59,32,425568.0,242262.0,0.57,5,1299,2025-08-16,480071.36778115504,0.11353180264231236,72.0
PROP_0078,송파구,도곡동,20py,63.36,23,234187.0,127225.0,0.54,2,192,2025-08-03,228861.1826625387,-0.023270950868563657,30.7
PROP_0079,서초구,개포동,20py,62.83,13,202708.0,119522.0,0.59,1,663,2025-09-06,228861.1826625387,0.11427531029192567,24.9
PROP_0080,송파구,잠실동,40py,116.43,1,524520.0,264734.0,0.5,4,333,2025-09-20,480071.36778115504,-0.09258755093910802,40.3
PROP_0081,강남구,도곡동,40py,113.56,16,457071.0,256485.0,0.56,2,835,2025-05-17,480071.36778115504,0.04791030943474216,34.2
PROP_0082,서초구,잠실동,30py,84.94,11,325099.0,171778.0,0.53,3,1467,2025-12-06,320544.3649425287,-0.014209062942934274,35.7
PROP_0083,강남구,반포동,20py,59.47,10,233954.0,125372.0,0.54,3,271,2025-05-30,228861.1826625387,-0.022252866467839555,35.6
PROP_0084,송파구,반포동,30py,84.06,23,298561.0,172006.0,0.58,4,324,2025-10-24,320544.3649425287,0.068581348938922,55.5
PROP_0085,송파구,도곡동,30py,84.7,28,281626.0,159211.0,0.57,1,899,2025-11-09,320544.3649425287,0.12141334928631953,29.4
PROP_0086,서초구,잠실동,30py,84.36,9,280892.0,166333.0,0.59,4,160,2025-02-22,320544.3649425287,0.12370320392198471,59.9
PROP_0087,송파구,개포동,40py,119.16,2,432101.0,250720.0,0.58,4,726,2025-04-07,480071.36778115504,0.0999234093107231,62.1
PROP_0088,강남구,반포동,30py,84.07,22,280538.0,152728.0,0.54,4,1018,2025-06-12,320544.3649425287,0.12480757523128372,63.9
PROP_0089,송파구,도곡동,30py,84.99,13,279669.0,153191.0,0.55,3,158,2025-08-17,320544.3649425287,0.12751858841710528,50.0
PROP_0090,강남구,대치동,40py,116.47,13,499593.0,287465.0,0.58,3,935,2025-06-25,480071.36778115504,-0.04066402107893273,48.5
PROP_0091,서초구,반포동,40py,119.52,5,440783.0,262033.0,0.59,4,430,2025-10-11,480071.36778115504,0.08183859821247454,50.2
PROP_0092,서초구,도곡동,30py,84.04,1,307266.0,166134.0,0.54,1,897,2025-11-27,320544.3649425287,0.04142442168624436,22.7
PROP_0093,송파구,대치동,30py,84.54,19,361358.0,193724.0,0.54,5,1284,2025-06-20,320544.3649425287,-0.1273260101290156,49.3
PROP_0094,서초구,잠실동,20py,62.26,25,219620.0,127637.0,0.58,3,627,2025-12-28,228861.1826625387,0.040378986750955644,55.2
PROP_0095,서초구,잠실동,20py,59.7,4,261268.0,144355.0,0.55,1,1306,2025-05-05,228861.1826625387,-0.14160032278276716,9.8
PROP_0096,강남구,대치동,40py,118.63,24,446209.0,252692.0,0.57,3,1255,2025-10-11,480071.36778115504,0.07053611203197503,42.0
PROP_0097,송파구,잠실동,20py,61.33,9,251065.0,142130.0,0.57,1,516,2025-12-26,228861.1826625387,-0.09701871273732503,14.1
PROP_0098,서초구,반포동,30py,84.76,25,350329.0,190475.0,0.54,1,864,2025-07-09,320544.3649425287,-0.09291891642771963,19.5
PROP_0099,서초구,개포동,40py,117.33,16,428680.0,250482.0,0.58,4,320,2025-02-19,480071.36778115504,0.10704943312633107,55.2
PROP_0100,송파구,잠실동,40py,117.91,12,487555.0,261708.0,0.54,2,1173,2025-11-27,480071.36778115504,-0.01558858270059638,19.2
PROP_0101,강남구,대치동,20py,64.03,5,225388.0,122239.0,0.54,5,854,2025-05-12,228861.1826625387,0.015175936006849971,73.9
PROP_0102,송파구,반포동,30py,84.45,12,317811.0,187053.0,0.59,2,879,2025-09-12,320544.3649425287,0.00852725937958319,27.8
PROP_0103,송파구,잠실동,20py,63.49,5,263717.0,152461.0,0.58,1,1159,2025-04-14,228861.1826625387,-0.1523011326427385,13.9
PROP_0104,서초구,도곡동,40py,115.52,2,467309.0,244014.0,0.52,3,1440,2025-04-24,480071.36778115504,0.026584313578502952,40.6
PROP_0105,강남구,반포동,20py,60.78,4,200199.0,119285.0,0.6,2,524,2025-02-24,228861.1826625387,0.12523828780873586,29.1
PROP_0106,강남구,반포동,40py,118.55,6,437884.0,226868.0,0.52,1,234,2025-10-06,480071.36778115504,0.08787728369667433,23.2
PROP_0107,강남구,도곡동,20py,62.51,35,260365.0,151988.0,0.58,3,601,2025-10-11,228861.1826625387,-0.13765469954734283,39.3
PROP_0108,서초구,도곡동,40py,115.36,16,547083.0,295360.0,0.54,3,550,2025-07-06,480071.36778115504,-0.13958681295359573,35.2
PROP_0109,송파구,대치동,20py,64.75,20,225600.0,118151.0,0.52,5,958,2025-08-30,228861.1826625387,0.014249610286019457,51.8
PROP_0110,송파구,잠실동,20py,59.66,12,253995.0,135332.0,0.53,1,597,2025-12-22,228861.1826625387,-0.10982123331295429,16.4
PROP_0111,서초구,대치동,40py,111.0,35,481005.0,249834.0,0.52,4,1472,2025-05-16,480071.36778115504,-0.001944777967409547,59.7
PROP_0112,강남구,대치동,40py,118.72,8,469595.0,250842.0,0.53,4,936,2025-04-20,480071.36778115504,0.021822521575439575,52.5
PROP_0113,강남구,반포동,30py,84.87,13,287308.0,157230.0,0.55,2,1178,2025-09-17,320544.3649425287,0.10368725386418119,30.0
PROP_0114,서초구,잠실동,30py,84.28,30,331795.0,168558.0,0.51,3,415,2025-02-20,320544.3649425287,-0.035098527030691815,36.4
PROP_0115,강남구,잠실동,30py,84.11,19,299100.0,161560.0,0.54,1,1359,2025-12-12,320544.3649425287,0.0668998344312605,26.8
PROP_0116,강남구,대치동,30py,84.49,17,328536.0,169945.0,0.52,4,809,2025-04-18,320544.3649425287,-0.024931447660619856,45.3
PROP_0117,서초구,반포동,30py,84.31,28,337689.0,183693.0,0.54,2,815,2026-01-29,320544.3649425287,-0.05348599736122391,38.8
PROP_0118,송파구,대치동,30py,84.02,21,297019.0,177585.0,0.6,4,1217,2025-06-12,320544.3649425287,0.07339191548959734,65.8
PROP_0119,서초구,대치동,20py,63.01,7,252403.0,127726.0,0.51,4,1088,2025-12-15,228861.1826625387,-0.10286505148483081,41.4
PROP_0120,강남구,도곡동,30py,84.68,32,331056.0,169499.0,0.51,2,183,2025-09-02,320544.3649425287,-0.03279307393020603,25.2
PROP_0121,서초구,도곡동,20py,64.46,10,260246.0,139102.0,0.53,1,970,2025-09-16,228861.1826625387,-0.1371347336946125,6.5
PROP_0122,강남구,도곡동,30py,84.96,1,350399.0,206919.0,0.59,4,482,2025-08-25,320544.3649425287,-0.09313729493520813,52.2
PROP_0123,송파구,대치동,40py,118.24,12,526307.0,303446.0,0.58,3,745,2025-06-25,480071.36778115504,-0.09630991415410113,37.6
PROP_0124,송파구,잠실동,30py,84.09,17,297255.0,165619.0,0.56,3,1278,2025-02-26,320544.3649425287,0.07265566795006466,49.7
PROP_0125,서초구,반포동,30py,84.48,14,324348.0,192813.0,0.59,1,640,2025-09-18,320544.3649425287,-0.01186617352687903,28.5
PROP_0126,강남구,반포동,30py,84.92,15,287791.0,159861.0,0.56,1,1025,2025-12-19,320544.3649425287,0.1021804421625105,24.7
PROP_0127,서초구,도곡동,40py,119.11,17,425050.0,244535.0,0.58,3,311,2025-12-17,480071.36778115504,0.11461080887922698,47.8
PROP_0128,서초구,개포동,30py,84.26,9,297617.0,162590.0,0.55,2,1433,2025-08-05,320544.3649425287,0.07152633909705268,37.8
PROP_0129,강남구,반포동,20py,62.42,29,248721.0,132570.0,0.53,3,1119,2025-12-05,228861.1826625387,-0.08677669627682161,40.2
PROP_0130,송파구,도곡동,20py,63.72,5,212545.0,118107.0,0.56,1,1361,2025-04-02,228861.1826625387,0.07129292295320037,25.1
PROP_0131,서초구,잠실동,20py,64.69,29,209814.0,124071.0,0.59,3,1344,2026-02-16,228861.1826625387,0.08322592080031421,40.3
PROP_0132,강남구,반포동,40py,114.25,24,548614.0,298943.0,0.54,3,1361,2025-11-15,480071.36778115504,-0.1427759221210017,26.5
PROP_0133,서초구,반포동,20py,64.73,33,203562.0,112513.0,0.55,1,962,2025-11-01,228861.1826625387,0.11054379064291973,27.7
PROP_0134,송파구,대치동,20py,63.81,15,217653.0,111301.0,0.51,3,580,2026-02-15,228861.1826625387,0.04897371643432178,41.4
PROP_0135,서초구,반포동,20py,60.01,22,200711.0,107172.0,0.53,2,432,2025-08-29,228861.1826625387,0.12300112380371123,40.3
PROP_0136,강남구,도곡동,40py,114.46,19,477115.0,245055.0,0.51,3,1217,2025-10-22,480071.36778115504,0.006158183927567061,41.3
PROP_0137,서초구,잠실동,30py,84.86,35,293020.0,159715.0,0.55,1,1055,2025-08-14,320544.3649425287,0.0858675676531192,22.2
PROP_0138,서초구,도곡동,20py,61.43,27,262247.0,149697.0,0.57,3,953,2025-06-15,228861.1826625387,-0.1458780250501873,33.7
PROP_0139,서초구,개포동,20py,63.39,19,253758.0,142314.0,0.56,3,1230,2025-05-31,228861.1826625387,-0.10878567106844093,38.8
PROP_0140,송파구,도곡동,30py,84.11,22,318947.0,163164.0,0.51,1,1497,2025-06-23,320544.3649425287,0.00498328817234117,11.7
PROP_0141,서초구,대치동,40py,117.94,2,462947.0,241567.0,0.52,4,532,2025-09-21,480071.36778115504,0.03567046262371837,56.0
PROP_0142,서초구,도곡동,20py,59.37,23,207430.0,113318.0,0.55,4,740,2025-03-31,228861.1826625387,0.09364271569871017,59.8
PROP_0143,서초구,대치동,20py,60.79,22,214539.0,121669.0,0.57,4,780,2025-07-26,228861.1826625387,0.06258021782425678,52.0
PROP_0144,강남구,개포동,30py,84.47,33,274909.0,144308.0,0.52,1,170,2025-07-28,320544.3649425287,0.14236832692632362,26.3
PROP_0145,서초구,반포동,40py,115.49,29,507015.0,293426.0,0.58,4,345,2025-10-06,480071.36778115504,-0.05612422241171329,48.4
PROP_0146,서초구,도곡동,40py,119.28,15,503068.0,269965.0,0.54,2,642,2025-09-08,480071.36778115504,-0.04790252817020361,22.0
PROP_0147,송파구,잠실동,30py,84.66,7,364322.0,185376.0,0.51,2,1156,2025-08-28,320544.3649425287,-0.13657278007467172,25.9
PROP_0148,강남구,개포동,30py,84.47,9,330372.0,187072.0,0.57,4,1470,2025-12-10,320544.3649425287,-0.030659203942746925,51.5
PROP_0149,송파구,대치동,30py,84.8,35,307498.0,183331.0,0.6,5,886,2025-02-19,320544.3649425287,0.04070065291856818,70.8
PROP_0150,송파구,반포동,20py,63.52,7,197541.0,100767.0,0.51,2,745,2025-09-07,228861.1826625387,0.13685231500669578,32.7
PROP_0151,송파구,대치동,30py,84.56,23,311891.0,177877.0,0.57,5,465,2026-01-31,320544.3649425287,0.026995841727182446,62.7
PROP_0152,강남구,대치동,20py,60.87,29,197454.0,116055.0,0.59,5,444,2026-01-01,228861.1826625387,0.13723245810911208,81.8
PROP_0153,송파구,대치동,20py,63.23,2,228488.0,132360.0,0.58,5,593,2025-05-27,228861.1826625387,0.0016306070701773666,55.5
PROP_0154,송파구,도곡동,20py,60.83,35,222120.0,121420.0,0.55,2,547,2025-03-08,228861.1826625387,0.029455334382671287,30.4
PROP_0155,서초구,잠실동,30py,84.75,19,365787.0,202121.0,0.55,1,849,2025-10-10,320544.3649425287,-0.1411431302671097,15.8
PROP_0156,송파구,도곡동,20py,63.53,19,230218.0,118775.0,0.52,2,397,2025-12-28,228861.1826625387,-0.00592856036867541,20.9
PROP_0157,강남구,도곡동,30py,84.07,35,288686.0,147313.0,0.51,3,955,2025-11-16,320544.3649425287,0.09938831695962176,48.3
PROP_0158,서초구,개포동,40py,119.25,35,504307.0,262564.0,0.52,1,197,2025-06-24,480071.36778115504,-0.05048339443958048,27.5
PROP_0159,송파구,반포동,20py,62.95,21,245600.0,126916.0,0.52,3,1269,2025-04-03,228861.1826625387,-0.07313960866025541,39.4
PROP_0160,강남구,반포동,20py,62.84,14,255078.0,130837.0,0.51,1,559,2025-07-07,228861.1826625387,-0.11455335951889507,10.4
PROP_0161,서초구,개포동,30py,84.73,8,347152.0,203307.0,0.59,1,1198,2026-01-31,320544.3649425287,-0.08300765188070564,13.2
PROP_0162,서초구,대치동,40py,117.31,19,458012.0,252512.0,0.55,4,1307,2026-01-01,480071.36778115504,0.045950184205134706,48.1
PROP_0163,강남구,대치동,40py,115.67,17,537160.0,269974.0,0.5,4,1349,2025-10-12,480071.36778115504,-0.11891696953872354,46.6
PROP_0164,송파구,도곡동,40py,112.9,5,510347.0,280688.0,0.55,3,1156,2025-07-03,480071.36778115504,-0.06306485712483978,40.5
PROP_0165,서초구,개포동,30py,84.39,15,311111.0,172905.0,0.56,1,1166,2025-10-05,320544.3649425287,0.029429202239197212,16.9
PROP_0166,송파구,도곡동,30py,84.35,9,305705.0,171068.0,0.56,4,984,2025-12-12,320544.3649425287,0.04629426240323802,50.1
PROP_0167,서초구,대치동,40py,118.76,32,460063.0,244785.0,0.53,5,1248,2025-12-04,480071.36778115504,0.04167790275356734,64.9
PROP_0168,서초구,잠실동,30py,84.24,35,295914.0,170792.0,0.58,4,1145,2025-03-23,320544.3649425287,0.0768391762149516,52.4
PROP_0169,강남구,개포동,30py,84.81,17,356086.0,180117.0,0.51,2,525,2026-02-03,320544.3649425287,-0.11087898882216708,30.2
PROP_0170,송파구,개포동,30py,84.04,29,281442.0,146012.0,0.52,3,1018,2025-04-27,320544.3649425287,0.12198737279171788,45.2
PROP_0171,서초구,도곡동,40py,115.83,19,512387.0,273674.0,0.53,4,230,2025-07-09,480071.36778115504,-0.06731422531654987,43.2
PROP_0172,송파구,도곡동,30py,84.69,9,278754.0,151895.0,0.54,2,1248,2026-01-15,320544.3649425287,0.13037310747927647,32.3
PROP_0173,서초구,반포동,40py,114.79,31,492329.0,281245.0,0.57,2,897,2025-11-30,480071.36778115504,-0.025532937478647363,28.6
PROP_0174,강남구,대치동,30py,84.48,15,327755.0,191706.0,0.58,4,643,2025-11-01,320544.3649425287,-0.022494967455640967,50.2
PROP_0175,서초구,반포동,30py,84.5,10,352976.0,199760.0,0.57,2,1071,2025-05-05,320544.3649425287,-0.10117674370374923,24.3
PROP_0176,송파구,개포동,30py,84.42,23,328630.0,167645.0,0.51,1,926,2025-05-02,320544.3649425287,-0.025224698799247276,24.2
PROP_0177,송파구,잠실동,30py,84.23,12,343585.0,191183.0,0.56,4,1182,2025-10-31,320544.3649425287,-0.07187970707768425,53.5
PROP_0178,강남구,반포동,20py,59.49,23,208794.0,124362.0,0.6,3,1276,2025-05-05,228861.1826625387,0.08768277096657423,40.9
PROP_0179,송파구,반포동,40py,116.19,23,467129.0,278570.0,0.6,2,1442,2025-04-15,480071.36778115504,0.026959257830712666,32.6
PROP_0180,서초구,개포동,20py,64.52,15,258727.0,135444.0,0.52,1,737,2026-01-17,228861.1826625387,-0.13049752251564292,17.3
PROP_0181,송파구,도곡동,40py,115.04,24,543440.0,291896.0,0.54,1,432,2025-07-26,480071.36778115504,-0.1319983578935958,12.0
PROP_0182,서초구,잠실동,20py,64.73,35,200501.0,117799.0,0.59,2,694,2026-01-09,228861.1826625387,0.1239187106026471,36.7
PROP_0183,강남구,반포동,30py,84.08,22,292136.0,169734.0,0.58,3,666,2025-06-20,320544.3649425287,0.08862537623340261,41.8
PROP_0184,서초구,반포동,40py,110.83,32,412795.0,246910.0,0.6,3,1226,2026-02-04,480071.36778115504,0.14013826338383836,55.6
PROP_0185,서초구,개포동,30py,84.7,2,298407.0,152494.0,0.51,4,952,2025-05-31,320544.3649425287,0.0690617816553967,61.3
PROP_0186,강남구,개포동,40py,117.14,21,510027.0,271349.0,0.53,3,328,2025-05-23,480071.36778115504,-0.06239828956535585,35.7
PROP_0187,송파구,반포동,40py,114.86,6,464123.0,276323.0,0.6,3,992,2025-03-16,480071.36778115504,0.033220826842614896,39.3
PROP_0188,강남구,대치동,20py,61.77,27,236589.0,133050.0,0.56,3,236,2025-07-11,228861.1826625387,-0.03376639606401127,36.0
PROP_0189,서초구,대치동,40py,115.91,6,495359.0,286841.0,0.58,4,192,2025-12-15,480071.36778115504,-0.03184449905751089,56.6
PROP_0190,서초구,반포동,40py,111.61,32,426923.0,226826.0,0.53,2,383,2025-04-04,480071.36778115504,0.11070930563262256,33.5
PROP_0191,강남구,대치동,20py,59.62,30,227062.0,114265.0,0.5,3,717,2025-06-22,228861.1826625387,0.007861458381046765,40.0
PROP_0192,송파구,잠실동,30py,84.32,13,297774.0,149884.0,0.5,2,853,2026-02-05,320544.3649425287,0.07103654730168561,26.7
PROP_0193,서초구,반포동,30py,84.77,3,318390.0,178137.0,0.56,4,893,2025-12-20,320544.3649425287,0.006720957153356843,58.4
PROP_0194,강남구,잠실동,40py,117.19,5,525914.0,307375.0,0.58,2,652,2025-10-19,480071.36778115504,-0.09549128587010992,37.8
PROP_0195,서초구,도곡동,20py,59.97,10,220044.0,115834.0,0.53,2,710,2025-02-26,228861.1826625387,0.03852633530929462,33.4
PROP_0196,서초구,도곡동,40py,116.66,28,519743.0,269577.0,0.52,4,1074,2025-06-25,480071.36778115504,-0.08263694709018687,38.0
PROP_0197,송파구,잠실동,20py,61.38,10,242495.0,136732.0,0.56,1,923,2025-08-24,228861.1826625387,-0.05957243241884624,17.6
PROP_0198,강남구,잠실동,40py,114.39,6,549596.0,293581.0,0.53,4,440,2025-05-05,480071.36778115504,-0.14482145131916802,41.1
PROP_0199,서초구,반포동,30py,84.15,6,288098.0,152639.0,0.53,4,110,2025-10-08,320544.3649425287,0.10122269642252521,47.5
PROP_0200,송파구,대치동,30py,84.91,6,357336.0,209120.0,0.59,5,1018,2025-07-30,320544.3649425287,-0.11477860502731894,57.2
PROP_0201,서초구,대치동,30py,84.01,21,275021.0,160311.0,0.58,4,1037,2025-12-20,320544.3649425287,0.14201892131434202,62.3
PROP_0202,강남구,대치동,20py,59.43,31,211641.0,113312.0,0.54,4,345,2025-07-21,228861.1826625387,0.075242915649572,59.5
PROP_0203,송파구,도곡동,30py,84.42,8,358727.0,214748.0,0.6,2,545,2025-11-11,320544.3649425287,-0.11911809794041195,26.1
PROP_0204,강남구,도곡동,30py,84.25,4,300373.0,153257.0,0.51,4,895,2025-07-19,320544.3649425287,0.06292846528793383,60.3
PROP_0205,송파구,잠실동,20py,63.96,32,245194.0,130607.0,0.53,4,1402,2025-06-15,228861.1826625387,-0.07136560751564604,52.6
PROP_0206,강남구,도곡동,30py,84.45,30,272009.0,140774.0,0.52,2,1078,2025-11-09,320544.3649425287,0.15141543652227596,45.9
PROP_0207,송파구,개포동,40py,111.67,11,510874.0,259363.0,0.51,3,661,2025-09-11,480071.36778115504,-0.0641626105743649,34.2
PROP_0208,송파구,대치동,20py,61.29,12,209848.0,123979.0,0.59,3,1387,2025-06-10,228861.1826625387,0.08307735912810554,40.9
PROP_0209,송파구,반포동,40py,117.38,22,434597.0,251124.0,0.58,3,144,2026-01-20,480071.36778115504,0.0947241823467484,42.7
PROP_0210,송파구,개포동,40py,114.36,23,451739.0,239535.0,0.53,2,464,2025-06-21,480071.36778115504,0.05901699139464325,24.7
PROP_0211,강남구,도곡동,30py,84.07,35,277389.0,140440.0,0.51,1,1107,2025-10-25,320544.3649425287,0.1346314883753023,19.9
PROP_0212,송파구,개포동,20py,62.69,20,239729.0,121507.0,0.51,4,150,2026-01-31,228861.1826625387,-0.047486503438576425,45.8
PROP_0213,강남구,반포동,40py,114.01,19,476349.0,266026.0,0.56,4,1192,2025-08-20,480071.36778115504,0.0077537800230817345,40.9
PROP_0214,송파구,도곡동,20py,64.94,6,243605.0,144768.0,0.59,4,823,2025-07-22,228861.1826625387,-0.0644225340703645,53.3
PROP_0215,강남구,반포동,20py,63.67,7,221846.0,117125.0,0.53,2,110,2025-04-15,228861.1826625387,0.03065256668223525,26.2
PROP_0216,강남구,반포동,30py,84.28,12,282044.0,169033.0,0.6,4,1408,2026-02-15,320544.3649425287,0.12010931762731675,56.0
PROP_0217,서초구,잠실동,20py,59.33,9,262151.0,134153.0,0.51,2,854,2025-07-24,228861.1826625387,-0.1454585567992452,19.1
PROP_0218,강남구,잠실동,40py,112.16,14,492396.0,269587.0,0.55,3,204,2025-06-24,480071.36778115504,-0.025672500061414312,39.3
PROP_0219,서초구,도곡동,20py,60.02,28,261261.0,135017.0,0.52,2,212,2025-03-22,228861.1826625387,-0.14156973655613594,20.2
PROP_0220,서초구,개포동,40py,119.58,19,493403.0,273656.0,0.55,2,1041,2025-11-15,480071.36778115504,-0.027770104850165327,28.7
PROP_0221,서초구,개포동,30py,84.49,11,342259.0,179305.0,0.52,3,692,2025-05-09,320544.3649425287,-0.06774299420725916,39.4
PROP_0222,서초구,반포동,20py,64.38,4,235389.0,121301.0,0.52,4,529,2025-12-12,228861.1826625387,-0.028523042927234777,56.2
PROP_0223,송파구,도곡동,30py,84.19,18,301333.0,168585.0,0.56,2,1412,2025-11-12,320544.3649425287,0.0599335600423772,32.4
PROP_0224,서초구,잠실동,30py,84.66,5,362634.0,195197.0,0.54,1,451,2025-02-22,320544.3649425287,-0.13130673835123463,8.2
PROP_0225,강남구,잠실동,20py,64.48,9,213573.0,108698.0,0.51,1,745,2025-11-14,228861.1826625387,0.06680111709936185,24.2
PROP_0226,강남구,잠실동,20py,64.03,25,214724.0,121484.0,0.57,4,421,2025-10-03,228861.1826625387,0.06177186754900373,60.4
PROP_0227,송파구,잠실동,40py,116.22,8,525820.0,291918.0,0.56,1,499,2025-05-27,480071.36778115504,-0.09529548164951152,15.4
PROP_0228,서초구,잠실동,30py,84.78,6,288483.0,155741.0,0.54,4,483,2025-06-04,320544.3649425287,0.10002161463133843,60.3
PROP_0229,서초구,잠실동,30py,84.8,9,341528.0,177504.0,0.52,3,338,2025-05-29,320544.3649425287,-0.06546249865048634,35.2
PROP_0230,강남구,잠실동,40py,114.68,3,439127.0,222330.0,0.51,4,835,2025-12-09,480071.36778115504,0.08528808533280392,51.3
PROP_0231,강남구,잠실동,30py,84.14,7,366723.0,209714.0,0.57,2,1323,2025-08-13,320544.3649425287,-0.14406316288152743,27.1
PROP_0232,강남구,개포동,40py,114.06,3,453836.0,240440.0,0.53,4,473,2025-12-22,480071.36778115504,0.05464889085640008,54.3
PROP_0233,송파구,대치동,40py,110.34,2,475048.0,259808.0,0.55,3,512,2026-01-25,480071.36778115504,0.010463793757108616,44.9
PROP_0234,송파구,도곡동,40py,119.68,26,455315.0,270658.0,0.59,3,328,2025-08-15,480071.36778115504,0.05156809891741026,46.5
PROP_0235,송파구,대치동,20py,62.49,11,215391.0,109317.0,0.51,3,661,2025-07-20,228861.1826625387,0.058857437097145464,45.0
PROP_0236,송파구,도곡동,30py,84.36,18,313172.0,181799.0,0.58,2,571,2025-03-25,320544.3649425287,0.02299951504014281,28.3
PROP_0237,강남구,잠실동,20py,63.18,2,245600.0,132730.0,0.54,2,551,2025-08-27,228861.1826625387,-0.07313960866025541,33.2
PROP_0238,송파구,도곡동,20py,60.78,10,231160.0,122566.0,0.53,4,468,2025-03-24,228861.1826625387,-0.010044592581044957,56.6
PROP_0239,송파구,반포동,20py,61.78,8,195961.0,101260.0,0.52,3,865,2025-03-07,228861.1826625387,0.1437560633034515,45.6
PROP_0240,강남구,대치동,40py,111.72,7,424096.0,245308.0,0.58,3,1489,2025-11-13,480071.36778115504,0.11659801341593846,46.3
PROP_0241,송파구,반포동,30py,84.76,27,340260.0,200109.0,0.59,4,1166,2025-04-13,320544.3649425287,-0.06150672797198028,53.1
PROP_0242,송파구,도곡동,30py,84.63,20,295802.0,157042.0,0.53,1,623,2025-03-24,320544.3649425287,0.0771885818269332,21.7
PROP_0243,송파구,개포동,20py,63.78,3,199735.0,106175.0,0.53,4,374,2025-07-17,228861.1826625387,0.12726571768828943,58.8
PROP_0244,서초구,도곡동,30py,84.57,23,332126.0,184036.0,0.55,2,408,2026-01-03,320544.3649425287,-0.03613114540181603,29.1
PROP_0245,강남구,대치동,20py,61.31,17,199464.0,109179.0,0.55,4,1173,2025-10-14,228861.1826625387,0.12844984160501147,54.7
PROP_0246,강남구,개포동,30py,84.61,6,301757.0,171854.0,0.57,3,228,2025-11-09,320544.3649425287,0.058610810225589685,42.7
PROP_0247,강남구,잠실동,20py,59.54,24,228381.0,131604.0,0.58,2,1221,2025-11-04,228861.1826625387,0.002098139391539937,28.0
PROP_0248,서초구,반포동,30py,84.77,26,349456.0,188908.0,0.54,3,438,2025-08-26,320544.3649425287,-0.09019542447004156,30.2
PROP_0249,송파구,개포동,40py,118.41,23,438116.0,227403.0,0.52,1,1379,2025-10-30,480071.36778115504,0.08739402221604849,15.0
PROP_0250,서초구,대치동,30py,84.95,19,350673.0,181121.0,0.52,5,779,2025-07-21,320544.3649425287,-0.09399209080737742,52.5
PROP_0251,강남구,반포동,20py,64.21,18,262914.0,142823.0,0.54,3,881,2025-03-15,228861.1826625387,-0.14879245550204556,40.8
PROP_0252,서초구,잠실동,20py,59.06,5,246474.0,147601.0,0.6,3,496,2025-11-24,228861.1826625387,-0.07695851752820762,35.9
PROP_0253,송파구,잠실동,30py,84.26,14,319482.0,183285.0,0.57,2,1296,2025-09-13,320544.3649425287,0.0033142524365361694,35.5
PROP_0254,강남구,잠실동,20py,59.8,11,214774.0,115697.0,0.54,4,730,2025-06-27,228861.1826625387,0.06155339450163805,52.8
PROP_0255,서초구,잠실동,20py,60.03,27,232772.0,128477.0,0.55,4,1257,2025-12-10,228861.1826625387,-0.01708816362811471,60.5
PROP_0256,송파구,개포동,30py,84.49,30,298645.0,170886.0,0.57,2,725,2025-12-23,320544.3649425287,0.06831929472993578,24.2
PROP_0257,송파구,반포동,40py,117.0,21,541705.0,279946.0,0.52,2,325,2025-12-10,480071.36778115504,-0.12838431190701882,27.3
PROP_0258,송파구,대치동,30py,84.53,15,320594.0,178160.0,0.56,3,1193,2025-06-24,320544.3649425287,-0.00015484613956693425,43.2
PROP_0259,강남구,잠실동,20py,63.1,34,198210.0,107497.0,0.54,2,443,2025-07-13,228861.1826625387,0.1339291456329429,33.0
PROP_0260,송파구,개포동,40py,111.4,4,502146.0,268995.0,0.54,4,1175,2025-05-15,480071.36778115504,-0.04598198038944051,49.6
PROP_0261,송파구,반포동,30py,84.97,12,338657.0,200978.0,0.59,2,618,2025-07-27,320544.3649425287,-0.05650586015049352,30.5
PROP_0262,서초구,개포동,20py,60.81,13,249902.0,127042.0,0.51,3,272,2025-06-04,228861.1826625387,-0.09193702965559913,39.3
PROP_0263,송파구,잠실동,30py,84.69,6,296770.0,171091.0,0.58,2,999,2025-10-21,320544.3649425287,0.07416871903766359,36.8
PROP_0264,서초구,개포동,40py,117.21,28,512894.0,299318.0,0.58,1,492,2025-09-21,480071.36778115504,-0.06837031829360725,19.1
PROP_0265,강남구,반포동,20py,64.97,23,241493.0,143469.0,0.59,3,354,2025-05-28,228861.1826625387,-0.055194232549637866,40.6
PROP_0266,서초구,대치동,20py,63.65,17,258339.0,141946.0,0.55,5,1212,2025-11-10,228861.1826625387,-0.1288021716680852,52.0
PROP_0267,강남구,반포동,40py,114.72,11,499290.0,275947.0,0.55,3,1281,2025-12-04,480071.36778115504,-0.04003286492104638,35.3
PROP_0268,강남구,도곡동,30py,84.08,35,277639.0,152063.0,0.55,2,798,2025-04-04,320544.3649425287,0.13385156513427193,30.8
PROP_0269,서초구,반포동,40py,113.39,22,433285.0,238023.0,0.55,1,1463,2026-01-24,480071.36778115504,0.09745710934063254,20.1
PROP_0270,송파구,대치동,30py,84.91,35,342791.0,199507.0,0.58,3,1454,2025-12-11,320544.3649425287,-0.06940267086417179,38.9
PROP_0271,송파구,잠실동,20py,64.08,22,223505.0,123932.0,0.55,1,1446,2025-03-02,228861.1826625387,0.02340363097064175,21.0
PROP_0272,송파구,잠실동,40py,119.31,11,435875.0,231441.0,0.53,3,673,2025-04-09,480071.36778115504,0.09206207815605942,41.8
PROP_0273,송파구,대치동,40py,114.0,33,518892.0,296313.0,0.57,3,322,2025-12-15,480071.36778115504,-0.08086429398668428,30.7
PROP_0274,강남구,반포동,20py,60.09,10,235296.0,134032.0,0.57,2,666,2026-01-30,228861.1826625387,-0.0281166830591346,24.1
PROP_0275,서초구,도곡동,20py,59.51,4,244074.0,132114.0,0.54,1,169,2025-03-10,228861.1826625387,-0.06647181125465464,14.8
PROP_0276,강남구,잠실동,30py,84.26,4,316952.0,172994.0,0.55,4,660,2025-06-29,320544.3649425287,0.011207075635763555,60.2
PROP_0277,서초구,도곡동,40py,118.44,21,431062.0,242342.0,0.56,1,781,2025-07-06,480071.36778115504,0.10208767085542252,30.8
PROP_0278,서초구,반포동,30py,84.69,30,274314.0,140072.0,0.51,3,449,2025-05-17,320544.3649425287,0.1442245442399759,48.6
PROP_0279,송파구,잠실동,40py,113.06,24,422836.0,242257.0,0.57,2,570,2026-01-07,480071.36778115504,0.11922262318140646,35.8
PROP_0280,강남구,반포동,40py,114.85,9,469154.0,276863.0,0.59,3,1407,2025-03-23,480071.36778115504,0.02274113499335338,46.8
PROP_0281,송파구,개포동,30py,84.71,10,354786.0,181002.0,0.51,2,757,2025-08-31,320544.3649425287,-0.10682338796880914,34.4
PROP_0282,서초구,개포동,30py,84.17,10,338142.0,194246.0,0.57,1,1003,2025-10-12,320544.3649425287,-0.05489921827397095,23.1
PROP_0283,송파구,반포동,20py,63.85,28,224083.0,132111.0,0.59,4,240,2025-03-15,228861.1826625387,0.020878082543094405,56.9
PROP_0284,송파구,잠실동,40py,113.34,15,448254.0,229545.0,0.51,4,422,2025-08-10,480071.36778115504,0.066276328722148,53.3
PROP_0285,서초구,대치동,20py,64.67,4,213231.0,109787.0,0.51,4,786,2025-03-13,228861.1826625387,0.06829547274334315,47.3
PROP_0286,송파구,개포동,30py,84.85,2,352332.0,207981.0,0.59,3,959,2025-09-10,320544.3649425287,-0.09916766143485498,41.8
PROP_0287,서초구,잠실동,20py,60.2,13,253166.0,128945.0,0.51,1,618,2025-11-14,228861.1826625387,-0.1061989501876312,19.3
PROP_0288,강남구,잠실동,30py,84.36,10,308541.0,174133.0,0.56,2,1121,2025-02-27,320544.3649425287,0.03744681315698946,36.3
PROP_0289,서초구,잠실동,20py,63.91,26,239342.0,133976.0,0.56,1,129,2025-05-13,228861.1826625387,-0.045795522051966006,21.2
PROP_0290,송파구,대치동,20py,61.06,19,239002.0,119558.0,0.5,3,633,2025-08-24,228861.1826625387,-0.044309905329879336,35.5
PROP_0291,강남구,개포동,20py,60.54,15,221237.0,121667.0,0.55,4,514,2025-12-05,228861.1826625387,0.03331356839914932,50.6
PROP_0292,서초구,대치동,30py,84.46,21,284301.0,144736.0,0.51,3,629,2025-05-08,320544.3649425287,0.11306817060729453,46.2
PROP_0293,서초구,잠실동,20py,59.73,10,261460.0,133724.0,0.51,1,1395,2025-02-20,228861.1826625387,-0.1424392592846514,12.7
PROP_0294,강남구,개포동,40py,110.12,22,510460.0,272932.0,0.53,2,512,2025-08-15,480071.36778115504,-0.06330023879428255,22.7
PROP_0295,강남구,대치동,20py,61.38,9,218517.0,118689.0,0.54,4,823,2026-02-19,228861.1826625387,0.0451985021758427,45.9
PROP_0296,송파구,대치동,20py,63.51,14,240345.0,136516.0,0.57,5,1212,2025-08-12,228861.1826625387,-0.05017809138212169,54.7
PROP_0297,강남구,도곡동,30py,84.7,12,281723.0,146315.0,0.52,1,1109,2025-08-17,320544.3649425287,0.12111073906879974,31.2
PROP_0298,서초구,잠실동,30py,84.01,26,311167.0,167522.0,0.54,3,570,2025-04-12,320544.3649425287,0.02925449943320641,35.0
PROP_0299,강남구,잠실동,30py,84.97,8,297143.0,154993.0,0.52,1,552,2025-10-29,320544.3649425287,0.07300507356204627,29.7
PROP_0300,서초구,개포동,30py,84.51,25,286576.0,162436.0,0.57,4,1203,2026-01-23,320544.3649425287,0.10597086911391812,45.1
PROP_0301,강남구,잠실동,20py,63.19,34,199170.0,102691.0,0.52,4,1063,2025-08-14,228861.1826625387,0.1297344631235217,52.0
PROP_0302,서초구,대치동,40py,111.02,30,514168.0,264486.0,0.51,4,266,2025-02-24,480071.36778115504,-0.07102409038980266,48.8
PROP_0303,강남구,잠실동,20py,60.23,18,201754.0,107573.0,0.53,3,1221,2025-07-26,228861.1826625387,0.11844377603566299,46.7
PROP_0304,송파구,반포동,40py,119.74,34,531795.0,317624.0,0.6,2,822,2025-09-07,480071.36778115504,-0.10774154779925066,20.7
PROP_0305,서초구,반포동,40py,113.95,1,495309.0,283989.0,0.57,1,439,2025-08-18,480071.36778115504,-0.03174034787634152,21.8
PROP_0306,서초구,잠실동,20py,60.88,22,196616.0,109900.0,0.56,3,1257,2025-12-19,228861.1826625387,0.140894066382961,48.9
PROP_0307,강남구,반포동,30py,84.37,1,358186.0,186481.0,0.52,4,1346,2026-01-11,320544.3649425287,-0.11743034404682222,51.7
PROP_0308,송파구,도곡동,40py,119.22,8,536462.0,284952.0,0.53,3,288,2025-03-16,480071.36778115504,-0.11746301904959919,29.1
PROP_0309,송파구,개포동,40py,117.62,33,550371.0,276102.0,0.5,1,1101,2025-08-24,480071.36778115504,-0.1464357946272932,13.1
PROP_0310,송파구,대치동,30py,84.21,34,299743.0,176468.0,0.59,4,1160,2025-11-14,320544.3649425287,0.06489387185533038,47.1
PROP_0311,송파구,잠실동,30py,84.33,30,297584.0,165026.0,0.55,4,301,2025-10-25,320544.3649425287,0.0716292889648687,55.1
PROP_0312,송파구,잠실동,20py,64.3,17,255037.0,149967.0,0.59,1,853,2025-03-29,228861.1826625387,-0.1143742116200552,16.3
PROP_0313,송파구,대치동,30py,84.24,12,356339.0,201125.0,0.56,4,875,2026-02-01,320544.3649425287,-0.11166827114208981,50.4
PROP_0314,송파구,도곡동,40py,115.84,2,448537.0,231064.0,0.52,2,382,2025-05-12,480071.36778115504,0.0656868330367294,32.9
PROP_0315,강남구,개포동,40py,113.54,19,479739.0,250148.0,0.52,2,468,2025-10-25,480071.36778115504,0.0006923299397987783,33.5
PROP_0316,서초구,개포동,40py,111.09,10,427189.0,230465.0,0.54,4,1127,2025-12-29,480071.36778115504,0.11015522134880154,57.2
PROP_0317,송파구,개포동,20py,60.77,14,195651.0,113417.0,0.58,2,679,2025-04-26,228861.1826625387,0.14511059619711877,36.8
PROP_0318,송파구,반포동,30py,84.36,25,318418.0,161713.0,0.51,3,637,2025-05-08,320544.3649425287,0.006633605750361441,34.2
PROP_0319,송파구,반포동,30py,84.23,13,346895.0,202327.0,0.58,4,783,2025-09-25,320544.3649425287,-0.0822058907889264,47.8
PROP_0320,강남구,잠실동,40py,117.68,21,512954.0,292801.0,0.57,4,666,2025-05-24,480071.36778115504,-0.06849529971101048,45.5
PROP_0321,송파구,도곡동,40py,119.49,35,438117.0,257231.0,0.59,1,534,2025-12-24,480071.36778115504,0.08739193919242509,23.5
PROP_0322,송파구,개포동,40py,114.84,25,513987.0,299748.0,0.58,4,566,2025-04-04,480071.36778115504,-0.07064706311396957,42.7
PROP_0323,송파구,반포동,40py,113.32,12,414370.0,217169.0,0.52,4,404,2025-10-01,480071.36778115504,0.13685750117700338,61.7
PROP_0324,송파구,도곡동,40py,113.46,4,528750.0,292184.0,0.55,1,480,2025-03-08,480071.36778115504,-0.10139874086603631,18.6
PROP_0325,서초구,개포동,40py,112.43,24,503899.0,253887.0,0.5,4,905,2025-04-03,480071.36778115504,-0.04963352080123846,43.7
PROP_0326,서초구,잠실동,20py,61.79,10,211109.0,109111.0,0.52,3,263,2025-03-23,228861.1826625387,0.07756746887354292,40.9
PROP_0327,송파구,도곡동,20py,63.45,21,202443.0,105661.0,0.52,2,630,2026-01-14,228861.1826625387,0.11543321744296382,37.9
PROP_0328,강남구,도곡동,20py,63.71,6,217913.0,123413.0,0.57,2,1411,2025-06-02,228861.1826625387,0.0478376565880202,31.6
PROP_0329,송파구,대치동,20py,61.25,29,217206.0,115023.0,0.53,4,1344,2025-07-26,228861.1826625387,0.05092686547777102,67.5
PROP_0330,강남구,도곡동,40py,111.09,13,532948.0,303601.0,0.57,2,797,2025-10-14,480071.36778115504,-0.11014327403701621,23.4
PROP_0331,서초구,반포동,20py,60.47,15,244769.0,123116.0,0.5,4,1169,2025-08-04,228861.1826625387,-0.06950858661303769,47.8
PROP_0332,강남구,잠실동,20py,63.75,4,229546.0,126431.0,0.55,1,948,2025-04-10,228861.1826625387,-0.002992282612080574,25.1
PROP_0333,송파구,반포동,20py,60.46,11,209634.0,107919.0,0.51,4,779,2025-09-15,228861.1826625387,0.0840124237708307,54.3
PROP_0334,서초구,개포동,20py,64.89,7,207584.0,104036.0,0.5,1,1367,2025-12-03,228861.1826625387,0.09296981871282387,21.9
PROP_0335,강남구,반포동,30py,84.07,7,346432.0,179801.0,0.52,4,1376,2025-07-13,320544.3649425287,-0.08076147294653815,45.7
PROP_0336,서초구,반포동,20py,64.87,20,215431.0,128456.0,0.6,1,823,2025-11-26,228861.1826625387,0.058682658659252915,32.8
PROP_0337,서초구,반포동,20py,63.03,10,260920.0,147078.0,0.56,4,929,2025-12-31,228861.1826625387,-0.14007975037310197,39.8
PROP_0338,서초구,대치동,30py,84.11,24,331466.0,171800.0,0.52,4,529,2026-02-13,320544.3649425287,-0.03407214804549584,51.4
PROP_0339,강남구,반포동,40py,113.91,35,488987.0,282871.0,0.58,3,864,2025-08-12,480071.36778115504,-0.018571472529286998,41.5
PROP_0340,송파구,도곡동,40py,113.46,20,514818.0,292486.0,0.57,3,1465,2025-05-09,480071.36778115504,-0.07237805574500442,36.3
PROP_0341,서초구,반포동,20py,60.04,17,239347.0,122319.0,0.51,3,1295,2025-08-03,228861.1826625387,-0.045817369356702574,37.4
PROP_0342,서초구,잠실동,20py,64.51,22,259229.0,147727.0,0.57,1,195,2025-05-22,228861.1826625387,-0.13269099191119443,13.5
PROP_0343,서초구,대치동,30py,84.53,12,288527.0,154373.0,0.54,5,875,2025-10-14,320544.3649425287,0.09988434814091708,71.1
PROP_0344,서초구,도곡동,40py,110.41,13,491628.0,254232.0,0.52,3,196,2025-08-20,480071.36778115504,-0.024072737918652862,49.8
PROP_0345,송파구,대치동,30py,84.67,33,330036.0,173556.0,0.53,3,1237,2025-07-20,320544.3649425287,-0.0296109871068021,38.9
PROP_0346,송파구,반포동,40py,118.48,34,498356.0,253574.0,0.51,4,132,2025-12-08,480071.36778115504,-0.03808732085680264,41.3
PROP_0347,강남구,반포동,30py,84.82,12,348317.0,175703.0,0.5,2,406,2025-10-08,320544.3649425287,-0.08664209418390717,26.8
PROP_0348,서초구,개포동,30py,84.3,2,303912.0,172366.0,0.57,4,748,2025-07-08,320544.3649425287,0.05188787188790787,59.3
PROP_0349,서초구,대치동,30py,84.7,10,361678.0,210686.0,0.58,3,430,2025-06-16,320544.3649425287,-0.12832431187753449,37.3
PROP_0350,송파구,도곡동,40py,111.19,33,538904.0,309057.0,0.57,4,410,2025-10-14,480071.36778115504,-0.12254976273791099,43.5
PROP_0351,서초구,개포동,40py,116.24,7,529278.0,274997.0,0.52,3,1325,2026-01-20,480071.36778115504,-0.10249857733918481,45.4
PROP_0352,송파구,반포동,30py,84.15,6,364070.0,212247.0,0.58,2,468,2025-11-26,320544.3649425287,-0.1357866174477131,28.9
PROP_0353,서초구,개포동,40py,112.48,9,518532.0,304209.0,0.59,2,1481,2025-09-01,480071.36778115504,-0.08011440548226485,27.4
PROP_0354,송파구,도곡동,40py,112.81,8,511954.0,292589.0,0.57,2,760,2025-05-17,480071.36778115504,-0.06641227608762318,25.7
PROP_0355,강남구,잠실동,40py,114.93,31,549206.0,317628.0,0.58,4,933,2025-12-07,480071.36778115504,-0.144009072106047,40.1
PROP_0356,강남구,대치동,40py,114.72,18,503802.0,288484.0,0.57,3,232,2025-02-19,480071.36778115504,-0.049431467509769886,36.2
PROP_0357,강남구,반포동,30py,84.4,10,340959.0,181940.0,0.53,2,925,2025-02-26,320544.3649425287,-0.06368739335390121,32.0
PROP_0358,서초구,개포동,20py,60.44,20,218788.0,128444.0,0.59,4,649,2025-05-07,228861.1826625387,0.044014378259120676,53.8
PROP_0359,송파구,대치동,20py,61.71,35,260468.0,155339.0,0.6,5,547,2026-01-15,228861.1826625387,-0.13810475402491615,47.1
PROP_0360,강남구,대치동,20py,59.43,24,220133.0,119995.0,0.55,4,777,2025-10-07,228861.1826625387,0.03813745328498369,46.4
PROP_0361,강남구,도곡동,40py,115.8,19,515714.0,257860.0,0.5,1,1491,2025-09-22,480071.36778115504,-0.07424444491155943,6.4
PROP_0362,송파구,개포동,20py,59.37,28,212443.0,125723.0,0.59,3,1304,2025-09-30,228861.1826625387,0.07173860796982638,41.2
PROP_0363,송파구,대치동,40py,115.06,2,421354.0,234390.0,0.56,4,1258,2025-10-11,480071.36778115504,0.12230966419126645,62.3
PROP_0364,강남구,도곡동,30py,84.04,20,350394.0,177327.0,0.51,1,455,2025-08-20,320544.3649425287,-0.09312169647038752,16.7
PROP_0365,송파구,잠실동,30py,84.29,22,364835.0,192995.0,0.53,4,266,2025-03-21,320544.3649425287,-0.13817318256526603,42.9
PROP_0366,강남구,반포동,40py,112.29,15,543221.0,308149.0,0.57,4,631,2025-06-19,480071.36778115504,-0.13154217572007398,47.6
PROP_0367,송파구,반포동,30py,84.2,26,306889.0,169138.0,0.55,2,510,2025-08-12,320544.3649425287,0.04260054593371817,41.3
PROP_0368,송파구,반포동,40py,116.22,32,417413.0,228269.0,0.55,2,413,2025-03-19,480071.36778115504,0.13051886029103582,31.9
PROP_0369,강남구,잠실동,40py,114.1,11,425764.0,213142.0,0.5,3,481,2025-03-31,480071.36778115504,0.11312353001212844,43.4
PROP_0370,송파구,도곡동,30py,84.84,7,350291.0,175790.0,0.5,3,319,2025-05-03,320544.3649425287,-0.092800368095083,33.7
PROP_0371,강남구,대치동,30py,84.19,13,331447.0,168116.0,0.51,5,291,2025-07-10,320544.3649425287,-0.034012873879177535,61.6
PROP_0372,송파구,잠실동,40py,114.67,16,466070.0,277782.0,0.6,3,651,2026-02-17,480071.36778115504,0.029165179847879818,46.6
PROP_0373,송파구,반포동,20py,64.93,31,259206.0,140643.0,0.54,1,949,2026-01-14,228861.1826625387,-0.1325904943094062,17.6
PROP_0374,강남구,대치동,30py,84.05,10,290126.0,153789.0,0.53,3,1408,2025-08-20,320544.3649425287,0.09489595909128681,47.6
PROP_0375,강남구,대치동,40py,110.06,16,513740.0,261944.0,0.51,3,195,2025-12-29,480071.36778115504,-0.0701325562789929,29.0
PROP_0376,서초구,잠실동,30py,84.22,7,322166.0,166519.0,0.52,3,320,2025-08-24,320544.3649425287,-0.005059003479165926,30.9
PROP_0377,송파구,대치동,20py,59.53,31,244721.0,144997.0,0.59,5,548,2025-05-14,228861.1826625387,-0.06929885248756663,67.4
PROP_0378,강남구,개포동,30py,84.15,14,336355.0,184984.0,0.55,1,687,2025-08-18,320544.3649425287,-0.049324326947085835,19.8
PROP_0379,송파구,도곡동,20py,59.43,34,241032.0,125480.0,0.52,2,1169,2025-02-20,228861.1826625387,-0.05317991105292623,27.9
PROP_0380,송파구,개포동,40py,114.4,32,423709.0,221043.0,0.52,4,829,2025-06-29,480071.36778115504,0.11740414355818934,52.9
PROP_0381,서초구,잠실동,30py,84.46,11,285758.0,149061.0,0.52,1,110,2025-12-10,320544.3649425287,0.1085227779585695,19.4
PROP_0382,송파구,잠실동,40py,110.45,10,476295.0,271555.0,0.57,2,388,2025-09-06,480071.36778115504,0.007866263298744649,29.4
PROP_0383,강남구,대치동,30py,84.78,2,361418.0,189565.0,0.52,3,964,2026-02-15,320544.3649425287,-0.1275131917068629,38.3
PROP_0384,서초구,도곡동,30py,84.85,7,331464.0,182540.0,0.55,2,691,2025-06-12,320544.3649425287,-0.034065908659567594,38.8
PROP_0385,강남구,개포동,30py,84.64,11,322140.0,185005.0,0.57,2,869,2025-04-21,320544.3649425287,-0.004977891462098767,23.8
PROP_0386,서초구,대치동,30py,84.22,23,272410.0,152259.0,0.56,4,1214,2025-03-17,320544.3649425287,0.15016443964366324,70.9
PROP_0387,서초구,도곡동,30py,84.47,28,339089.0,181161.0,0.53,4,853,2025-04-23,320544.3649425287,-0.057853567510994006,58.0
PROP_0388,서초구,도곡동,40py,119.55,8,550384.0,285315.0,0.52,1,129,2025-07-09,480071.36778115504,-0.14646287393439722,11.4
PROP_0389,서초구,개포동,20py,64.37,26,196119.0,114763.0,0.59,3,1430,2025-07-05,228861.1826625387,0.14306568847377593,48.5
PROP_0390,강남구,대치동,40py,112.14,13,499324.0,285611.0,0.57,5,830,2026-02-16,480071.36778115504,-0.04010368772424155,61.6
PROP_0391,강남구,대치동,30py,84.5,14,328685.0,184441.0,0.56,3,1295,2025-09-25,320544.3649425287,-0.02539628191227396,30.6
PROP_0392,강남구,대치동,20py,60.96,3,240146.0,142171.0,0.59,5,656,2026-01-19,228861.1826625387,-0.049308568653606256,59.7
PROP_0393,송파구,도곡동,30py,84.38,23,285019.0,162314.0,0.57,1,279,2025-10-17,320544.3649425287,0.11082823105905529,27.8
PROP_0394,강남구,잠실동,20py,59.88,13,223432.0,125756.0,0.56,2,609,2025-05-12,228861.1826625387,0.023722601619795655,33.6
PROP_0395,송파구,개포동,30py,84.65,21,301222.0,180061.0,0.6,2,472,2025-07-20,320544.3649425287,0.06027984596139469,29.9
PROP_0396,서초구,대치동,40py,110.1,5,449747.0,239173.0,0.53,4,1318,2026-01-07,480071.36778115504,0.06316637445243076,59.9
PROP_0397,서초구,도곡동,20py,61.45,6,247498.0,136264.0,0.55,2,718,2025-03-15,228861.1826625387,-0.0814328455382569,32.8
PROP_0398,송파구,개포동,20py,60.63,24,233700.0,125163.0,0.54,2,905,2026-01-04,228861.1826625387,-0.021143023387221866,32.4
PROP_0399,서초구,도곡동,40py,115.83,19,520330.0,300620.0,0.58,1,1368,2025-07-30,480071.36778115504,-0.08385968195711523,19.6
PROP_0400,강남구,반포동,20py,63.6,19,198770.0,100155.0,0.5,3,669,2025-06-06,228861.1826625387,0.1314822475024472,42.4
PROP_0401,송파구,개포동,30py,84.41,2,281590.0,161183.0,0.57,4,393,2025-11-10,320544.3649425287,0.1215256582330279,51.5
PROP_0402,송파구,대치동,30py,84.88,33,294613.0,148653.0,0.5,4,459,2025-09-19,320544.3649425287,0.08089789676127365,49.6
PROP_0403,강남구,개포동,40py,117.37,9,516395.0,258276.0,0.5,3,110,2025-07-24,480071.36778115504,-0.07566298399908619,34.3
PROP_0404,강남구,도곡동,20py,61.44,11,210149.0,113952.0,0.54,2,1197,2025-08-07,228861.1826625387,0.08176215138296411,44.9
PROP_0405,송파구,대치동,20py,64.81,10,203120.0,110881.0,0.55,3,308,2026-01-27,228861.1826625387,0.11247509238163242,42.8
PROP_0406,강남구,도곡동,20py,64.89,14,215467.0,124975.0,0.58,2,1243,2025-10-11,228861.1826625387,0.05852535806514962,32.7
PROP_0407,강남구,도곡동,30py,84.63,5,274327.0,145763.0,0.53,4,1414,2025-11-07,320544.3649425287,0.14418398823144232,57.7
PROP_0408,강남구,대치동,20py,60.8,22,228067.0,125365.0,0.55,3,649,2025-07-29,228861.1826625387,0.0034701501289964524,31.4
PROP_0409,서초구,잠실동,30py,84.49,4,351096.0,208811.0,0.59,3,960,2026-02-08,320544.3649425287,-0.09531172093120081,33.5
PROP_0410,송파구,도곡동,40py,117.45,14,468929.0,262166.0,0.56,4,325,2025-05-15,480071.36778115504,0.02320981530861552,46.2
PROP_0411,서초구,도곡동,40py,118.0,14,444364.0,232452.0,0.52,3,1183,2025-03-15,480071.36778115504,0.07437929061712462,44.9
PROP_0412,강남구,개포동,30py,84.94,24,279872.0,155348.0,0.56,4,1089,2025-12-08,320544.3649425287,0.12688529074538862,48.2
PROP_0413,송파구,잠실동,20py,63.59,12,255765.0,153410.0,0.6,1,1148,2025-02-23,228861.1826625387,-0.11755517918969961,26.7
PROP_0414,강남구,잠실동,30py,84.42,34,285527.0,157579.0,0.55,2,1253,2025-07-08,320544.3649425287,0.10924342703328158,39.1
PROP_0415,강남구,반포동,40py,113.01,30,431542.0,235121.0,0.54,1,608,2025-06-27,480071.36778115504,0.10108781951619661,26.2
PROP_0416,송파구,잠실동,40py,117.83,23,529131.0,278625.0,0.53,2,1331,2025-06-19,480071.36778115504,-0.10219237286654688,24.5
PROP_0417,송파구,잠실동,20py,62.96,19,259853.0,140589.0,0.54,1,431,2025-09-14,228861.1826625387,-0.1354175355423182,11.4
PROP_0418,송파구,도곡동,30py,84.18,6,355756.0,183375.0,0.52,1,524,2025-06-27,320544.3649425287,-0.10984949014400698,16.5
PROP_0419,강남구,잠실동,20py,60.1,1,223844.0,132223.0,0.59,3,1124,2026-01-27,228861.1826625387,0.02192238370950239,42.6
PROP_0420,강남구,개포동,30py,84.58,16,289431.0,171039.0,0.59,2,479,2025-05-09,320544.3649425287,0.09706414570135125,41.3
PROP_0421,송파구,잠실동,30py,84.42,6,304876.0,153778.0,0.5,1,1463,2025-12-11,320544.3649425287,0.04888048787049474,17.1
PROP_0422,서초구,잠실동,30py,84.2,16,364011.0,202973.0,0.56,4,106,2025-02-25,320544.3649425287,-0.13560255556282994,41.7
PROP_0423,송파구,반포동,40py,118.06,19,481225.0,276051.0,0.57,3,1490,2025-11-26,480071.36778115504,-0.0024030431645547536,39.9
PROP_0424,강남구,개포동,30py,84.69,16,350730.0,186147.0,0.53,1,746,2026-02-12,320544.3649425287,-0.09416991330633234,12.0
PROP_0425,서초구,도곡동,20py,63.92,15,255998.0,138919.0,0.54,2,306,2025-11-17,228861.1826625387,-0.11857326359042372,19.7
PROP_0426,서초구,반포동,30py,84.47,33,349473.0,208097.0,0.6,2,1409,2025-05-07,320544.3649425287,-0.09024845925043162,27.3
PROP_0427,송파구,개포동,20py,63.07,23,212113.0,113720.0,0.54,1,348,2025-06-17,228861.1826625387,0.07318053008243992,20.6
PROP_0428,강남구,개포동,20py,61.7,29,243154.0,136278.0,0.56,3,1153,2025-10-19,228861.1826625387,-0.062451907183125994,38.8
PROP_0429,송파구,반포동,20py,62.71,10,262825.0,136889.0,0.52,1,1458,2026-01-06,228861.1826625387,-0.14840357347773464,17.3
PROP_0430,강남구,도곡동,40py,116.83,2,432379.0,236645.0,0.55,1,757,2025-03-12,480071.36778115504,0.09934432874342143,24.5
PROP_0431,서초구,잠실동,40py,111.95,35,439156.0,225323.0,0.51,1,297,2025-03-02,480071.36778115504,0.08522767764772568,21.7
PROP_0432,강남구,도곡동,20py,60.93,24,225861.0,121009.0,0.54,3,152,2026-01-07,228861.1826625387,0.013109180978770571,38.8
PROP_0433,서초구,대치동,30py,84.09,6,351915.0,196549.0,0.56,4,167,2025-07-19,320544.3649425287,-0.09786674946881631,47.4
PROP_0434,서초구,개포동,40py,111.1,27,422139.0,230670.0,0.55,4,321,2025-12-01,480071.36778115504,0.12067449064690741,65.8
PROP_0435,송파구,개포동,20py,64.85,12,245447.0,140301.0,0.57,4,1467,2025-09-08,228861.1826625387,-0.0724710811353164,43.5
PROP_0436,강남구,잠실동,40py,115.32,11,504606.0,291930.0,0.58,1,699,2025-05-21,480071.36778115504,-0.051106218502973276,13.6
PROP_0437,송파구,대치동,40py,119.35,14,526230.0,312150.0,0.59,5,714,2025-03-20,480071.36778115504,-0.09614952133510031,57.8
PROP_0438,송파구,대치동,40py,111.35,18,453237.0,241707.0,0.53,3,666,2025-05-07,480071.36778115504,0.055896622006809074,42.4
PROP_0439,서초구,반포동,30py,84.52,21,290962.0,156813.0,0.54,2,684,2025-03-09,320544.3649425287,0.09228789577328124,38.8
PROP_0440,서초구,개포동,20py,62.19,33,260734.0,137769.0,0.53,2,940,2025-08-24,228861.1826625387,-0.1392670306369016,19.4
PROP_0441,강남구,대치동,30py,84.17,5,343785.0,186600.0,0.54,4,498,2025-08-13,320544.3649425287,-0.07250364567050856,39.3
PROP_0442,서초구,잠실동,20py,63.32,11,208120.0,117668.0,0.57,3,719,2025-06-29,228861.1826625387,0.0906277876450637,38.6
PROP_0443,송파구,잠실동,20py,59.88,35,196678.0,110667.0,0.56,1,1234,2025-10-19,228861.1826625387,0.14062315980422754,33.2
PROP_0444,송파구,잠실동,40py,111.8,17,483263.0,274971.0,0.57,4,198,2025-05-19,480071.36778115504,-0.006648245309018076,53.0
PROP_0445,송파구,개포동,20py,60.76,2,199092.0,99792.0,0.5,1,582,2025-08-28,228861.1826625387,0.13007528107741217,28.9
PROP_0446,서초구,잠실동,30py,84.53,4,346998.0,180160.0,0.52,2,835,2025-08-08,320544.3649425287,-0.08252721916423092,26.0
PROP_0447,송파구,잠실동,30py,84.7,33,295986.0,170461.0,0.58,4,733,2025-09-07,320544.3649425287,0.07661455832153484,48.8
PROP_0448,강남구,반포동,30py,84.16,4,342464.0,180793.0,0.53,1,1444,2025-12-10,320544.3649425287,-0.06838253126490405,26.1
PROP_0449,서초구,잠실동,30py,84.66,27,288290.0,154913.0,0.54,3,1347,2025-07-04,320544.3649425287,0.10062371537341387,47.3
PROP_0450,강남구,대치동,40py,119.19,33,408478.0,217143.0,0.53,3,738,2025-07-30,480071.36778115504,0.14913067636600136,48.7
PROP_0451,강남구,개포동,40py,110.4,35,416103.0,241293.0,0.58,1,291,2025-11-13,480071.36778115504,0.13324762123767317,29.6
PROP_0452,서초구,도곡동,20py,61.33,19,202408.0,102920.0,0.51,2,1047,2025-06-01,228861.1826625387,0.1155861485761198,31.7
PROP_0453,송파구,대치동,40py,114.15,35,522095.0,268193.0,0.51,5,634,2025-08-22,480071.36778115504,-0.08753621865239382,64.3
PROP_0454,송파구,잠실동,40py,117.57,32,413091.0,221304.0,0.54,3,1375,2025-05-05,480071.36778115504,0.13952168839131573,44.3
PROP_0455,강남구,잠실동,30py,84.87,12,336691.0,182354.0,0.54,2,1213,2025-06-13,320544.3649425287,-0.05037254378303066,24.1
PROP_0456,서초구,대치동,30py,84.31,18,305503.0,175406.0,0.57,5,414,2025-06-02,320544.3649425287,0.04692444038199056,60.1
PROP_0457,강남구,잠실동,20py,60.72,6,197834.0,109868.0,0.56,1,970,2025-11-18,228861.1826625387,0.13557206294913285,31.3
PROP_0458,송파구,개포동,20py,62.56,26,239161.0,121788.0,0.51,2,849,2025-02-27,228861.1826625387,-0.04500464962050222,32.6
PROP_0459,강남구,도곡동,20py,59.56,21,201460.0,113847.0,0.57,1,650,2025-03-02,228861.1826625387,0.11972839755417322,23.4
PROP_0460,강남구,개포동,20py,64.13,15,221529.0,120115.0,0.54,3,111,2025-03-06,228861.1826625387,0.03203768580253371,46.0
PROP_0461,강남구,반포동,40py,110.37,20,453965.0,242209.0,0.53,3,702,2025-07-31,480071.36778115504,0.05438018080898312,50.7
PROP_0462,서초구,도곡동,20py,64.57,30,242179.0,132354.0,0.55,2,1122,2025-12-18,228861.1826625387,-0.05819168275949509,27.6
PROP_0463,송파구,개포동,40py,116.88,15,469539.0,278192.0,0.59,2,959,2026-01-21,480071.36778115504,0.021939170898349267,27.7
PROP_0464,강남구,도곡동,20py,59.66,15,217676.0,130350.0,0.6,1,1181,2026-02-02,228861.1826625387,0.04887321883253356,25.2
PROP_0465,서초구,잠실동,40py,116.7,9,504272.0,284071.0,0.56,2,226,2025-09-13,480071.36778115504,-0.05041048861276192,32.6
PROP_0466,강남구,반포동,30py,84.01,31,303755.0,165747.0,0.55,1,503,2025-04-25,320544.3649425287,0.05237766368327494,28.7
PROP_0467,송파구,도곡동,30py,84.11,16,287864.0,167963.0,0.58,2,890,2026-02-19,320544.3649425287,0.10195270457612964,29.8
PROP_0468,서초구,반포동,40py,116.28,7,445419.0,235882.0,0.53,1,897,2025-06-01,480071.36778115504,0.07218170069445101,13.8
PROP_0469,강남구,대치동,20py,63.19,4,250997.0,143143.0,0.57,5,1030,2025-06-21,228861.1826625387,-0.09672158939290769,53.7
PROP_0470,강남구,대치동,40py,118.17,34,504812.0,296643.0,0.59,3,380,2026-01-27,480071.36778115504,-0.05153532136939106,35.6
PROP_0471,서초구,잠실동,30py,84.4,18,340080.0,174333.0,0.51,1,1381,2025-06-18,320544.3649425287,-0.06094518323843841,25.2
PROP_0472,강남구,개포동,40py,111.44,33,495857.0,268990.0,0.54,1,877,2025-08-12,480071.36778115504,-0.032881844821957766,24.9
PROP_0473,서초구,도곡동,30py,84.46,17,310906.0,177847.0,0.57,2,216,2025-05-31,320544.3649425287,0.03006873929684212,29.0
PROP_0474,서초구,개포동,20py,62.43,23,203333.0,121165.0,0.6,4,1240,2025-10-01,228861.1826625387,0.11154439719985458,68.1
PROP_0475,서초구,개포동,30py,84.53,18,272516.0,146012.0,0.54,4,308,2026-01-01,320544.3649425287,0.14983375218946635,66.8
PROP_0476,송파구,잠실동,30py,84.79,2,336229.0,187383.0,0.56,2,1014,2025-03-13,320544.3649425287,-0.04893124563360653,39.4
PROP_0477,송파구,대치동,20py,62.58,35,200765.0,109442.0,0.55,4,810,2025-03-18,228861.1826625387,0.12276517291255627,59.5
PROP_0478,송파구,반포동,20py,61.46,16,256835.0,153382.0,0.6,4,246,2025-05-12,228861.1826625387,-0.12223050240332532,43.3
PROP_0479,서초구,도곡동,30py,84.21,30,356139.0,211721.0,0.59,2,1254,2025-03-08,320544.3649425287,-0.11104433254926552,27.4
PROP_0480,송파구,개포동,40py,118.86,18,465803.0,234804.0,0.5,3,436,2026-02-14,480071.36778115504,0.029721347155324228,48.8
PROP_0481,송파구,대치동,30py,84.68,30,343228.0,202461.0,0.59,5,376,2025-11-01,320544.3649425287,-0.07076597668949287,62.2
PROP_0482,강남구,개포동,40py,111.61,28,440081.0,249818.0,0.57,3,1244,2025-05-12,480071.36778115504,0.08330088079609244,53.5
PROP_0483,송파구,잠실동,40py,117.08,10,489735.0,248617.0,0.51,1,1436,2025-12-11,480071.36778115504,-0.0201295741995807,20.0
PROP_0484,송파구,개포동,40py,114.9,9,475181.0,244151.0,0.51,4,188,2025-11-18,480071.36778115504,0.010186751615198103,55.4
PROP_0485,서초구,잠실동,40py,114.63,32,442166.0,255210.0,0.58,2,1229,2025-08-20,480071.36778115504,0.0789577765413299,31.6
PROP_0486,서초구,개포동,40py,118.72,15,469202.0,270811.0,0.58,3,273,2025-07-13,480071.36778115504,0.022641149859430786,41.1
PROP_0487,강남구,잠실동,30py,84.11,12,274182.0,160342.0,0.58,1,758,2025-04-22,320544.3649425287,0.14463634371123996,31.1
PROP_0488,송파구,잠실동,20py,61.41,10,201530.0,112203.0,0.56,2,868,2025-06-27,228861.1826625387,0.11942253528786126,39.9
PROP_0489,강남구,개포동,40py,117.76,10,503603.0,262773.0,0.52,2,633,2025-09-02,480071.36778115504,-0.049016945808715816,32.4
PROP_0490,강남구,대치동,30py,84.35,1,348603.0,183788.0,0.53,4,399,2026-01-26,320544.3649425287,-0.08753432637164592,36.8
PROP_0491,강남구,잠실동,30py,84.15,17,303571.0,158055.0,0.52,4,1269,2025-11-26,320544.3649425287,0.052951687188673296,44.0
PROP_0492,서초구,대치동,20py,64.48,15,221297.0,119672.0,0.54,4,405,2026-02-07,228861.1826625387,0.0330514007423105,51.9
PROP_0493,서초구,대치동,30py,84.85,15,362497.0,195309.0,0.54,5,1248,2025-10-17,320544.3649425287,-0.13087934041514998,45.7
PROP_0494,강남구,도곡동,20py,63.8,33,226342.0,115696.0,0.51,3,468,2025-12-20,228861.1826625387,0.01100747026311266,35.3
PROP_0495,송파구,도곡동,40py,116.42,5,490736.0,289427.0,0.59,4,1179,2025-08-24,480071.36778115504,-0.02221468084659139,54.5
PROP_0496,송파구,도곡동,20py,63.34,30,209388.0,118921.0,0.57,1,996,2025-07-16,228861.1826625387,0.08508731116386987,30.3
PROP_0497,서초구,개포동,30py,84.96,28,304536.0,160586.0,0.53,2,493,2025-05-05,320544.3649425287,0.04994118347829605,32.9
PROP_0498,강남구,대치동,40py,112.22,3,540429.0,303046.0,0.56,4,791,2026-01-11,480071.36778115504,-0.12572637376357662,46.4
PROP_0499,송파구,잠실동,30py,84.44,17,366853.0,219313.0,0.6,3,1165,2025-06-22,320544.3649425287,-0.14446872296686322,42.9
PROP_0500,송파구,대치동,40py,116.17,14,535488.0,277600.0,0.52,5,279,2025-11-20,480071.36778115504,-0.11543415404041996,46.0
PROP_0501,강남구,도곡동,20py,59.94,23,227570.0,119125.0,0.52,3,902,2025-08-02,228861.1826625387,0.005641772219811383,41.9
PROP_0502,강남구,반포동,30py,84.52,35,326318.0,174357.0,0.53,2,252,2025-10-10,320544.3649425287,-0.018011968666198377,32.1
PROP_0503,송파구,대치동,40py,111.83,22,495121.0,273167.0,0.55,3,1111,2025-08-16,480071.36778115504,-0.03134873943514471,40.8
PROP_0504,송파구,대치동,20py,63.01,32,202978.0,108935.0,0.54,5,147,2025-03-25,228861.1826625387,0.11309555583615097,64.8
PROP_0505,강남구,도곡동,40py,116.06,19,441764.0,253963.0,0.57,2,454,2025-08-17,480071.36778115504,0.0797951520379316,40.2
PROP_0506,송파구,개포동,20py,61.7,5,196898.0,107667.0,0.55,3,106,2025-04-04,228861.1826625387,0.13966187839581853,39.4
PROP_0507,송파구,대치동,30py,84.0,29,302565.0,180819.0,0.6,5,1095,2025-10-27,320544.3649425287,0.05609009831057952,68.1
PROP_0508,송파구,개포동,30py,84.28,20,279681.0,167740.0,0.6,1,1129,2025-10-01,320544.3649425287,0.12748115210153585,35.8
PROP_0509,강남구,도곡동,20py,64.08,12,238034.0,136679.0,0.57,2,848,2025-11-11,228861.1826625387,-0.04008026713287963,26.2
PROP_0510,서초구,개포동,30py,84.92,24,308625.0,177752.0,0.58,1,988,2025-04-01,320544.3649425287,0.03718475894800325,25.2
PROP_0511,송파구,개포동,40py,118.51,30,421561.0,226331.0,0.54,2,550,2025-07-01,480071.36778115504,0.12187847830122528,32.4
PROP_0512,강남구,대치동,40py,116.11,25,493906.0,263258.0,0.53,4,520,2025-08-06,480071.36778115504,-0.02881786573272914,43.0
PROP_0513,강남구,대치동,20py,61.49,9,236554.0,123054.0,0.52,4,616,2025-09-16,228861.1826625387,-0.03361346493085529,44.3
PROP_0514,송파구,도곡동,20py,60.16,8,235253.0,136125.0,0.58,1,869,2025-05-07,228861.1826625387,-0.027928796238400107,16.6
PROP_0515,송파구,잠실동,20py,61.01,20,195701.0,110183.0,0.56,4,1500,2025-12-24,228861.1826625387,0.14489212314975308,54.3
PROP_0516,송파구,개포동,20py,64.76,26,247143.0,128248.0,0.52,1,913,2025-07-14,228861.1826625387,-0.07988168690196051,20.6
PROP_0517,강남구,도곡동,20py,62.91,34,263862.0,155920.0,0.59,1,1356,2025-04-15,228861.1826625387,-0.152934704480099,15.4
PROP_0518,송파구,반포동,40py,117.56,21,518460.0,268840.0,0.52,1,631,2025-11-07,480071.36778115504,-0.07996442778138096,13.7
PROP_0519,송파구,개포동,40py,111.74,19,545679.0,300625.0,0.55,2,1072,2025-12-10,480071.36778115504,-0.13666224778635996,26.5
PROP_0520,강남구,잠실동,30py,84.43,12,304219.0,152740.0,0.5,1,390,2025-11-30,320544.3649425287,0.05093012614792256,29.1
PROP_0521,강남구,개포동,30py,84.18,8,319965.0,184337.0,0.58,1,273,2026-01-24,320544.3649425287,0.0018074407348654868,21.7
PROP_0522,송파구,도곡동,40py,115.67,12,445195.0,261466.0,0.59,3,1401,2026-01-05,480071.36778115504,0.07264829798608977,52.0
PROP_0523,강남구,개포동,40py,119.77,19,449021.0,267950.0,0.6,1,1262,2025-05-11,480071.36778115504,0.06467864960300994,23.7
PROP_0524,서초구,도곡동,30py,84.06,28,310740.0,178707.0,0.58,3,600,2025-04-02,320544.3649425287,0.030586608328886288,34.3
PROP_0525,강남구,반포동,40py,117.9,30,428232.0,235206.0,0.55,1,965,2025-06-22,480071.36778115504,0.10798262770960858,26.4
PROP_0526,송파구,도곡동,20py,60.78,1,235616.0,126221.0,0.54,3,1252,2025-06-18,228861.1826625387,-0.029514910562274996,36.4
PROP_0527,서초구,개포동,20py,61.63,30,229792.0,116267.0,0.51,3,905,2025-05-28,228861.1826625387,-0.004067170005119755,39.2
PROP_0528,송파구,대치동,40py,116.4,27,480670.0,275689.0,0.57,3,1316,2025-06-28,480071.36778115504,-0.0012469650535748005,37.0
PROP_0529,서초구,도곡동,20py,64.81,30,251063.0,129329.0,0.52,4,231,2026-02-06,228861.1826625387,-0.09700997381543039,35.4
PROP_0530,송파구,대치동,40py,111.19,8,449552.0,245267.0,0.55,3,807,2025-12-02,480071.36778115504,0.06357256405899128,43.1
PROP_0531,송파구,도곡동,30py,84.84,16,295016.0,163003.0,0.55,4,1059,2025-08-26,320544.3649425287,0.0796406604967327,59.9
PROP_0532,서초구,대치동,20py,61.46,29,208996.0,107618.0,0.51,3,887,2026-02-03,228861.1826625387,0.08680013985521685,37.9
PROP_0533,송파구,대치동,40py,115.21,16,498794.0,292162.0,0.59,3,597,2025-11-02,480071.36778115504,-0.03899968520384627,35.7
PROP_0534,송파구,개포동,30py,84.42,30,300857.0,152211.0,0.51,1,328,2025-03-10,320544.3649425287,0.061418533893299036,31.6
PROP_0535,송파구,잠실동,30py,84.5,32,304966.0,164125.0,0.54,2,888,2025-10-23,320544.3649425287,0.04859971550372381,35.1
PROP_0536,강남구,잠실동,30py,84.02,10,314647.0,163100.0,0.52,4,397,2025-12-04,320544.3649425287,0.018397967918063602,47.5
PROP_0537,강남구,반포동,20py,63.85,24,246598.0,137384.0,0.56,4,471,2025-07-29,228861.1826625387,-0.07750033068567452,50.2
PROP_0538,송파구,도곡동,20py,62.28,22,260926.0,149795.0,0.57,3,1434,2026-01-10,228861.1826625387,-0.14010596713878584,39.6
PROP_0539,서초구,도곡동,20py,62.97,28,219392.0,111129.0,0.51,3,1220,2025-10-12,228861.1826625387,0.04137522384694318,43.2
PROP_0540,강남구,도곡동,40py,118.98,30,431811.0,255007.0,0.59,2,148,2025-08-25,480071.36778115504,0.10052748616150542,39.1
PROP_0541,서초구,개포동,30py,84.74,4,293804.0,150834.0,0.51,4,360,2025-05-31,320544.3649425287,0.08342172836924795,54.7
PROP_0542,서초구,도곡동,30py,84.23,6,318523.0,189790.0,0.6,1,1452,2025-05-07,320544.3649425287,0.006306037989128684,14.3
PROP_0543,송파구,대치동,40py,118.43,7,424271.0,226197.0,0.53,3,367,2025-08-10,480071.36778115504,0.11623348428184568,39.9
PROP_0544,송파구,도곡동,40py,118.69,16,537787.0,310335.0,0.58,4,478,2025-09-21,480071.36778115504,-0.12022302535058738,46.0
PROP_0545,송파구,도곡동,30py,84.35,14,318970.0,161241.0,0.51,4,914,2025-12-08,320544.3649425287,0.004911535234166375,51.9
PROP_0546,강남구,대치동,30py,84.62,27,352328.0,202395.0,0.57,5,342,2025-04-30,320544.3649425287,-0.0991551826629985,62.0
PROP_0547,서초구,잠실동,30py,84.9,13,292410.0,169224.0,0.58,3,1009,2025-02-20,320544.3649425287,0.08777058036123331,45.5
PROP_0548,송파구,대치동,40py,116.47,31,507279.0,256072.0,0.5,5,512,2026-01-26,480071.36778115504,-0.05667414064828754,68.1
PROP_0549,서초구,잠실동,30py,84.57,31,321553.0,171612.0,0.53,4,459,2025-03-19,320544.3649425287,-0.003146631692159449,51.0
PROP_0550,서초구,대치동,40py,111.12,23,478929.0,272005.0,0.57,3,546,2025-12-09,480071.36778115504,0.0023795790747424936,36.5
PROP_0551,송파구,도곡동,40py,119.77,3,521465.0,264808.0,0.51,1,1418,2026-02-09,480071.36778115504,-0.08622391376965982,2.1
PROP_0552,서초구,잠실동,40py,110.48,14,468902.0,243736.0,0.52,2,1331,2025-03-03,480071.36778115504,0.023266056946446977,31.5
PROP_0553,서초구,대치동,40py,113.98,11,442142.0,262738.0,0.59,5,1127,2025-06-28,480071.36778115504,0.0790077691082912,72.0
PROP_0554,송파구,잠실동,20py,60.15,14,196243.0,107896.0,0.55,1,368,2026-01-13,228861.1826625387,0.14252387531630903,26.4
PROP_0555,송파구,대치동,30py,84.54,22,315015.0,177211.0,0.56,5,286,2025-08-28,320544.3649425287,0.017249920907266892,64.8
PROP_0556,서초구,대치동,40py,110.31,27,433470.0,232843.0,0.54,5,290,2026-01-14,480071.36778115504,0.09707174997030589,65.4
PROP_0557,서초구,반포동,30py,84.44,10,298274.0,158694.0,0.53,1,1114,2025-10-24,320544.3649425287,0.06947670081962486,19.2
PROP_0558,서초구,도곡동,30py,84.79,27,312147.0,165519.0,0.53,2,1221,2025-09-09,320544.3649425287,0.026197200328367344,31.8
PROP_0559,서초구,개포동,40py,115.44,7,414310.0,234619.0,0.57,4,522,2026-01-06,480071.36778115504,0.1369824825944066,58.9
PROP_0560,강남구,대치동,30py,84.9,30,306989.0,163599.0,0.53,5,1380,2025-07-14,320544.3649425287,0.04228857663730602,62.6
PROP_0561,강남구,반포동,40py,117.25,20,456258.0,241757.0,0.53,4,936,2025-04-21,480071.36778115504,0.04960380764055603,55.5
PROP_0562,송파구,반포동,30py,84.12,32,275262.0,146188.0,0.53,2,461,2025-10-20,320544.3649425287,0.14126707530998872,35.6
PROP_0563,서초구,잠실동,40py,119.47,8,420644.0,218570.0,0.52,2,953,2025-03-24,480071.36778115504,0.12378861096387143,33.1
PROP_0564,송파구,잠실동,30py,84.92,2,325598.0,174751.0,0.54,1,513,2025-07-06,320544.3649425287,-0.0157657897320309,25.5
PROP_0565,강남구,대치동,40py,119.34,30,497434.0,256289.0,0.52,3,1434,2026-01-19,480071.36778115504,-0.03616677307603954,38.1
PROP_0566,강남구,대치동,30py,84.91,32,274559.0,149509.0,0.54,4,389,2025-09-09,320544.3649425287,0.14346021946376614,57.3
PROP_0567,송파구,반포동,20py,61.57,16,229443.0,117741.0,0.51,3,1146,2025-09-15,228861.1826625387,-0.0025422281345072587,34.1
PROP_0568,강남구,잠실동,20py,59.32,13,200433.0,107541.0,0.54,1,1050,2025-10-18,228861.1826625387,0.12421583394706444,28.3
PROP_0569,송파구,잠실동,40py,117.58,24,430739.0,255202.0,0.59,2,582,2025-03-18,480071.36778115504,0.10276048748577661,46.2
PROP_0570,서초구,대치동,40py,110.12,30,430973.0,228721.0,0.53,3,1012,2025-05-09,480071.36778115504,0.10227305995790398,45.4
PROP_0571,강남구,잠실동,30py,84.06,31,327702.0,164036.0,0.5,1,909,2025-05-06,320544.3649425287,-0.022329623728542528,14.9
PROP_0572,서초구,반포동,20py,60.25,16,196744.0,114601.0,0.58,2,1379,2025-10-19,228861.1826625387,0.14033477538170483,45.2
PROP_0573,서초구,개포동,30py,84.14,20,294049.0,159048.0,0.54,2,727,2025-10-06,320544.3649425287,0.08265740359303818,44.1
PROP_0574,서초구,도곡동,30py,84.55,6,338178.0,192425.0,0.57,2,960,2025-07-13,320544.3649425287,-0.05501152722067932,24.2
PROP_0575,송파구,대치동,40py,118.35,11,521355.0,266472.0,0.51,5,1471,2025-05-17,480071.36778115504,-0.0859947811710872,57.8
PROP_0576,서초구,반포동,20py,59.35,35,233959.0,123194.0,0.53,4,1366,2025-05-05,228861.1826625387,-0.022274713772576123,45.0
PROP_0577,강남구,대치동,20py,61.47,13,220411.0,128180.0,0.58,4,161,2025-08-17,228861.1826625387,0.03692274314163047,48.9
PROP_0578,송파구,개포동,40py,116.35,8,516091.0,271339.0,0.53,1,197,2025-08-21,480071.36778115504,-0.07502974481757645,9.3
PROP_0579,송파구,잠실동,30py,84.78,12,281805.0,147383.0,0.52,4,125,2026-01-09,320544.3649425287,0.12085492424574178,60.2
PROP_0580,강남구,반포동,30py,84.36,35,294416.0,158595.0,0.54,1,345,2025-03-26,320544.3649425287,0.0815124762752056,25.4
PROP_0581,강남구,개포동,20py,61.16,35,215765.0,110989.0,0.51,1,320,2025-10-08,228861.1826625387,0.057223258702850124,23.5
PROP_0582,송파구,잠실동,20py,61.59,1,237911.0,135944.0,0.57,1,1097,2026-01-26,228861.1826625387,-0.039542823436360036,13.9
PROP_0583,송파구,개포동,40py,117.93,34,448802.0,244805.0,0.55,2,405,2025-03-02,480071.36778115504,0.06513483177653176,34.5
PROP_0584,서초구,반포동,40py,111.98,26,493326.0,274797.0,0.56,2,433,2025-03-31,480071.36778115504,-0.027609712031164503,26.4
PROP_0585,송파구,잠실동,40py,118.57,29,479024.0,240936.0,0.5,2,865,2026-01-11,480071.36778115504,0.0021816918305207,29.7
PROP_0586,서초구,잠실동,30py,84.09,7,340337.0,170578.0,0.5,3,1496,2025-12-26,320544.3649425287,-0.061746944330217636,32.9
PROP_0587,서초구,잠실동,40py,118.82,20,463460.0,240458.0,0.52,1,1258,2025-10-17,480071.36778115504,0.03460187150492068,15.0
PROP_0588,강남구,반포동,30py,84.0,28,355981.0,179883.0,0.51,2,1213,2025-08-19,320544.3649425287,-0.11055142106093432,15.7
PROP_0589,강남구,대치동,40py,111.98,34,492110.0,261820.0,0.53,5,622,2025-08-04,480071.36778115504,-0.025076755305125542,47.4
PROP_0590,서초구,도곡동,20py,63.42,4,208349.0,110120.0,0.53,3,1061,2025-10-22,228861.1826625387,0.08962718108812885,47.3
PROP_0591,서초구,개포동,20py,62.85,5,248638.0,133230.0,0.54,1,1383,2025-11-19,228861.1826625387,-0.08641403101819456,21.4
PROP_0592,송파구,개포동,20py,62.08,4,207384.0,117543.0,0.57,2,384,2025-04-08,228861.1826625387,0.0938437109022866,39.4
PROP_0593,송파구,대치동,40py,114.72,1,488019.0,261017.0,0.53,3,1363,2025-11-12,480071.36778115504,-0.016555105661848087,43.2
PROP_0594,서초구,대치동,20py,64.25,10,211434.0,119114.0,0.56,4,912,2025-10-07,228861.1826625387,0.07614739406566595,63.5
PROP_0595,서초구,대치동,20py,64.27,7,241480.0,127934.0,0.53,3,1164,2025-04-17,228861.1826625387,-0.05513742955732279,38.1
PROP_0596,강남구,도곡동,20py,64.59,33,234970.0,131992.0,0.56,2,183,2025-07-21,228861.1826625387,-0.02669223879031032,27.8
PROP_0597,송파구,잠실동,20py,63.78,28,245028.0,124013.0,0.51,3,881,2025-08-11,228861.1826625387,-0.07064027699839195,32.5
PROP_0598,서초구,잠실동,30py,84.6,7,341935.0,171161.0,0.5,3,1070,2025-11-04,320544.3649425287,-0.06673221368688378,46.9
PROP_0599,서초구,잠실동,20py,63.4,26,215296.0,114140.0,0.53,2,508,2025-05-26,228861.1826625387,0.05927253588714027,36.8
PROP_0600,송파구,도곡동,30py,84.4,3,294225.0,152199.0,0.52,4,1086,2025-05-03,320544.3649425287,0.08210833763135279,59.1
PROP_0601,서초구,반포동,30py,84.33,24,352652.0,197194.0,0.56,2,724,2025-08-19,320544.3649425287,-0.10016596318337385,23.8
PROP_0602,서초구,도곡동,20py,60.15,27,212058.0,112031.0,0.53,3,372,2026-01-25,228861.1826625387,0.07342085043454218,38.9
PROP_0603,송파구,잠실동,20py,64.66,6,196242.0,112432.0,0.57,1,307,2025-04-05,228861.1826625387,0.14252824477725634,19.0
PROP_0604,서초구,개포동,40py,119.17,24,461519.0,263913.0,0.57,3,798,2025-09-19,480071.36778115504,0.038645020357915436,35.4
PROP_0605,송파구,개포동,30py,84.61,13,316429.0,162289.0,0.51,3,613,2026-02-18,320544.3649425287,0.012838675055999097,38.9
PROP_0606,강남구,잠실동,30py,84.95,8,339930.0,190216.0,0.56,1,882,2025-08-30,320544.3649425287,-0.060477229293820184,17.7
PROP_0607,서초구,반포동,40py,111.88,10,409587.0,228201.0,0.56,3,872,2025-05-19,480071.36778115504,0.14682060316766485,47.6
PROP_0608,송파구,대치동,30py,84.4,34,339022.0,176013.0,0.52,4,197,2025-04-03,320544.3649425287,-0.05764454808239786,46.7
PROP_0609,서초구,반포동,20py,59.79,27,249427.0,133611.0,0.54,1,453,2025-10-20,228861.1826625387,-0.0898615357056251,21.3
PROP_0610,서초구,도곡동,40py,117.62,7,503084.0,294469.0,0.59,3,328,2025-06-29,480071.36778115504,-0.0479358565481778,31.1
PROP_0611,송파구,대치동,20py,63.96,29,223180.0,124909.0,0.56,3,614,2025-08-28,228861.1826625387,0.024823705778518716,40.4
PROP_0612,송파구,대치동,20py,64.25,32,214421.0,125828.0,0.59,5,822,2025-04-01,228861.1826625387,0.0630958142160398,60.4
PROP_0613,강남구,개포동,20py,59.01,23,251860.0,145884.0,0.58,1,687,2025-05-15,228861.1826625387,-0.10049243419043945,16.2
PROP_0614,서초구,도곡동,40py,110.26,1,453647.0,247017.0,0.54,1,664,2026-01-31,480071.36778115504,0.05504258232122028,27.3
PROP_0615,강남구,반포동,40py,112.57,28,469813.0,235503.0,0.5,3,1133,2025-05-07,480071.36778115504,0.021368422425541145,41.4
PROP_0616,송파구,잠실동,40py,113.65,28,504025.0,284729.0,0.56,2,319,2025-09-05,480071.36778115504,-0.04989598177778526,20.4
PROP_0617,송파구,도곡동,30py,84.35,4,352851.0,184960.0,0.52,4,1427,2025-11-24,320544.3649425287,-0.10078678208323404,38.3
PROP_0618,강남구,반포동,30py,84.31,27,367577.0,211574.0,0.58,2,1295,2025-06-01,320544.3649425287,-0.14672738067288718,18.1
PROP_0619,송파구,반포동,30py,84.26,29,355708.0,205413.0,0.58,3,183,2025-12-04,320544.3649425287,-0.10969974488172915,32.4
PROP_0620,서초구,대치동,40py,114.39,17,415218.0,224854.0,0.54,3,1167,2025-03-07,480071.36778115504,0.13509109714437093,52.1
PROP_0621,강남구,개포동,20py,60.02,26,210894.0,107577.0,0.51,3,583,2025-03-24,228861.1826625387,0.07850690297721537,53.0
PROP_0622,강남구,도곡동,20py,64.87,32,229835.0,118471.0,0.52,4,758,2025-10-23,228861.1826625387,-0.004255056825854246,51.2
PROP_0623,강남구,반포동,40py,117.67,8,490540.0,260662.0,0.53,2,836,2025-07-18,480071.36778115504,-0.021806408216407478,29.2
PROP_0624,서초구,대치동,20py,64.83,2,199990.0,114541.0,0.57,3,173,2025-03-03,228861.1826625387,0.12615150514672444,51.1
PROP_0625,송파구,대치동,30py,84.18,27,306974.0,167939.0,0.55,3,1422,2025-11-18,320544.3649425287,0.04233537203176784,49.4
PROP_0626,강남구,도곡동,30py,84.46,1,290908.0,149142.0,0.51,3,204,2025-03-18,320544.3649425287,0.0924563591933438,40.6
PROP_0627,서초구,잠실동,20py,64.27,14,214387.0,122554.0,0.57,4,112,2025-04-26,228861.1826625387,0.06324437588824847,55.3
PROP_0628,서초구,개포동,20py,61.4,8,255341.0,141845.0,0.56,3,1072,2026-02-09,228861.1826625387,-0.11570252774803859,33.5
PROP_0629,강남구,잠실동,30py,84.84,21,277962.0,142051.0,0.51,4,219,2026-02-16,320544.3649425287,0.1328439043068607,57.9
PROP_0630,강남구,도곡동,40py,117.16,24,458196.0,258829.0,0.56,2,283,2026-02-18,480071.36778115504,0.04556690785843144,27.6
PROP_0631,강남구,도곡동,20py,64.56,33,235904.0,126326.0,0.54,3,1091,2025-11-04,228861.1826625387,-0.030773315315101357,33.5
PROP_0632,송파구,잠실동,20py,62.79,31,255440.0,151944.0,0.59,4,1230,2025-05-20,228861.1826625387,-0.11613510438182265,43.2
PROP_0633,송파구,잠실동,40py,112.53,24,447819.0,240930.0,0.54,4,134,2025-09-04,480071.36778115504,0.06718244399832148,61.9
PROP_0634,송파구,대치동,30py,84.8,27,314427.0,161476.0,0.51,3,812,2025-12-07,320544.3649425287,0.019084300370170334,42.4
PROP_0635,서초구,대치동,20py,59.98,8,237653.0,129193.0,0.54,3,1371,2025-08-27,228861.1826625387,-0.038415502511953095,45.6
PROP_0636,서초구,잠실동,20py,60.05,7,248767.0,147054.0,0.59,3,1305,2025-04-25,228861.1826625387,-0.08697769148039804,39.6
PROP_0637,강남구,잠실동,30py,84.79,23,293747.0,166326.0,0.57,3,515,2025-11-02,320544.3649425287,0.08359955086820288,49.4
PROP_0638,서초구,잠실동,20py,63.65,31,209385.0,123852.0,0.59,3,1160,2025-04-17,228861.1826625387,0.08510041954671181,42.2
PROP_0639,서초구,잠실동,20py,60.72,10,249053.0,135133.0,0.54,1,951,2025-07-02,228861.1826625387,-0.08822735731132977,15.1
PROP_0640,서초구,도곡동,40py,117.86,11,540219.0,323812.0,0.6,2,1342,2025-09-13,480071.36778115504,-0.12528893880266528,22.1
PROP_0641,강남구,반포동,30py,84.8,18,352956.0,186047.0,0.53,2,470,2025-06-22,320544.3649425287,-0.1011143498444668,29.0
PROP_0642,송파구,대치동,30py,84.47,34,318074.0,172765.0,0.54,4,1192,2025-11-09,320544.3649425287,0.007706780130019236,46.6
PROP_0643,서초구,도곡동,30py,84.48,4,363958.0,184280.0,0.51,1,998,2025-11-18,320544.3649425287,-0.13543721183573149,15.3
PROP_0644,송파구,도곡동,30py,84.26,28,306463.0,167449.0,0.55,1,518,2025-06-11,320544.3649425287,0.043929535136433925,23.4
PROP_0645,송파구,반포동,40py,111.09,8,422601.0,215783.0,0.51,1,448,2025-03-27,480071.36778115504,0.11971213373290249,33.3
PROP_0646,강남구,개포동,20py,63.63,18,243424.0,132037.0,0.54,2,1380,2025-10-21,228861.1826625387,-0.0636316616389007,28.1
PROP_0647,송파구,도곡동,40py,110.16,26,539236.0,305193.0,0.57,2,1347,2025-04-23,480071.36778115504,-0.12324132658087557,31.0
PROP_0648,서초구,대치동,20py,64.21,22,255529.0,145958.0,0.57,4,816,2025-10-16,228861.1826625387,-0.11652398640613357,49.1
PROP_0649,강남구,반포동,30py,84.39,10,358213.0,184032.0,0.51,3,1094,2025-08-31,320544.3649425287,-0.11751457575685349,31.0
PROP_0650,강남구,반포동,40py,119.83,30,415123.0,213230.0,0.51,4,904,2025-08-27,480071.36778115504,0.13528898438859274,49.6
PROP_0651,서초구,잠실동,30py,84.96,16,354671.0,203925.0,0.57,1,706,2025-03-11,320544.3649425287,-0.10646462327793516,22.1
PROP_0652,서초구,대치동,40py,119.79,11,533858.0,292744.0,0.55,4,752,2025-04-11,480071.36778115504,-0.11203882553429866,53.4
PROP_0653,송파구,대치동,40py,112.27,24,493509.0,285249.0,0.58,3,678,2026-01-11,480071.36778115504,-0.02799090535424438,40.2
PROP_0654,송파구,반포동,30py,84.94,3,351744.0,192083.0,0.55,3,1043,2025-10-21,320544.3649425287,-0.09733328197195154,38.6
PROP_0655,송파구,반포동,30py,84.79,12,312079.0,177854.0,0.57,2,904,2025-06-20,320544.3649425287,0.026409339449927606,32.1
PROP_0656,강남구,잠실동,20py,61.49,13,205868.0,119034.0,0.58,1,1183,2025-06-26,228861.1826625387,0.10046781369841425,25.3
PROP_0657,강남구,도곡동,20py,64.74,10,205307.0,107649.0,0.52,2,681,2025-10-24,228861.1826625387,0.10291908128985726,33.5
PROP_0658,강남구,대치동,40py,118.33,3,425685.0,251903.0,0.59,5,1017,2025-07-08,480071.36778115504,0.11328808887837603,66.1
PROP_0659,강남구,개포동,30py,84.95,29,315759.0,176403.0,0.56,1,1164,2025-04-18,320544.3649425287,0.014928869341960499,11.3
PROP_0660,강남구,개포동,40py,118.68,17,455699.0,253385.0,0.56,1,773,2025-12-12,480071.36778115504,0.050768217846029536,20.7
PROP_0661,송파구,대치동,20py,62.77,25,231070.0,137910.0,0.6,5,1334,2025-07-22,228861.1826625387,-0.00965134109578672,59.2
PROP_0662,송파구,반포동,20py,63.27,7,232731.0,130619.0,0.56,3,100,2025-05-20,228861.1826625387,-0.01690901572927485,42.4
PROP_0663,송파구,대치동,20py,61.19,13,212902.0,106964.0,0.5,4,434,2025-11-16,228861.1826625387,0.06973302539500938,42.7
PROP_0664,송파구,반포동,20py,62.58,35,243219.0,131986.0,0.54,2,1344,2026-02-19,228861.1826625387,-0.06273592214470139,21.7
PROP_0665,강남구,도곡동,30py,84.96,1,279253.0,161382.0,0.58,1,412,2025-09-03,320544.3649425287,0.12881638069017984,33.3
PROP_0666,서초구,도곡동,30py,84.92,2,332620.0,192351.0,0.58,3,1049,2025-04-10,320544.3649425287,-0.03767227372609205,50.4
PROP_0667,강남구,도곡동,40py,118.44,21,460700.0,231309.0,0.5,4,1432,2025-03-08,480071.36778115504,0.04035101670546964,54.9
PROP_0668,송파구,잠실동,30py,84.87,10,325183.0,191840.0,0.59,2,371,2025-07-26,320544.3649425287,-0.01447111715192048,24.5
PROP_0669,송파구,반포동,30py,84.87,19,341784.0,189006.0,0.55,2,1196,2025-12-10,320544.3649425287,-0.06626114004930143,32.9
PROP_0670,송파구,대치동,40py,111.54,16,527167.0,277186.0,0.53,4,134,2025-02-19,480071.36778115504,-0.09810131447021421,37.6
PROP_0671,강남구,반포동,20py,62.56,27,261827.0,133090.0,0.51,1,876,2025-04-15,228861.1826625387,-0.14404285145231552,3.9
PROP_0672,강남구,개포동,30py,84.08,4,320799.0,173413.0,0.54,3,229,2025-03-26,320544.3649425287,-0.000794383197211841,32.0
PROP_0673,송파구,도곡동,30py,84.18,20,302470.0,173783.0,0.57,3,1327,2026-01-21,320544.3649425287,0.05638646914217106,37.8
PROP_0674,송파구,반포동,30py,84.18,17,359015.0,183426.0,0.51,2,1098,2025-03-26,320544.3649425287,-0.12001656951407894,25.8
PROP_0675,서초구,도곡동,30py,84.5,32,278194.0,154282.0,0.55,3,1263,2025-06-07,320544.3649425287,0.1321201355391845,52.9
PROP_0676,송파구,개포동,40py,114.05,5,488216.0,273649.0,0.56,3,1332,2025-10-05,480071.36778115504,-0.01696546131565539,48.1
PROP_0677,송파구,개포동,30py,84.77,24,283095.0,155103.0,0.55,1,353,2025-05-19,320544.3649425287,0.11683052032202505,22.0
PROP_0678,강남구,개포동,30py,84.94,32,321572.0,179419.0,0.56,1,553,2026-01-31,320544.3649425287,-0.0032059058584777574,15.3
PROP_0679,송파구,도곡동,30py,84.3,34,351044.0,200046.0,0.57,1,452,2025-07-01,320544.3649425287,-0.09514949689706649,19.3
PROP_0680,강남구,대치동,30py,84.55,33,317173.0,175051.0,0.55,5,549,2026-02-19,320544.3649425287,0.010517623490692704,62.5
PROP_0681,서초구,잠실동,20py,61.2,23,231217.0,138706.0,0.6,2,844,2026-01-12,228861.1826625387,-0.01029365185504184,32.0
PROP_0682,송파구,반포동,20py,60.09,21,196548.0,105828.0,0.54,3,660,2025-05-03,228861.1826625387,0.14119118972737835,50.1
PROP_0683,강남구,반포동,20py,59.69,13,233123.0,121302.0,0.52,2,540,2025-09-09,228861.1826625387,-0.018621844420621834,33.4
PROP_0684,강남구,대치동,30py,84.85,32,332676.0,180017.0,0.54,5,558,2026-01-16,320544.3649425287,-0.03784697653208285,59.4
PROP_0685,송파구,대치동,30py,84.64,15,353287.0,211488.0,0.6,4,876,2025-12-10,320544.3649425287,-0.10214696821559101,46.2
PROP_0686,송파구,반포동,30py,84.95,7,327661.0,169288.0,0.52,2,1269,2025-10-06,320544.3649425287,-0.022201716317013547,24.4
PROP_0687,송파구,개포동,20py,59.38,1,256614.0,131566.0,0.51,2,113,2025-10-14,228861.1826625387,-0.12126485153396899,35.1
PROP_0688,서초구,개포동,40py,112.71,31,541128.0,320639.0,0.59,2,593,2025-10-23,480071.36778115504,-0.12718240727632435,16.5
PROP_0689,강남구,도곡동,20py,59.9,35,261671.0,138802.0,0.53,2,262,2025-12-20,228861.1826625387,-0.1433612155445346,16.8
PROP_0690,강남구,도곡동,20py,59.67,14,216900.0,121318.0,0.56,2,1092,2026-01-21,228861.1826625387,0.05226392052764903,29.2
PROP_0691,강남구,개포동,40py,111.67,35,537642.0,316958.0,0.59,2,1012,2025-03-08,480071.36778115504,-0.1199209869251962,24.9
PROP_0692,송파구,대치동,20py,63.7,34,225515.0,114503.0,0.51,3,1260,2025-10-24,228861.1826625387,0.014621014466541127,41.6
PROP_0693,강남구,잠실동,40py,113.05,29,415191.0,227125.0,0.55,3,228,2025-07-21,480071.36778115504,0.1351473387822024,51.8
PROP_0694,서초구,잠실동,40py,112.78,1,424309.0,221300.0,0.52,1,677,2025-09-03,480071.36778115504,0.11615432938415697,27.2
PROP_0695,송파구,잠실동,30py,84.04,6,354493.0,205822.0,0.58,2,239,2025-10-21,320544.3649425287,-0.10590931793032153,25.0
PROP_0696,강남구,개포동,30py,84.89,2,313552.0,164668.0,0.53,2,127,2025-10-08,320544.3649425287,0.021814031713776643,30.3
PROP_0697,서초구,잠실동,20py,60.21,14,240230.0,132261.0,0.55,1,1034,2025-02-19,228861.1826625387,-0.04967560337318061,22.6
PROP_0698,송파구,대치동,20py,60.66,23,228580.0,134928.0,0.59,5,545,2025-10-14,228861.1826625387,0.0012286166630245021,65.5
PROP_0699,송파구,잠실동,40py,117.59,4,437051.0,247146.0,0.57,1,1474,2025-02-19,480071.36778115504,0.08961244237495596,21.9
PROP_0700,강남구,잠실동,30py,84.12,9,332253.0,195866.0,0.59,4,1359,2025-09-16,320544.3649425287,-0.036527346408259456,53.2
PROP_0701,강남구,잠실동,40py,119.86,17,414678.0,215881.0,0.52,2,227,2025-04-19,480071.36778115504,0.1362159299010001,34.4
PROP_0702,서초구,반포동,30py,84.87,35,367327.0,194617.0,0.53,1,374,2025-10-18,320544.3649425287,-0.1459474574318568,12.7
PROP_0703,강남구,도곡동,30py,84.67,8,364658.0,202384.0,0.55,4,362,2025-07-08,320544.3649425287,-0.13762099691061655,35.7
PROP_0704,강남구,대치동,30py,84.28,22,301192.0,158516.0,0.53,5,1178,2025-08-04,320544.3649425287,0.06037343675031833,70.7
PROP_0705,송파구,잠실동,40py,118.7,3,539529.0,299808.0,0.56,2,939,2025-06-22,480071.36778115504,-0.12385165250252805,22.4
PROP_0706,서초구,도곡동,20py,61.22,24,213832.0,109936.0,0.51,4,397,2025-08-09,228861.1826625387,0.06566942671400759,69.4
PROP_0707,강남구,반포동,20py,62.18,28,258220.0,147694.0,0.57,4,949,2026-01-18,228861.1826625387,-0.12828220581535485,41.8
PROP_0708,서초구,잠실동,20py,64.22,2,245393.0,135889.0,0.55,1,457,2025-11-26,228861.1826625387,-0.07223513024416146,18.4
PROP_0709,서초구,도곡동,40py,116.04,29,488904.0,280156.0,0.57,2,321,2025-07-23,480071.36778115504,-0.01839858156854585,40.8
PROP_0710,송파구,개포동,40py,113.43,13,500956.0,272404.0,0.54,1,991,2025-05-23,480071.36778115504,-0.043503182277609624,14.5
PROP_0711,송파구,대치동,40py,117.05,33,518136.0,300887.0,0.58,4,766,2025-05-04,480071.36778115504,-0.07928952812740349,49.5
PROP_0712,송파구,도곡동,20py,59.46,22,213548.0,120764.0,0.57,4,1444,2025-06-16,228861.1826625387,0.06691035362304469,51.9
PROP_0713,송파구,반포동,30py,84.51,2,362960.0,201163.0,0.55,4,951,2025-08-17,320544.3649425287,-0.13232375825753823,53.5
PROP_0714,송파구,대치동,40py,110.94,10,422037.0,242598.0,0.57,3,1232,2025-06-23,480071.36778115504,0.12088695905649292,43.8
PROP_0715,서초구,개포동,20py,64.22,34,198801.0,102866.0,0.52,3,901,2025-04-10,228861.1826625387,0.13134679421308046,41.5
PROP_0716,강남구,반포동,20py,61.2,4,206789.0,116014.0,0.56,4,1425,2025-05-23,228861.1826625387,0.09644354016593829,55.0
PROP_0717,서초구,도곡동,20py,64.2,32,220017.0,130147.0,0.59,3,774,2025-09-26,228861.1826625387,0.03864431075487209,42.4
PROP_0718,서초구,반포동,40py,116.23,13,520440.0,269857.0,0.52,2,638,2025-12-05,480071.36778115504,-0.08408881455568783,21.9
PROP_0719,송파구,도곡동,30py,84.0,1,296565.0,151809.0,0.51,3,1021,2026-02-14,320544.3649425287,0.0748082560953085,34.2
PROP_0720,서초구,도곡동,40py,110.45,18,414456.0,244780.0,0.59,2,1031,2025-04-14,480071.36778115504,0.13667836114539206,39.1
PROP_0721,송파구,도곡동,40py,115.06,22,461422.0,252922.0,0.55,1,1323,2025-12-08,480071.36778115504,0.038847073649384,22.2
PROP_0722,송파구,잠실동,20py,64.93,21,218400.0,120322.0,0.55,1,1272,2026-02-04,228861.1826625387,0.045709729106678414,18.9
PROP_0723,강남구,대치동,40py,111.04,17,551790.0,312132.0,0.57,3,141,2025-05-08,480071.36778115504,-0.14939160514887978,31.0
PROP_0724,송파구,잠실동,40py,119.01,24,484040.0,245258.0,0.51,3,784,2025-03-06,480071.36778115504,-0.008266754664390011,42.4
PROP_0725,송파구,도곡동,30py,84.52,4,289975.0,166980.0,0.58,3,338,2025-11-27,320544.3649425287,0.09536703272886915,52.0
PROP_0726,송파구,잠실동,40py,118.9,8,517509.0,306529.0,0.59,4,572,2026-01-21,480071.36778115504,-0.07798347231553965,47.8
PROP_0727,강남구,대치동,40py,111.58,14,449719.0,258511.0,0.57,5,1209,2026-01-02,480071.36778115504,0.0632246991138856,67.1
PROP_0728,서초구,도곡동,20py,61.94,24,213983.0,122632.0,0.57,3,143,2025-12-20,228861.1826625387,0.06500963811096322,39.9
PROP_0729,강남구,개포동,40py,111.45,20,513015.0,307247.0,0.6,1,1470,2025-06-07,480071.36778115504,-0.06862236415203711,18.3
PROP_0730,송파구,잠실동,20py,62.37,2,220874.0,112653.0,0.51,2,702,2025-12-02,228861.1826625387,0.03489968272302421,33.9
PROP_0731,송파구,개포동,40py,110.19,8,544524.0,326490.0,0.6,4,489,2025-03-07,480071.36778115504,-0.13425635550134762,42.7
PROP_0732,송파구,반포동,40py,118.62,33,550690.0,285915.0,0.52,2,502,2025-09-06,480071.36778115504,-0.14710027916315374,22.0
PROP_0733,송파구,도곡동,20py,64.84,21,253105.0,133243.0,0.53,3,228,2025-07-24,228861.1826625387,-0.10593241306984506,36.8
PROP_0734,강남구,반포동,30py,84.43,2,311808.0,179108.0,0.57,1,373,2025-12-23,320544.3649425287,0.02725477624320453,23.3
PROP_0735,서초구,대치동,20py,63.2,23,196673.0,112263.0,0.57,4,1363,2025-03-27,228861.1826625387,0.1406450071089641,54.0
PROP_0736,송파구,잠실동,30py,84.26,10,340290.0,176361.0,0.52,4,585,2025-06-01,320544.3649425287,-0.061600318760903924,52.9
PROP_0737,강남구,반포동,40py,114.09,33,450732.0,240295.0,0.53,3,269,2026-01-18,480071.36778115504,0.061114596183394265,44.2
PROP_0738,서초구,반포동,30py,84.87,28,362100.0,188875.0,0.52,1,660,2026-01-13,320544.3649425287,-0.12964082230839374,12.4
PROP_0739,강남구,개포동,40py,116.83,25,511143.0,305429.0,0.6,1,776,2025-09-29,480071.36778115504,-0.06472294392905607,9.8
PROP_0740,서초구,개포동,20py,62.36,11,207956.0,106537.0,0.51,4,260,2025-12-01,228861.1826625387,0.09134437924042314,48.3
PROP_0741,강남구,잠실동,30py,84.45,24,285557.0,155117.0,0.54,4,1017,2025-10-27,320544.3649425287,0.10914983624435792,57.1
PROP_0742,강남구,반포동,30py,84.57,19,292710.0,166925.0,0.57,4,392,2025-08-27,320544.3649425287,0.08683467247199686,52.0
PROP_0743,강남구,잠실동,20py,63.95,3,255773.0,139503.0,0.55,2,1392,2025-03-27,228861.1826625387,-0.11759013487727812,36.1
PROP_0744,강남구,도곡동,40py,118.8,6,496596.0,277593.0,0.56,2,187,2025-08-26,480071.36778115504,-0.034421199279640984,29.6
PROP_0745,서초구,잠실동,40py,117.71,31,446037.0,250120.0,0.56,4,882,2025-05-17,480071.36778115504,0.07089439209519766,54.3
PROP_0746,송파구,개포동,30py,84.56,24,340316.0,181703.0,0.53,4,419,2026-01-22,320544.3649425287,-0.06168143077797108,37.7
PROP_0747,송파구,개포동,20py,63.19,19,206164.0,106353.0,0.52,4,1046,2025-08-14,228861.1826625387,0.09917445325800937,53.6
PROP_0748,강남구,잠실동,30py,84.58,19,272381.0,154018.0,0.57,2,488,2025-07-17,320544.3649425287,0.15025491073962277,44.5
PROP_0749,송파구,반포동,20py,59.53,14,207035.0,113088.0,0.55,1,551,2025-02-24,228861.1826625387,0.0953686527728991,16.2
PROP_0750,서초구,개포동,40py,116.22,10,419137.0,228264.0,0.54,3,725,2025-10-29,480071.36778115504,0.1269277275643161,41.2
PROP_0751,강남구,도곡동,30py,84.68,29,320632.0,186663.0,0.58,3,927,2025-08-21,320544.3649425287,-0.0002733944722035511,47.7
PROP_0752,송파구,개포동,40py,114.23,26,417931.0,249322.0,0.6,1,741,2026-01-02,480071.36778115504,0.12943985405412117,28.0
PROP_0753,서초구,대치동,30py,84.66,26,288250.0,167874.0,0.58,5,1331,2025-09-09,320544.3649425287,0.10074850309197873,55.0
PROP_0754,강남구,개포동,40py,110.6,16,419276.0,229540.0,0.55,3,1104,2025-10-17,480071.36778115504,0.12663818728066525,49.8
PROP_0755,강남구,개포동,40py,114.27,1,545666.0,310011.0,0.57,2,1180,2025-10-14,480071.36778115504,-0.13663516847925594,21.1
PROP_0756,송파구,반포동,30py,84.9,3,333572.0,176739.0,0.53,2,1067,2025-07-09,320544.3649425287,-0.040642221427935714,32.3
PROP_0757,송파구,반포동,20py,64.25,15,197695.0,111174.0,0.56,2,1099,2026-02-01,228861.1826625387,0.13617941802080946,32.4
PROP_0758,송파구,반포동,30py,84.75,8,316701.0,185312.0,0.59,4,1051,2025-12-27,320544.3649425287,0.01199011856975805,50.2
PROP_0759,송파구,잠실동,30py,84.99,30,346793.0,202160.0,0.58,4,968,2025-08-31,320544.3649425287,-0.08188768210658601,50.6
PROP_0760,서초구,도곡동,30py,84.94,33,306170.0,166163.0,0.54,4,692,2025-03-09,320544.3649425287,0.04484360517492152,55.5
PROP_0761,서초구,대치동,30py,84.87,19,341271.0,189188.0,0.55,3,365,2025-04-29,320544.3649425287,-0.0646607375587071,35.2
PROP_0762,강남구,개포동,40py,114.53,31,522070.0,294486.0,0.56,4,412,2025-04-03,480071.36778115504,-0.08748414306180913,49.4
PROP_0763,강남구,반포동,20py,60.51,15,236211.0,125236.0,0.53,1,669,2025-06-06,228861.1826625387,-0.03211473982592668,18.4
PROP_0764,서초구,잠실동,30py,84.79,29,318600.0,176905.0,0.56,1,291,2025-09-26,320544.3649425287,0.006065821630891329,16.5
PROP_0765,송파구,대치동,40py,115.31,2,440378.0,239380.0,0.54,3,376,2025-04-12,480071.36778115504,0.0826822227799464,38.4
PROP_0766,서초구,잠실동,20py,60.68,27,220664.0,121611.0,0.55,4,243,2025-10-25,228861.1826625387,0.0358172695219601,51.4
PROP_0767,서초구,대치동,40py,114.73,11,478998.0,270134.0,0.56,4,870,2025-03-12,480071.36778115504,0.0022358504447287696,51.1
PROP_0768,송파구,대치동,40py,115.91,34,436606.0,219710.0,0.5,3,1324,2026-02-13,480071.36778115504,0.0905393878873633,45.5
PROP_0769,송파구,도곡동,30py,84.16,13,332395.0,173657.0,0.52,1,1166,2025-09-07,320544.3649425287,-0.03697034280916471,25.0
PROP_0770,서초구,잠실동,20py,62.42,30,210968.0,115553.0,0.55,1,755,2025-05-18,228861.1826625387,0.07818356286711416,27.5
PROP_0771,서초구,대치동,40py,119.63,14,456322.0,268969.0,0.59,3,539,2025-09-04,480071.36778115504,0.04947049412865925,38.1
PROP_0772,송파구,개포동,20py,64.21,10,240207.0,132158.0,0.55,4,1320,2025-06-06,228861.1826625387,-0.049575105771392396,49.2
PROP_0773,강남구,개포동,30py,84.3,32,276074.0,157258.0,0.57,3,934,2025-11-30,320544.3649425287,0.13873388462312208,43.9
PROP_0774,송파구,잠실동,40py,115.41,25,485821.0,286215.0,0.59,2,1014,2025-11-05,480071.36778115504,-0.011976619737642797,30.4
PROP_0775,서초구,잠실동,40py,110.86,35,536616.0,283505.0,0.53,2,677,2025-04-16,480071.36778115504,-0.11778380468760084,22.0
PROP_0776,강남구,도곡동,20py,62.33,25,207194.0,115948.0,0.56,2,218,2025-06-27,228861.1826625387,0.09467390848227622,31.7
PROP_0777,송파구,잠실동,20py,60.59,9,221602.0,114601.0,0.52,3,307,2025-11-28,228861.1826625387,0.0317187151533798,44.1
PROP_0778,강남구,대치동,40py,110.45,12,422467.0,253157.0,0.6,4,672,2025-11-22,480071.36778115504,0.11999125889843638,53.2
PROP_0779,강남구,잠실동,30py,84.29,8,348950.0,206921.0,0.59,2,868,2025-12-31,320544.3649425287,-0.08861685983019608,16.0
PROP_0780,송파구,대치동,30py,84.75,29,292737.0,148682.0,0.51,5,386,2025-05-25,320544.3649425287,0.08675044076196559,52.8
PROP_0781,서초구,잠실동,30py,84.88,35,325200.0,165889.0,0.51,1,775,2025-03-01,320544.3649425287,-0.014524151932310546,18.3
PROP_0782,송파구,대치동,40py,111.68,30,496941.0,292684.0,0.59,3,141,2025-05-14,480071.36778115504,-0.035139842429709606,30.0
PROP_0783,강남구,도곡동,20py,64.38,15,242918.0,144600.0,0.6,2,1443,2025-09-23,228861.1826625387,-0.061420714399559956,30.1
PROP_0784,송파구,개포동,30py,84.81,19,340318.0,195195.0,0.57,3,1189,2025-09-01,320544.3649425287,-0.061687670163899325,39.5
PROP_0785,서초구,반포동,20py,61.65,5,258595.0,141171.0,0.55,1,1369,2025-09-01,228861.1826625387,-0.12992075367059752,6.7
PROP_0786,강남구,잠실동,20py,61.79,35,218596.0,114898.0,0.53,1,1218,2025-06-01,228861.1826625387,0.04485331476100492,17.1
PROP_0787,강남구,잠실동,40py,114.29,22,535225.0,310065.0,0.58,1,637,2025-07-16,480071.36778115504,-0.1148863188274691,5.5
PROP_0788,송파구,도곡동,20py,62.6,32,260613.0,152355.0,0.58,4,1055,2025-12-30,228861.1826625387,-0.13873832586227663,39.5
PROP_0789,송파구,대치동,40py,117.87,5,511498.0,296952.0,0.58,3,1462,2025-05-19,480071.36778115504,-0.06546241731535857,37.9
PROP_0790,서초구,반포동,20py,60.27,5,233247.0,126018.0,0.54,2,873,2025-09-02,228861.1826625387,-0.01916365757808874,31.2
PROP_0791,송파구,도곡동,40py,114.97,5,421366.0,246307.0,0.58,3,1261,2025-03-27,480071.36778115504,0.1222846679077858,51.7
PROP_0792,강남구,잠실동,30py,84.65,17,282180.0,144436.0,0.51,3,739,2025-07-25,320544.3649425287,0.11968503938419622,52.2
PROP_0793,송파구,개포동,20py,64.9,19,219064.0,119209.0,0.54,1,1258,2025-11-17,228861.1826625387,0.04280840703766209,27.6
PROP_0794,송파구,개포동,40py,119.31,23,419465.0,217229.0,0.52,3,333,2025-08-23,480071.36778115504,0.12624449581584507,40.7
PROP_0795,강남구,개포동,30py,84.87,2,323939.0,162918.0,0.5,3,1033,2025-10-21,320544.3649425287,-0.01059021910455334,36.3
PROP_0796,송파구,도곡동,30py,84.45,32,280250.0,162357.0,0.58,3,1027,2025-06-22,320544.3649425287,0.1257060468049507,48.1
PROP_0797,강남구,대치동,40py,112.2,23,525732.0,283452.0,0.54,4,560,2025-03-26,480071.36778115504,-0.09511217557065343,52.0
PROP_0798,송파구,도곡동,30py,84.16,18,299733.0,153158.0,0.51,1,645,2025-07-18,320544.3649425287,0.06492506878497159,24.1
PROP_0799,송파구,잠실동,20py,60.21,26,228638.0,115247.0,0.5,1,380,2025-07-12,228861.1826625387,0.000975187928080305,29.9
PROP_0800,서초구,대치동,40py,115.38,11,544349.0,312337.0,0.57,3,1469,2025-06-29,480071.36778115504,-0.13389182636725486,33.5
PROP_0801,강남구,잠실동,30py,84.42,21,356841.0,183912.0,0.52,4,1294,2025-12-06,320544.3649425287,-0.1132343570100788,51.8
PROP_0802,강남구,대치동,30py,84.07,24,325047.0,179289.0,0.55,5,296,2025-05-08,320544.3649425287,-0.014046838908799956,63.4
PROP_0803,서초구,반포동,40py,118.62,7,501054.0,260675.0,0.52,4,1015,2025-06-12,480071.36778115504,-0.04370731859270158,44.3
PROP_0804,송파구,개포동,40py,118.5,24,426178.0,235095.0,0.55,2,1343,2025-09-02,480071.36778115504,0.1122611582320461,41.7
PROP_0805,서초구,대치동,20py,59.57,24,208385.0,110080.0,0.53,4,1190,2025-07-17,228861.1826625387,0.08946988049402556,62.3
PROP_0806,송파구,잠실동,40py,119.3,13,548756.0,310470.0,0.57,1,289,2025-10-19,480071.36778115504,-0.1430717114755227,7.5
PROP_0807,송파구,개포동,40py,115.17,28,417062.0,232820.0,0.56,1,212,2025-10-15,480071.36778115504,0.13125000158284475,33.9
PROP_0808,서초구,개포동,20py,63.96,30,250163.0,130980.0,0.52,4,100,2025-04-12,228861.1826625387,-0.09307745896284803,39.3
PROP_0809,강남구,잠실동,20py,61.72,19,217055.0,114772.0,0.53,3,470,2025-10-23,228861.1826625387,0.0515866540808154,47.2
PROP_0810,강남구,대치동,30py,84.31,26,358654.0,192843.0,0.54,4,1032,2025-12-11,320544.3649425287,-0.11889036035403108,42.5
PROP_0811,송파구,잠실동,30py,84.31,24,325739.0,173637.0,0.53,4,310,2025-04-24,320544.3649425287,-0.01620566643997203,43.0
PROP_0812,서초구,잠실동,20py,63.51,29,242185.0,134221.0,0.55,3,1489,2025-06-03,228861.1826625387,-0.05821789952517898,44.3
PROP_0813,서초구,반포동,30py,84.6,35,342280.0,191240.0,0.56,3,294,2025-11-23,320544.3649425287,-0.0678085077595057,43.2
PROP_0814,송파구,잠실동,40py,119.77,26,492568.0,281363.0,0.57,4,1386,2025-04-05,480071.36778115504,-0.02603078012463693,53.0
PROP_0815,송파구,반포동,30py,84.74,25,341043.0,203140.0,0.6,3,631,2025-07-07,320544.3649425287,-0.06394944756288741,36.1
PROP_0816,서초구,잠실동,30py,84.68,32,361402.0,183371.0,0.51,2,414,2025-11-15,320544.3649425287,-0.12746327661943696,15.0
PROP_0817,서초구,반포동,30py,84.78,17,275759.0,150434.0,0.55,2,1345,2025-10-05,320544.3649425287,0.13971658790682034,42.1
PROP_0818,송파구,대치동,40py,111.93,1,466946.0,266488.0,0.57,5,271,2025-09-15,480071.36778115504,0.027340451153792543,67.1
PROP_0819,서초구,개포동,40py,112.87,34,490641.0,288382.0,0.59,2,728,2025-09-11,480071.36778115504,-0.022016793602369595,29.9
PROP_0820,송파구,도곡동,40py,115.01,32,517619.0,276098.0,0.53,3,397,2025-11-24,480071.36778115504,-0.07821260491411225,41.3
PROP_0821,서초구,반포동,30py,84.13,29,367795.0,195447.0,0.53,4,1215,2025-04-05,320544.3649425287,-0.14740747373906568,41.7
PROP_0822,서초구,개포동,40py,110.84,15,453907.0,230953.0,0.51,1,850,2025-03-26,480071.36778115504,0.05450099617913958,34.5
PROP_0823,강남구,개포동,20py,63.79,29,249834.0,140484.0,0.56,2,308,2025-12-27,228861.1826625387,-0.09163990631118181,26.9
PROP_0824,강남구,도곡동,40py,114.75,33,408169.0,215699.0,0.53,4,278,2025-12-01,480071.36778115504,0.14977433066562804,60.4
PROP_0825,강남구,개포동,40py,119.51,14,523569.0,268802.0,0.51,4,725,2025-09-04,480071.36778115504,-0.0906065954732667,50.0
PROP_0826,송파구,도곡동,30py,84.67,22,363327.0,206972.0,0.57,1,1444,2025-07-07,320544.3649425287,-0.13346868557537084,23.9
PROP_0827,송파구,도곡동,20py,59.1,2,235798.0,131356.0,0.56,2,175,2025-12-18,228861.1826625387,-0.030310152454686098,29.5
PROP_0828,강남구,대치동,20py,59.16,28,198992.0,115396.0,0.58,4,258,2026-01-12,228861.1826625387,0.13051222717214356,64.9
PROP_0829,강남구,잠실동,30py,84.08,26,319555.0,166737.0,0.52,2,103,2025-09-23,320544.3649425287,0.0030865148501553,34.4
PROP_0830,강남구,잠실동,20py,61.3,13,244567.0,130499.0,0.53,1,1488,2025-04-02,228861.1826625387,-0.06862595550168031,13.4
PROP_0831,강남구,개포동,30py,84.48,28,353643.0,205619.0,0.58,2,825,2025-07-12,320544.3649425287,-0.10325757891081826,35.3
PROP_0832,송파구,도곡동,30py,84.21,23,359208.0,214392.0,0.6,3,416,2025-11-23,320544.3649425287,-0.12061867025615439,28.8
PROP_0833,송파구,잠실동,30py,84.81,21,344936.0,185164.0,0.54,4,1166,2026-01-09,320544.3649425287,-0.07609441227221239,47.8
PROP_0834,강남구,반포동,20py,61.88,15,242923.0,144885.0,0.6,2,704,2025-11-12,228861.1826625387,-0.061442561704296524,38.4
PROP_0835,서초구,개포동,30py,84.85,6,297711.0,163436.0,0.55,2,871,2025-08-08,320544.3649425287,0.07123308795842526,30.6
PROP_0836,강남구,반포동,40py,117.53,12,490617.0,287737.0,0.59,1,682,2025-07-15,480071.36778115504,-0.021966801035408302,19.3
PROP_0837,서초구,잠실동,30py,84.34,28,289024.0,170127.0,0.59,1,890,2025-11-11,320544.3649425287,0.0983338607377487,28.1
PROP_0838,강남구,개포동,40py,115.37,16,485692.0,262336.0,0.54,1,848,2026-02-17,480071.36778115504,-0.011707909690225836,18.0
PROP_0839,강남구,개포동,30py,84.62,2,365184.0,184053.0,0.5,3,1037,2025-02-27,320544.3649425287,-0.13926195540974445,40.9
PROP_0840,강남구,도곡동,20py,62.85,29,256067.0,130058.0,0.51,4,1166,2025-12-22,228861.1826625387,-0.11887475639578837,41.0
PROP_0841,강남구,반포동,40py,111.55,29,535247.0,272937.0,0.51,3,1070,2025-12-11,480071.36778115504,-0.11493214534718361,29.0
PROP_0842,송파구,대치동,20py,60.41,33,205686.0,111108.0,0.54,3,1327,2025-12-25,228861.1826625387,0.10126305559082535,42.9
PROP_0843,송파구,개포동,20py,62.26,33,258359.0,142449.0,0.55,3,815,2025-12-15,228861.1826625387,-0.12888956088703146,41.2
PROP_0844,송파구,반포동,40py,116.37,30,476584.0,248611.0,0.52,3,783,2025-03-09,480071.36778115504,0.007264269471585719,30.6
PROP_0845,송파구,도곡동,40py,119.46,33,489543.0,278644.0,0.57,4,1240,2026-02-08,480071.36778115504,-0.01972963366389034,65.1
PROP_0846,송파구,도곡동,20py,64.29,11,221967.0,132827.0,0.6,1,681,2026-02-12,228861.1826625387,0.030123861907610287,22.3
PROP_0847,서초구,도곡동,30py,84.46,32,302614.0,157026.0,0.52,2,1391,2026-02-09,320544.3649425287,0.05593723335533757,33.3
PROP_0848,송파구,개포동,20py,63.62,21,227322.0,117472.0,0.52,1,1096,2025-07-23,228861.1826625387,0.006725398534745191,18.2
PROP_0849,송파구,개포동,40py,118.85,22,409840.0,216483.0,0.53,4,838,2026-02-02,480071.36778115504,0.14629359819094784,68.5
PROP_0850,강남구,도곡동,30py,84.26,6,363904.0,207087.0,0.57,1,194,2025-06-07,320544.3649425287,-0.13526874841566894,16.9
PROP_0851,서초구,도곡동,30py,84.9,1,336293.0,179581.0,0.53,3,153,2025-05-02,320544.3649425287,-0.049130905983310304,47.3
PROP_0852,송파구,반포동,20py,59.82,19,261615.0,145425.0,0.56,1,1350,2025-09-20,228861.1826625387,-0.143116525731485,10.6
PROP_0853,서초구,잠실동,20py,61.53,11,237606.0,131721.0,0.55,4,1094,2025-03-18,228861.1826625387,-0.03821013784742935,59.4
PROP_0854,서초구,잠실동,30py,84.21,31,344974.0,191614.0,0.56,3,1373,2025-04-10,320544.3649425287,-0.07621296060484901,31.7
PROP_0855,강남구,잠실동,40py,117.97,23,422250.0,242869.0,0.58,1,1182,2025-02-19,480071.36778115504,0.12044327502471143,24.8
PROP_0856,강남구,대치동,40py,115.43,1,507665.0,262697.0,0.52,5,1439,2025-12-31,480071.36778115504,-0.05747818776691504,55.8
PROP_0857,송파구,대치동,20py,61.74,31,250632.0,130535.0,0.52,4,716,2025-08-26,228861.1826625387,-0.09512673614713817,41.5
PROP_0858,송파구,잠실동,40py,118.35,20,456221.0,250037.0,0.55,3,654,2025-12-14,480071.36778115504,0.049680879514621364,39.5
PROP_0859,송파구,개포동,20py,61.41,3,254147.0,128583.0,0.51,1,725,2025-09-12,228861.1826625387,-0.11048539137694598,11.1
PROP_0860,강남구,대치동,20py,60.74,4,204195.0,106373.0,0.52,4,822,2025-08-15,228861.1826625387,0.10777792186327013,59.3
PROP_0861,강남구,도곡동,40py,111.07,31,469814.0,271890.0,0.58,4,947,2025-05-01,480071.36778115504,0.021366339401917758,45.6
PROP_0862,강남구,도곡동,40py,114.05,32,510254.0,277450.0,0.54,1,695,2025-06-21,480071.36778115504,-0.06287113592786477,16.5
PROP_0863,서초구,도곡동,20py,61.89,18,196179.0,115495.0,0.59,2,436,2025-04-30,228861.1826625387,0.14280352081693712,40.2
PROP_0864,서초구,도곡동,40py,115.54,27,441621.0,252801.0,0.57,3,481,2025-11-16,480071.36778115504,0.08009302441607598,42.2
PROP_0865,송파구,반포동,30py,84.15,17,364840.0,213590.0,0.59,1,934,2025-06-22,320544.3649425287,-0.13818878103008667,17.7
PROP_0866,송파구,대치동,20py,63.82,9,262236.0,137732.0,0.53,4,704,2025-06-09,228861.1826625387,-0.14582996097976686,46.6
PROP_0867,강남구,개포동,30py,84.78,23,326390.0,170274.0,0.52,4,734,2025-05-27,320544.3649425287,-0.018236586559615128,46.6
PROP_0868,서초구,대치동,30py,84.32,16,291715.0,173617.0,0.6,3,335,2025-09-15,320544.3649425287,0.08993876697129775,52.0
PROP_0869,송파구,대치동,30py,84.65,13,360046.0,204375.0,0.57,5,1178,2025-09-05,320544.3649425287,-0.1232329729600882,62.4
PROP_0870,강남구,개포동,20py,64.74,3,211895.0,118839.0,0.56,4,332,2026-01-19,228861.1826625387,0.07413307256895431,54.5
PROP_0871,서초구,개포동,20py,63.13,14,198832.0,118824.0,0.6,3,272,2025-09-22,228861.1826625387,0.13121134092371375,46.7
PROP_0872,서초구,대치동,20py,64.02,34,233476.0,121618.0,0.52,4,599,2025-05-03,228861.1826625387,-0.020164264135023587,52.7
PROP_0873,송파구,대치동,40py,115.47,5,438160.0,242120.0,0.55,3,1449,2026-01-25,480071.36778115504,0.08730236917661943,48.3
PROP_0874,송파구,개포동,30py,84.67,11,367142.0,196094.0,0.53,4,1026,2025-05-18,320544.3649425287,-0.14537031423349434,46.6
PROP_0875,서초구,잠실동,40py,110.7,25,461351.0,273132.0,0.59,1,891,2025-11-11,480071.36778115504,0.0389949683266445,17.7
PROP_0876,강남구,대치동,20py,61.67,20,209327.0,113826.0,0.54,4,894,2025-07-29,228861.1826625387,0.085353848281656,60.0
PROP_0877,송파구,개포동,40py,117.13,34,540048.0,304468.0,0.56,2,1024,2025-08-14,480071.36778115504,-0.12493274176306607,25.1
PROP_0878,송파구,반포동,40py,117.42,25,447990.0,235527.0,0.53,4,1387,2025-08-20,480071.36778115504,0.06682624695872225,58.5
PROP_0879,송파구,도곡동,30py,84.89,14,352548.0,205133.0,0.58,1,281,2025-07-08,320544.3649425287,-0.09984151511510522,5.4
PROP_0880,강남구,개포동,30py,84.55,6,358397.0,205998.0,0.57,2,575,2025-08-26,320544.3649425287,-0.11808859926225185,28.4
PROP_0881,송파구,반포동,30py,84.67,13,338403.0,172062.0,0.51,2,647,2025-08-25,320544.3649425287,-0.055713458137606656,35.0
PROP_0882,서초구,도곡동,20py,62.25,4,255007.0,133552.0,0.52,2,1139,2025-07-01,228861.1826625387,-0.1142431277916358,33.9
PROP_0883,강남구,반포동,40py,119.63,23,502155.0,268701.0,0.54,4,409,2025-02-27,480071.36778115504,-0.046000727602051,43.9
PROP_0884,서초구,반포동,20py,60.61,3,221985.0,123440.0,0.56,1,1280,2025-06-24,228861.1826625387,0.03004521161055864,21.1
PROP_0885,송파구,대치동,30py,84.86,7,276843.0,148805.0,0.54,3,181,2025-05-11,320544.3649425287,0.13633484073371263,43.5
PROP_0886,서초구,반포동,30py,84.89,11,301323.0,154186.0,0.51,2,1417,2025-12-18,320544.3649425287,0.05996475697201842,38.2
PROP_0887,강남구,잠실동,20py,63.32,2,246531.0,129869.0,0.53,1,1336,2025-07-15,228861.1826625387,-0.07720757680220451,12.0
PROP_0888,강남구,개포동,40py,117.08,2,467040.0,235174.0,0.5,1,1090,2026-01-31,480071.36778115504,0.027144646933194135,24.6
PROP_0889,서초구,잠실동,40py,112.69,23,541802.0,291785.0,0.54,1,685,2026-02-05,480071.36778115504,-0.1285863651984874,15.3
PROP_0890,강남구,대치동,40py,114.29,13,465981.0,252705.0,0.54,4,1107,2025-10-24,480071.36778115504,0.02935056895036129,52.7
PROP_0891,강남구,잠실동,40py,118.39,20,514981.0,284044.0,0.55,1,234,2025-06-30,480071.36778115504,-0.07271758859561654,10.7
PROP_0892,서초구,도곡동,40py,119.32,29,440532.0,236902.0,0.54,4,1458,2025-05-22,480071.36778115504,0.08236143714194476,58.6
PROP_0893,송파구,대치동,40py,111.62,6,531041.0,299090.0,0.56,4,992,2025-11-03,480071.36778115504,-0.10617094798721663,43.5
PROP_0894,서초구,대치동,40py,118.78,13,531180.0,274551.0,0.52,4,1115,2025-04-12,480071.36778115504,-0.10646048827086746,42.2
PROP_0895,송파구,도곡동,20py,64.93,5,199406.0,115828.0,0.58,4,162,2025-11-23,228861.1826625387,0.12870327033995566,54.4
PROP_0896,송파구,대치동,40py,114.11,19,498474.0,250652.0,0.5,5,1406,2025-07-12,480071.36778115504,-0.03833311764436234,56.9
PROP_0897,강남구,개포동,40py,115.92,26,479052.0,259883.0,0.54,4,126,2025-08-27,480071.36778115504,0.002123367169065855,51.5
PROP_0898,서초구,반포동,30py,84.49,34,297843.0,153976.0,0.52,1,421,2025-12-01,320544.3649425287,0.07082128848716122,24.3
PROP_0899,송파구,개포동,40py,114.41,21,445492.0,264595.0,0.59,4,426,2025-11-17,480071.36778115504,0.07202963996994373,57.9
PROP_0900,서초구,개포동,20py,64.62,6,232697.0,135092.0,0.58,3,291,2025-08-08,228861.1826625387,-0.01676045405706618,38.9
PROP_0901,강남구,반포동,20py,61.43,34,258298.0,153922.0,0.6,4,439,2025-07-23,228861.1826625387,-0.12862302376924534,50.5
PROP_0902,서초구,대치동,40py,110.51,5,509375.0,261396.0,0.51,4,848,2025-10-18,480071.36778115504,-0.061040158162907324,48.3
PROP_0903,서초구,개포동,30py,84.41,26,308746.0,180172.0,0.58,4,905,2026-01-03,320544.3649425287,0.03680727609934455,51.3
PROP_0904,서초구,개포동,30py,84.9,14,276270.0,153170.0,0.55,4,1071,2026-02-06,320544.3649425287,0.13812242480215425,52.8
PROP_0905,서초구,도곡동,30py,84.08,35,321767.0,190583.0,0.59,1,861,2025-07-13,320544.3649425287,-0.0038142459864814494,16.0
PROP_0906,송파구,반포동,20py,64.47,21,196940.0,106576.0,0.54,3,179,2025-06-11,228861.1826625387,0.13947836103603134,56.5
PROP_0907,강남구,반포동,40py,115.36,20,496668.0,297275.0,0.6,1,224,2025-12-04,480071.36778115504,-0.03457117698052487,11.6
PROP_0908,서초구,도곡동,30py,84.35,3,275497.0,137976.0,0.5,3,1416,2025-12-11,320544.3649425287,0.14053394746342018,49.1
PROP_0909,강남구,반포동,40py,113.06,30,435952.0,229425.0,0.53,1,679,2025-08-31,480071.36778115504,0.0919016853370586,35.0
PROP_0910,송파구,반포동,40py,116.71,16,427880.0,220106.0,0.51,3,395,2025-09-01,480071.36778115504,0.10871585202504092,36.1
PROP_0911,서초구,반포동,20py,64.89,11,232653.0,133812.0,0.58,3,1442,2025-10-26,228861.1826625387,-0.016568197775384375,34.2
PROP_0912,강남구,대치동,40py,114.23,29,465087.0,277830.0,0.6,4,426,2025-12-29,480071.36778115504,0.031212792069669537,51.3
PROP_0913,강남구,개포동,20py,62.82,9,225547.0,115694.0,0.51,3,544,2026-01-25,228861.1826625387,0.014481191716227085,39.2
PROP_0914,강남구,잠실동,20py,64.4,8,261423.0,135097.0,0.52,3,832,2025-10-02,228861.1826625387,-0.14227758922960076,29.4
PROP_0915,강남구,대치동,40py,118.97,3,541685.0,277071.0,0.51,4,1359,2025-12-14,480071.36778115504,-0.12834265143455106,44.0
PROP_0916,강남구,반포동,40py,111.24,2,433595.0,240179.0,0.55,4,1152,2025-12-08,480071.36778115504,0.09681137201738248,54.1
PROP_0917,송파구,대치동,30py,84.98,2,332149.0,170583.0,0.51,3,1286,2025-08-13,320544.3649425287,-0.036202898339990824,41.8
PROP_0918,강남구,잠실동,30py,84.05,11,340804.0,203563.0,0.6,4,197,2025-03-01,320544.3649425287,-0.06320384094446237,43.9
PROP_0919,서초구,도곡동,40py,116.85,1,497637.0,280589.0,0.56,2,445,2025-08-19,480071.36778115504,-0.036589626871587164,35.5
PROP_0920,서초구,도곡동,30py,84.54,21,362470.0,202726.0,0.56,2,179,2025-08-13,320544.3649425287,-0.1307951087051187,26.0
PROP_0921,강남구,잠실동,30py,84.17,31,297293.0,173369.0,0.58,1,842,2025-10-15,320544.3649425287,0.07253711961742805,21.8
PROP_0922,강남구,도곡동,40py,119.14,17,471279.0,276788.0,0.59,2,312,2025-11-22,480071.36778115504,0.01831470979365536,31.6
PROP_0923,송파구,도곡동,40py,112.89,32,457547.0,230386.0,0.5,4,418,2025-11-15,480071.36778115504,0.0469187901900098,64.4
PROP_0924,송파구,반포동,40py,110.67,30,475080.0,282305.0,0.59,4,1359,2025-05-14,480071.36778115504,0.010397137001160222,55.3
PROP_0925,강남구,반포동,40py,118.07,11,487152.0,282130.0,0.58,2,1233,2025-07-02,480071.36778115504,-0.014749124180371297,32.8
PROP_0926,서초구,대치동,20py,64.06,1,254148.0,142488.0,0.56,4,1498,2026-02-07,228861.1826625387,-0.11048976083789329,41.5
PROP_0927,서초구,대치동,40py,117.07,24,465294.0,275884.0,0.59,4,327,2025-07-15,480071.36778115504,0.030781606179628367,55.6
PROP_0928,강남구,도곡동,20py,60.41,24,226410.0,123110.0,0.54,2,1423,2025-07-22,228861.1826625387,0.010710346918695325,36.0
PROP_0929,강남구,잠실동,30py,84.02,23,300492.0,167247.0,0.56,3,579,2025-03-14,320544.3649425287,0.06255722182520339,45.6
PROP_0930,송파구,반포동,20py,64.97,21,253210.0,151367.0,0.6,2,578,2025-10-14,228861.1826625387,-0.10639120646931301,24.9
PROP_0931,송파구,대치동,20py,62.08,10,201521.0,113114.0,0.56,5,219,2025-05-29,228861.1826625387,0.11946186043638708,62.1
PROP_0932,서초구,도곡동,30py,84.43,30,308183.0,155270.0,0.5,4,628,2025-03-17,320544.3649425287,0.03856366323814495,47.9
PROP_0933,강남구,개포동,40py,112.63,23,414545.0,223259.0,0.54,3,356,2025-08-04,480071.36778115504,0.13649297204291058,46.3
PROP_0934,송파구,대치동,30py,84.25,16,310500.0,185585.0,0.6,4,1390,2025-06-03,320544.3649425287,0.03133533464027545,47.7
PROP_0935,서초구,도곡동,30py,84.6,20,287976.0,153014.0,0.53,4,501,2025-06-03,320544.3649425287,0.10160329896414803,54.0
PROP_0936,강남구,대치동,40py,111.91,19,478061.0,253046.0,0.53,4,697,2025-07-27,480071.36778115504,0.004187643579842673,46.3
PROP_0937,강남구,개포동,30py,84.15,34,356991.0,181331.0,0.51,2,513,2025-09-17,320544.3649425287,-0.11370231095469703,22.0
PROP_0938,강남구,반포동,40py,118.09,35,493079.0,281823.0,0.57,3,1461,2025-06-02,480071.36778115504,-0.02709520519618784,41.7
PROP_0939,서초구,잠실동,40py,114.83,25,484007.0,285828.0,0.59,2,1369,2025-06-13,480071.36778115504,-0.008198014884818229,28.0
PROP_0940,송파구,잠실동,30py,84.55,24,313873.0,165339.0,0.53,4,352,2025-03-06,320544.3649425287,0.02081261027229364,43.5
PROP_0941,송파구,반포동,20py,59.84,25,224045.0,122852.0,0.55,2,186,2025-07-02,228861.1826625387,0.02104412205909233,32.7
PROP_0942,송파구,도곡동,20py,60.1,22,229746.0,124461.0,0.54,4,1455,2026-02-02,228861.1826625387,-0.003866174801543323,55.6
PROP_0943,서초구,도곡동,20py,61.42,29,251877.0,147769.0,0.59,2,591,2025-07-29,228861.1826625387,-0.10056671502654378,24.0
PROP_0944,송파구,잠실동,20py,59.69,13,196178.0,117467.0,0.6,1,1372,2025-08-20,228861.1826625387,0.14280789027788443,29.3
PROP_0945,송파구,도곡동,30py,84.2,29,299257.0,163940.0,0.55,1,335,2025-03-09,320544.3649425287,0.06641004263589342,27.2
PROP_0946,송파구,반포동,40py,119.22,20,531498.0,316340.0,0.6,4,573,2025-07-06,480071.36778115504,-0.10712288978310462,46.7
PROP_0947,송파구,대치동,30py,84.58,34,334814.0,195422.0,0.58,3,409,2025-02-24,320544.3649425287,-0.04451688008937461,32.0
PROP_0948,서초구,개포동,40py,119.76,22,551295.0,292921.0,0.53,3,810,2025-05-03,480071.36778115504,-0.14836050845530305,32.4
PROP_0949,강남구,도곡동,40py,110.25,31,521376.0,303820.0,0.58,2,1293,2025-10-22,480071.36778115504,-0.08603852466717835,29.1
PROP_0950,서초구,도곡동,30py,84.41,23,363817.0,200136.0,0.55,4,1229,2025-11-09,320544.3649425287,-0.13499733512779036,41.7
PROP_0951,송파구,도곡동,20py,62.71,13,215990.0,114858.0,0.53,1,368,2025-09-23,228861.1826625387,0.05624012998970453,32.1
PROP_0952,강남구,개포동,40py,117.59,27,527961.0,278560.0,0.53,3,993,2025-07-21,480071.36778115504,-0.09975523522718373,33.6
PROP_0953,송파구,반포동,20py,60.39,10,255002.0,136920.0,0.54,3,908,2025-10-21,228861.1826625387,-0.11422128048689922,24.9
PROP_0954,서초구,도곡동,20py,59.41,11,249989.0,136819.0,0.55,1,910,2025-12-02,228861.1826625387,-0.09231717275801543,3.4
PROP_0955,송파구,반포동,20py,62.73,17,250796.0,137970.0,0.55,1,978,2025-03-19,228861.1826625387,-0.09584332774249762,21.5
PROP_0956,송파구,반포동,40py,110.16,9,502287.0,269550.0,0.54,4,1243,2025-09-07,480071.36778115504,-0.046275686720338126,42.3
PROP_0957,송파구,대치동,30py,84.35,5,276651.0,139687.0,0.5,3,351,2025-10-20,320544.3649425287,0.13693382178282398,44.5
PROP_0958,강남구,잠실동,40py,115.74,9,481801.0,246835.0,0.51,2,278,2025-05-30,480071.36778115504,-0.00360286477162584,30.7
PROP_0959,강남구,도곡동,20py,63.82,7,199794.0,118867.0,0.59,1,151,2025-09-23,228861.1826625387,0.12700791949239792,20.6
PROP_0960,서초구,잠실동,20py,64.54,10,210845.0,117612.0,0.56,1,848,2026-02-07,228861.1826625387,0.07872100656363375,27.3
PROP_0961,강남구,대치동,20py,63.36,25,202351.0,102906.0,0.51,5,909,2025-07-05,228861.1826625387,0.11583520785011668,57.9
PROP_0962,송파구,반포동,20py,60.41,14,249311.0,148410.0,0.6,2,103,2025-11-03,228861.1826625387,-0.08935467823573671,25.5
PROP_0963,강남구,반포동,30py,84.62,19,313303.0,163976.0,0.52,1,1472,2025-05-02,320544.3649425287,0.022590835261842895,31.2
PROP_0964,강남구,개포동,20py,62.85,18,203146.0,111589.0,0.55,4,1138,2025-07-26,228861.1826625387,0.11236148639700226,56.4
PROP_0965,송파구,개포동,40py,118.01,30,481209.0,261428.0,0.54,3,1129,2025-12-18,480071.36778115504,-0.0023697147865805565,41.1
PROP_0966,송파구,반포동,20py,60.43,28,212188.0,110203.0,0.52,4,1336,2025-06-17,228861.1826625387,0.07285282051139139,57.7
PROP_0967,송파구,반포동,20py,62.07,22,228606.0,122145.0,0.53,2,849,2025-12-01,228861.1826625387,0.0011150106783943449,35.2
PROP_0968,송파구,개포동,30py,84.71,16,338834.0,202029.0,0.6,2,434,2025-08-02,320544.3649425287,-0.05705804580514302,31.1
PROP_0969,서초구,반포동,20py,64.79,4,201956.0,108777.0,0.54,4,1467,2025-04-13,228861.1826625387,0.11756114492430561,53.3
PROP_0970,강남구,잠실동,30py,84.45,5,366539.0,203932.0,0.56,2,723,2025-11-19,320544.3649425287,-0.1434891393761291,20.8
PROP_0971,송파구,도곡동,30py,84.24,32,328540.0,170359.0,0.52,4,1214,2025-05-12,320544.3649425287,-0.02494392643247634,50.9
PROP_0972,송파구,도곡동,30py,84.52,27,362061.0,181864.0,0.5,1,861,2025-04-16,320544.3649425287,-0.129519154282793,10.4
PROP_0973,송파구,개포동,40py,113.92,6,469113.0,263828.0,0.56,1,903,2025-04-03,480071.36778115504,0.02282653896191226,25.9
PROP_0974,송파구,개포동,30py,84.37,5,316653.0,179738.0,0.57,3,871,2026-01-12,320544.3649425287,0.012139863832035882,43.7
PROP_0975,강남구,도곡동,40py,118.0,34,525160.0,304248.0,0.58,3,1007,2025-12-06,480071.36778115504,-0.0939206860580759,40.1
PROP_0976,강남구,잠실동,30py,84.88,29,280569.0,141786.0,0.51,4,708,2025-12-27,320544.3649425287,0.12471086474939595,59.8
PROP_0977,강남구,개포동,30py,84.78,1,344028.0,175004.0,0.51,1,1412,2025-06-11,320544.3649425287,-0.07326173106079008,17.8
PROP_0978,송파구,개포동,20py,62.95,22,221115.0,122083.0,0.55,2,347,2025-03-03,228861.1826625387,0.0338466426347216,26.9
PROP_0979,송파구,개포동,30py,84.41,29,324498.0,190229.0,0.59,4,1001,2025-10-19,320544.3649425287,-0.012334127471497255,51.7
PROP_0980,송파구,개포동,40py,114.38,20,410798.0,231153.0,0.56,2,266,2025-10-12,480071.36778115504,0.1442980615597428,37.4
PROP_0981,서초구,반포동,30py,84.84,15,313584.0,169159.0,0.54,1,1047,2025-11-08,320544.3649425287,0.021714201538924754,23.7
PROP_0982,강남구,잠실동,30py,84.96,23,293613.0,173474.0,0.59,2,278,2025-04-21,320544.3649425287,0.08401758972539515,35.8
PROP_0983,강남구,개포동,30py,84.86,34,344120.0,194137.0,0.56,3,783,2026-01-09,320544.3649425287,-0.07354874281348925,33.9
PROP_0984,송파구,개포동,30py,84.88,1,279832.0,155042.0,0.55,1,1272,2025-12-03,320544.3649425287,0.12701007846395349,32.6
PROP_0985,송파구,잠실동,40py,114.59,23,519247.0,309210.0,0.6,2,557,2025-04-02,480071.36778115504,-0.08160376737298677,19.6
PROP_0986,송파구,도곡동,20py,61.32,1,204144.0,121080.0,0.59,3,1244,2026-02-10,228861.1826625387,0.10800076437158314,46.5
PROP_0987,송파구,개포동,20py,59.71,35,209704.0,113789.0,0.54,3,472,2026-02-13,228861.1826625387,0.08370656150451873,47.8
PROP_0988,강남구,도곡동,20py,63.99,7,218760.0,111600.0,0.51,1,1040,2025-11-12,228861.1826625387,0.044136723165645465,26.8
PROP_0989,서초구,잠실동,20py,61.76,21,233545.0,117280.0,0.5,1,1436,2025-07-16,228861.1826625387,-0.020465756940388234,18.0
PROP_0990,서초구,개포동,20py,62.63,17,219821.0,131752.0,0.6,2,495,2025-04-20,228861.1826625387,0.03950072510054558,36.2
PROP_0991,강남구,잠실동,30py,84.52,33,325669.0,183334.0,0.56,4,1442,2025-05-28,320544.3649425287,-0.015987287932483527,54.1
PROP_0992,강남구,개포동,20py,64.86,28,221948.0,132747.0,0.6,1,1047,2025-11-16,228861.1826625387,0.03020688166560925,26.5
PROP_0993,강남구,잠실동,30py,84.49,28,330651.0,170646.0,0.52,2,130,2025-06-30,320544.3649425287,-0.03152959827973682,23.6
PROP_0994,강남구,도곡동,20py,59.83,7,258339.0,131978.0,0.51,2,1483,2025-03-02,228861.1826625387,-0.1288021716680852,22.7
PROP_0995,서초구,잠실동,20py,61.15,20,241442.0,137952.0,0.57,2,1109,2025-07-27,228861.1826625387,-0.05497139004132487,26.5
PROP_0996,서초구,반포동,30py,84.36,35,343605.0,205430.0,0.6,2,1372,2025-09-07,320544.3649425287,-0.07194210093696668,33.4
PROP_0997,송파구,도곡동,20py,62.06,8,262354.0,148410.0,0.57,4,475,2025-06-24,228861.1826625387,-0.14634555737154986,40.4
PROP_0998,강남구,개포동,30py,84.57,33,306364.0,165903.0,0.54,2,1195,2025-03-26,320544.3649425287,0.04423838473988195,32.0
PROP_0999,서초구,반포동,40py,111.99,5,423918.0,250278.0,0.59,1,124,2026-01-12,480071.36778115504,0.1169687916209014,31.2
